y_true,my_prob,xgb_prob,my_label,xgb_label
0.000000000000000000e+00,3.165046833526639902e-02,6.804501637816429138e-03,0.000000000000000000e+00,0.000000000000000000e+00
0.000000000000000000e+00,4.845974002908717826e-02,3.974155336618423462e-02,0.000000000000000000e+00,0.000000000000000000e+00
1.000000000000000000e+00,9.888132007029705184e-01,9.994202852249145508e-01,1.000000000000000000e+00,1.000000000000000000e+00
1.000000000000000000e+00,9.433847871602762947e-01,9.934197068214416504e-01,1.000000000000000000e+00,1.000000000000000000e+00
1.000000000000000000e+00,8.595150974753661410e-01,8.305223584175109863e-01,1.000000000000000000e+00,1.000000000000000000e+00
0.000000000000000000e+00,1.281374945912444954e-02,5.860474775545299053e-04,0.000000000000000000e+00,0.000000000000000000e+00
0.000000000000000000e+00,3.253867296474286658e-02,1.133926678448915482e-02,0.000000000000000000e+00,0.000000000000000000e+00
1.000000000000000000e+00,9.349365370637426897e-01,9.951990246772766113e-01,1.000000000000000000e+00,1.000000000000000000e+00
1.000000000000000000e+00,9.915617458988247312e-01,9.969965219497680664e-01,1.000000000000000000e+00,1.000000000000000000e+00
0.000000000000000000e+00,3.400703758174964536e-02,1.914316974580287933e-02,0.000000000000000000e+00,0.000000000000000000e+00
0.000000000000000000e+00,4.622408506334241829e-01,5.567007660865783691e-01,0.000000000000000000e+00,1.000000000000000000e+00
0.000000000000000000e+00,1.228021323711543829e-02,2.837380452547222376e-04,0.000000000000000000e+00,0.000000000000000000e+00
1.000000000000000000e+00,9.360785423919476544e-01,9.922526478767395020e-01,1.000000000000000000e+00,1.000000000000000000e+00
0.000000000000000000e+00,2.904268398880717195e-01,1.517604887485504150e-01,0.000000000000000000e+00,0.000000000000000000e+00
0.000000000000000000e+00,8.995302722547235952e-01,5.706555247306823730e-01,1.000000000000000000e+00,1.000000000000000000e+00
1.000000000000000000e+00,9.846498462040798039e-01,9.929152727127075195e-01,1.000000000000000000e+00,1.000000000000000000e+00
1.000000000000000000e+00,8.025732263064573324e-01,9.810669422149658203e-01,1.000000000000000000e+00,1.000000000000000000e+00
1.000000000000000000e+00,9.910742207945966165e-01,9.994225502014160156e-01,1.000000000000000000e+00,1.000000000000000000e+00
1.000000000000000000e+00,9.614723161776853599e-01,9.824917912483215332e-01,1.000000000000000000e+00,1.000000000000000000e+00
0.000000000000000000e+00,7.952950284848173124e-03,4.007739946246147156e-03,0.000000000000000000e+00,0.000000000000000000e+00
0.000000000000000000e+00,4.945597717610054622e-01,2.442355453968048096e-01,0.000000000000000000e+00,0.000000000000000000e+00
1.000000000000000000e+00,9.930148110278991247e-01,9.952753782272338867e-01,1.000000000000000000e+00,1.000000000000000000e+00
1.000000000000000000e+00,9.706160801989781595e-01,9.932270646095275879e-01,1.000000000000000000e+00,1.000000000000000000e+00
0.000000000000000000e+00,1.657615185716600562e-02,1.331243384629487991e-02,0.000000000000000000e+00,0.000000000000000000e+00
0.000000000000000000e+00,6.603556239636035850e-03,8.063602726906538010e-04,0.000000000000000000e+00,0.000000000000000000e+00
0.000000000000000000e+00,3.287393854886657696e-01,2.966273427009582520e-01,0.000000000000000000e+00,0.000000000000000000e+00
1.000000000000000000e+00,9.186619870584831204e-01,9.452978372573852539e-01,1.000000000000000000e+00,1.000000000000000000e+00
1.000000000000000000e+00,9.108336256677315168e-01,9.829756617546081543e-01,1.000000000000000000e+00,1.000000000000000000e+00
1.000000000000000000e+00,9.293883878726015846e-01,9.766014218330383301e-01,1.000000000000000000e+00,1.000000000000000000e+00
1.000000000000000000e+00,9.845356530907712900e-01,9.987246394157409668e-01,1.000000000000000000e+00,1.000000000000000000e+00
0.000000000000000000e+00,3.213561853706824872e-02,1.400564331561326981e-03,0.000000000000000000e+00,0.000000000000000000e+00
0.000000000000000000e+00,9.512713838987581563e-03,2.512227219995111227e-04,0.000000000000000000e+00,0.000000000000000000e+00
1.000000000000000000e+00,1.668286468889900176e-01,1.696942746639251709e-01,0.000000000000000000e+00,0.000000000000000000e+00
0.000000000000000000e+00,1.068411147338539091e-01,2.748353406786918640e-02,0.000000000000000000e+00,0.000000000000000000e+00
0.000000000000000000e+00,7.433055480293045136e-02,6.659512966871261597e-02,0.000000000000000000e+00,0.000000000000000000e+00
1.000000000000000000e+00,9.933161728562281967e-01,9.995189905166625977e-01,1.000000000000000000e+00,1.000000000000000000e+00
1.000000000000000000e+00,7.854412849631360605e-02,2.721578255295753479e-02,0.000000000000000000e+00,0.000000000000000000e+00
0.000000000000000000e+00,1.255863959255902051e-01,5.800677835941314697e-02,0.000000000000000000e+00,0.000000000000000000e+00
0.000000000000000000e+00,1.207316147972093273e-01,1.491469680331647396e-03,0.000000000000000000e+00,0.000000000000000000e+00
0.000000000000000000e+00,9.640667565086713520e-01,9.922960400581359863e-01,1.000000000000000000e+00,1.000000000000000000e+00
1.000000000000000000e+00,9.971187385548934135e-01,9.999926090240478516e-01,1.000000000000000000e+00,1.000000000000000000e+00
1.000000000000000000e+00,9.738846019661032694e-01,9.985436201095581055e-01,1.000000000000000000e+00,1.000000000000000000e+00
0.000000000000000000e+00,2.999420957823651160e-02,8.707012981176376343e-03,0.000000000000000000e+00,0.000000000000000000e+00
0.000000000000000000e+00,1.854287469026120183e-01,2.653517127037048340e-01,0.000000000000000000e+00,0.000000000000000000e+00
1.000000000000000000e+00,9.723254123881319710e-01,9.953977465629577637e-01,1.000000000000000000e+00,1.000000000000000000e+00
0.000000000000000000e+00,2.054487148186113776e-01,1.746176630258560181e-01,0.000000000000000000e+00,0.000000000000000000e+00
1.000000000000000000e+00,9.477781931940264526e-01,9.808940887451171875e-01,1.000000000000000000e+00,1.000000000000000000e+00
0.000000000000000000e+00,2.319514752366685570e-02,8.887202129699289799e-04,0.000000000000000000e+00,0.000000000000000000e+00
1.000000000000000000e+00,9.885941750550805152e-01,9.989165067672729492e-01,1.000000000000000000e+00,1.000000000000000000e+00
1.000000000000000000e+00,8.964589702877440169e-01,9.767436981201171875e-01,1.000000000000000000e+00,1.000000000000000000e+00
1.000000000000000000e+00,9.293916280477589886e-01,9.508345127105712891e-01,1.000000000000000000e+00,1.000000000000000000e+00
0.000000000000000000e+00,7.967658587787966873e-01,6.429558992385864258e-01,1.000000000000000000e+00,1.000000000000000000e+00
0.000000000000000000e+00,9.046366950317874522e-02,9.924881160259246826e-03,0.000000000000000000e+00,0.000000000000000000e+00
0.000000000000000000e+00,7.140816761193126416e-02,1.731445640325546265e-02,0.000000000000000000e+00,0.000000000000000000e+00
1.000000000000000000e+00,8.162110563666439278e-01,9.857239127159118652e-01,1.000000000000000000e+00,1.000000000000000000e+00
1.000000000000000000e+00,7.546374750969218059e-01,7.642909884452819824e-01,1.000000000000000000e+00,1.000000000000000000e+00
1.000000000000000000e+00,9.977261286351637448e-01,9.998000264167785645e-01,1.000000000000000000e+00,1.000000000000000000e+00
0.000000000000000000e+00,2.582013945694731222e-02,7.652846397832036018e-04,0.000000000000000000e+00,0.000000000000000000e+00
1.000000000000000000e+00,8.280685145367063793e-01,5.871849656105041504e-01,1.000000000000000000e+00,1.000000000000000000e+00
0.000000000000000000e+00,6.903311692767179208e-02,7.948252558708190918e-02,0.000000000000000000e+00,0.000000000000000000e+00
0.000000000000000000e+00,2.024519350413350391e-02,3.467650851234793663e-03,0.000000000000000000e+00,0.000000000000000000e+00
0.000000000000000000e+00,4.847175537510309967e-02,2.317064628005027771e-02,0.000000000000000000e+00,0.000000000000000000e+00
1.000000000000000000e+00,1.649775054212335168e-01,2.740648388862609863e-01,0.000000000000000000e+00,0.000000000000000000e+00
1.000000000000000000e+00,9.917912648721479707e-01,9.981508851051330566e-01,1.000000000000000000e+00,1.000000000000000000e+00
0.000000000000000000e+00,1.999457799148087953e-02,1.782039925456047058e-02,0.000000000000000000e+00,0.000000000000000000e+00
0.000000000000000000e+00,1.174477766647558513e-01,1.686757779680192471e-03,0.000000000000000000e+00,0.000000000000000000e+00
0.000000000000000000e+00,2.845231765051377260e-02,3.980065230280160904e-03,0.000000000000000000e+00,0.000000000000000000e+00
1.000000000000000000e+00,9.544973958859280794e-01,9.952393770217895508e-01,1.000000000000000000e+00,1.000000000000000000e+00
0.000000000000000000e+00,6.778487424991845867e-01,8.362010717391967773e-01,1.000000000000000000e+00,1.000000000000000000e+00
1.000000000000000000e+00,7.464427098136217076e-01,8.230022788047790527e-01,1.000000000000000000e+00,1.000000000000000000e+00
1.000000000000000000e+00,9.953597478644745644e-01,9.999058246612548828e-01,1.000000000000000000e+00,1.000000000000000000e+00
0.000000000000000000e+00,2.074878100775631035e-02,1.533263595774769783e-03,0.000000000000000000e+00,0.000000000000000000e+00
1.000000000000000000e+00,3.600434598192569363e-02,1.953666284680366516e-02,0.000000000000000000e+00,0.000000000000000000e+00
1.000000000000000000e+00,9.841849974752314711e-01,9.987205266952514648e-01,1.000000000000000000e+00,1.000000000000000000e+00
1.000000000000000000e+00,7.565293033366542463e-01,6.539883613586425781e-01,1.000000000000000000e+00,1.000000000000000000e+00
1.000000000000000000e+00,9.758886604220696759e-01,9.995125532150268555e-01,1.000000000000000000e+00,1.000000000000000000e+00
0.000000000000000000e+00,3.635649756686806788e-01,5.326277017593383789e-01,0.000000000000000000e+00,1.000000000000000000e+00
1.000000000000000000e+00,9.675494440492381498e-01,9.990229606628417969e-01,1.000000000000000000e+00,1.000000000000000000e+00
0.000000000000000000e+00,2.341542994339202433e-01,3.129055500030517578e-01,0.000000000000000000e+00,0.000000000000000000e+00
1.000000000000000000e+00,9.615436889131148135e-01,9.815245270729064941e-01,1.000000000000000000e+00,1.000000000000000000e+00
0.000000000000000000e+00,3.807369635055229268e-02,1.583420438691973686e-03,0.000000000000000000e+00,0.000000000000000000e+00
0.000000000000000000e+00,3.302746085592248027e-02,5.599302705377340317e-03,0.000000000000000000e+00,0.000000000000000000e+00
0.000000000000000000e+00,3.751841362915003114e-02,1.873313821852207184e-02,0.000000000000000000e+00,0.000000000000000000e+00
1.000000000000000000e+00,9.870408370649754737e-01,9.996252059936523438e-01,1.000000000000000000e+00,1.000000000000000000e+00
0.000000000000000000e+00,7.354796984704969898e-02,1.212196238338947296e-02,0.000000000000000000e+00,0.000000000000000000e+00
0.000000000000000000e+00,8.932898135999536304e-01,9.525597691535949707e-01,1.000000000000000000e+00,1.000000000000000000e+00
1.000000000000000000e+00,8.082843200000879857e-01,9.879336953163146973e-01,1.000000000000000000e+00,1.000000000000000000e+00
0.000000000000000000e+00,2.695247175329032116e-03,5.029600579291582108e-04,0.000000000000000000e+00,0.000000000000000000e+00
0.000000000000000000e+00,7.326917599194744668e-02,6.499308347702026367e-02,0.000000000000000000e+00,0.000000000000000000e+00
0.000000000000000000e+00,1.214492307827723383e-02,5.631026579067111015e-04,0.000000000000000000e+00,0.000000000000000000e+00
1.000000000000000000e+00,8.141539483769566488e-01,9.167419672012329102e-01,1.000000000000000000e+00,1.000000000000000000e+00
1.000000000000000000e+00,9.822021632804092128e-01,9.989842772483825684e-01,1.000000000000000000e+00,1.000000000000000000e+00
0.000000000000000000e+00,1.209659926625486492e-01,5.978181958198547363e-02,0.000000000000000000e+00,0.000000000000000000e+00
1.000000000000000000e+00,7.596495844078576809e-01,9.490278363227844238e-01,1.000000000000000000e+00,1.000000000000000000e+00
0.000000000000000000e+00,2.479612606761382246e-02,2.199215255677700043e-02,0.000000000000000000e+00,0.000000000000000000e+00
1.000000000000000000e+00,2.366873587876474339e-01,2.014925517141819000e-02,0.000000000000000000e+00,0.000000000000000000e+00
0.000000000000000000e+00,4.099934345206637104e-02,7.071907166391611099e-03,0.000000000000000000e+00,0.000000000000000000e+00
1.000000000000000000e+00,9.350046122463258058e-01,9.954962730407714844e-01,1.000000000000000000e+00,1.000000000000000000e+00
1.000000000000000000e+00,8.495671202707426595e-01,9.841642975807189941e-01,1.000000000000000000e+00,1.000000000000000000e+00
0.000000000000000000e+00,2.662159454157370791e-02,6.024498492479324341e-03,0.000000000000000000e+00,0.000000000000000000e+00
0.000000000000000000e+00,7.073042888047909038e-01,7.177698612213134766e-01,1.000000000000000000e+00,1.000000000000000000e+00
1.000000000000000000e+00,7.499394734195786727e-01,9.842352867126464844e-01,1.000000000000000000e+00,1.000000000000000000e+00
0.000000000000000000e+00,6.861029729533274502e-01,6.522269845008850098e-01,1.000000000000000000e+00,1.000000000000000000e+00
0.000000000000000000e+00,1.438129919215491888e-02,8.681517792865633965e-04,0.000000000000000000e+00,0.000000000000000000e+00
1.000000000000000000e+00,9.193789697657028803e-01,9.629396200180053711e-01,1.000000000000000000e+00,1.000000000000000000e+00
1.000000000000000000e+00,9.784314992274889544e-01,9.960475564002990723e-01,1.000000000000000000e+00,1.000000000000000000e+00
0.000000000000000000e+00,3.197827383772197662e-02,3.797064768150448799e-03,0.000000000000000000e+00,0.000000000000000000e+00
1.000000000000000000e+00,4.406626185407662155e-01,8.531333804130554199e-01,0.000000000000000000e+00,1.000000000000000000e+00
1.000000000000000000e+00,9.617020725017494387e-01,9.966220855712890625e-01,1.000000000000000000e+00,1.000000000000000000e+00
1.000000000000000000e+00,3.388480614026508908e-01,3.831936120986938477e-01,0.000000000000000000e+00,0.000000000000000000e+00
1.000000000000000000e+00,9.946515503198479768e-01,9.996680021286010742e-01,1.000000000000000000e+00,1.000000000000000000e+00
1.000000000000000000e+00,5.481280208539316412e-01,9.225171208381652832e-01,1.000000000000000000e+00,1.000000000000000000e+00
0.000000000000000000e+00,1.642437029486158717e-02,5.207855137996375561e-04,0.000000000000000000e+00,0.000000000000000000e+00
1.000000000000000000e+00,7.469174061297681466e-02,2.166862599551677704e-02,0.000000000000000000e+00,0.000000000000000000e+00
1.000000000000000000e+00,4.702885904399460859e-01,3.472420573234558105e-01,0.000000000000000000e+00,0.000000000000000000e+00
1.000000000000000000e+00,9.541305387513746572e-01,9.966987967491149902e-01,1.000000000000000000e+00,1.000000000000000000e+00
0.000000000000000000e+00,1.694971262015462776e-02,3.601518226787447929e-03,0.000000000000000000e+00,0.000000000000000000e+00
0.000000000000000000e+00,2.057249998262161012e-03,9.182675421470776200e-05,0.000000000000000000e+00,0.000000000000000000e+00
1.000000000000000000e+00,7.841654954694162738e-01,7.072317004203796387e-01,1.000000000000000000e+00,1.000000000000000000e+00
0.000000000000000000e+00,8.300821931586207375e-03,1.943814917467534542e-03,0.000000000000000000e+00,0.000000000000000000e+00
0.000000000000000000e+00,1.669289479461325346e-02,1.133862300775945187e-03,0.000000000000000000e+00,0.000000000000000000e+00
0.000000000000000000e+00,6.138738951869477933e-01,6.977269053459167480e-01,1.000000000000000000e+00,1.000000000000000000e+00
0.000000000000000000e+00,1.254312119165501560e-02,8.642012253403663635e-03,0.000000000000000000e+00,0.000000000000000000e+00
1.000000000000000000e+00,9.616519014034673463e-01,9.940104484558105469e-01,1.000000000000000000e+00,1.000000000000000000e+00
0.000000000000000000e+00,9.555780944738948013e-02,1.643837839365005493e-01,0.000000000000000000e+00,0.000000000000000000e+00
0.000000000000000000e+00,2.574325924201839935e-02,5.691015161573886871e-03,0.000000000000000000e+00,0.000000000000000000e+00
1.000000000000000000e+00,7.775545174367677337e-01,8.223720192909240723e-01,1.000000000000000000e+00,1.000000000000000000e+00
1.000000000000000000e+00,9.668081370024198540e-01,9.983136653900146484e-01,1.000000000000000000e+00,1.000000000000000000e+00
1.000000000000000000e+00,1.663463066404969326e-01,2.086081206798553467e-01,0.000000000000000000e+00,0.000000000000000000e+00
0.000000000000000000e+00,8.245131967009923513e-02,4.488711804151535034e-02,0.000000000000000000e+00,0.000000000000000000e+00
0.000000000000000000e+00,6.174322866050373226e-03,8.553820662200450897e-04,0.000000000000000000e+00,0.000000000000000000e+00
0.000000000000000000e+00,6.359733715819003430e-02,6.510145496577024460e-03,0.000000000000000000e+00,0.000000000000000000e+00
1.000000000000000000e+00,2.218750007959668646e-01,9.137862175703048706e-02,0.000000000000000000e+00,0.000000000000000000e+00
0.000000000000000000e+00,1.218545703793055823e-01,7.775486260652542114e-02,0.000000000000000000e+00,0.000000000000000000e+00
1.000000000000000000e+00,9.956765148552803035e-01,9.999171495437622070e-01,1.000000000000000000e+00,1.000000000000000000e+00
1.000000000000000000e+00,9.953897454871020178e-01,9.998836517333984375e-01,1.000000000000000000e+00,1.000000000000000000e+00
1.000000000000000000e+00,9.982324726929744374e-01,9.999816417694091797e-01,1.000000000000000000e+00,1.000000000000000000e+00
1.000000000000000000e+00,9.829603761768671566e-01,9.986459612846374512e-01,1.000000000000000000e+00,1.000000000000000000e+00
1.000000000000000000e+00,9.218204377929363202e-01,9.895346760749816895e-01,1.000000000000000000e+00,1.000000000000000000e+00
1.000000000000000000e+00,9.676365672664867246e-01,9.610772728919982910e-01,1.000000000000000000e+00,1.000000000000000000e+00
1.000000000000000000e+00,9.311043495317401497e-01,9.726578593254089355e-01,1.000000000000000000e+00,1.000000000000000000e+00
1.000000000000000000e+00,9.852522742708172965e-01,9.977114200592041016e-01,1.000000000000000000e+00,1.000000000000000000e+00
1.000000000000000000e+00,8.352424703294588637e-01,9.224459528923034668e-01,1.000000000000000000e+00,1.000000000000000000e+00
1.000000000000000000e+00,8.950042167851660624e-01,9.935670495033264160e-01,1.000000000000000000e+00,1.000000000000000000e+00
1.000000000000000000e+00,9.986912933896517908e-01,9.999414682388305664e-01,1.000000000000000000e+00,1.000000000000000000e+00
1.000000000000000000e+00,9.822970527742284075e-01,9.954858422279357910e-01,1.000000000000000000e+00,1.000000000000000000e+00
1.000000000000000000e+00,9.680330251472409886e-01,9.946669340133666992e-01,1.000000000000000000e+00,1.000000000000000000e+00
0.000000000000000000e+00,4.733799910321664223e-02,3.873778739944100380e-03,0.000000000000000000e+00,0.000000000000000000e+00
0.000000000000000000e+00,3.950405756529570822e-02,5.005824379622936249e-03,0.000000000000000000e+00,0.000000000000000000e+00
1.000000000000000000e+00,7.820953212060448578e-01,9.832856059074401855e-01,1.000000000000000000e+00,1.000000000000000000e+00
1.000000000000000000e+00,6.394113207082792183e-01,7.121877074241638184e-01,1.000000000000000000e+00,1.000000000000000000e+00
0.000000000000000000e+00,3.284718489496129407e-02,2.785893622785806656e-03,0.000000000000000000e+00,0.000000000000000000e+00
1.000000000000000000e+00,8.199881362398586671e-01,9.855164885520935059e-01,1.000000000000000000e+00,1.000000000000000000e+00
1.000000000000000000e+00,5.035241411918381926e-01,3.694100081920623779e-01,1.000000000000000000e+00,0.000000000000000000e+00
1.000000000000000000e+00,9.606141085657328160e-01,9.796912074089050293e-01,1.000000000000000000e+00,1.000000000000000000e+00
1.000000000000000000e+00,7.709487955828031591e-01,8.898726701736450195e-01,1.000000000000000000e+00,1.000000000000000000e+00
0.000000000000000000e+00,1.030796506108747485e-01,7.300939410924911499e-02,0.000000000000000000e+00,0.000000000000000000e+00
1.000000000000000000e+00,9.351744249015107036e-01,9.909426569938659668e-01,1.000000000000000000e+00,1.000000000000000000e+00
0.000000000000000000e+00,7.271672646618346225e-02,5.977388005703687668e-03,0.000000000000000000e+00,0.000000000000000000e+00
0.000000000000000000e+00,1.899214972335450460e-02,1.206601690500974655e-02,0.000000000000000000e+00,0.000000000000000000e+00
0.000000000000000000e+00,2.650106149092888719e-02,6.037997081875801086e-04,0.000000000000000000e+00,0.000000000000000000e+00
0.000000000000000000e+00,1.463905067630153975e-02,9.568498353473842144e-04,0.000000000000000000e+00,0.000000000000000000e+00
0.000000000000000000e+00,7.297561828972237361e-03,1.378608722006902099e-04,0.000000000000000000e+00,0.000000000000000000e+00
1.000000000000000000e+00,9.028130131455223140e-01,9.526348114013671875e-01,1.000000000000000000e+00,1.000000000000000000e+00
1.000000000000000000e+00,1.122391015064725939e-01,1.341431401669979095e-02,0.000000000000000000e+00,0.000000000000000000e+00
0.000000000000000000e+00,1.226012980795375580e-02,2.430697670206427574e-03,0.000000000000000000e+00,0.000000000000000000e+00
0.000000000000000000e+00,9.560205282919200659e-03,1.679441193118691444e-03,0.000000000000000000e+00,0.000000000000000000e+00
1.000000000000000000e+00,8.507739355452963448e-01,9.091160893440246582e-01,1.000000000000000000e+00,1.000000000000000000e+00
0.000000000000000000e+00,2.611376814803088517e-02,5.990437930449843407e-04,0.000000000000000000e+00,0.000000000000000000e+00
0.000000000000000000e+00,1.360831824313469829e-01,2.094724774360656738e-02,0.000000000000000000e+00,0.000000000000000000e+00
0.000000000000000000e+00,8.358777704746144649e-03,1.608685473911464214e-03,0.000000000000000000e+00,0.000000000000000000e+00
0.000000000000000000e+00,7.738312122946261473e-02,4.225628077983856201e-02,0.000000000000000000e+00,0.000000000000000000e+00
0.000000000000000000e+00,8.571500150211519564e-03,5.644573247991502285e-04,0.000000000000000000e+00,0.000000000000000000e+00
1.000000000000000000e+00,9.957001359920338857e-01,9.996150732040405273e-01,1.000000000000000000e+00,1.000000000000000000e+00
0.000000000000000000e+00,3.842291776113539170e-03,1.293025707127526402e-04,0.000000000000000000e+00,0.000000000000000000e+00
0.000000000000000000e+00,4.200482109527503560e-01,2.851113677024841309e-01,0.000000000000000000e+00,0.000000000000000000e+00
0.000000000000000000e+00,2.554695008716252325e-01,7.378287911415100098e-01,0.000000000000000000e+00,1.000000000000000000e+00
1.000000000000000000e+00,9.834232054971503434e-01,9.830875992774963379e-01,1.000000000000000000e+00,1.000000000000000000e+00
0.000000000000000000e+00,9.643868085108578056e-03,2.364597050473093987e-03,0.000000000000000000e+00,0.000000000000000000e+00
0.000000000000000000e+00,2.914159207655251868e-02,4.584092181175947189e-03,0.000000000000000000e+00,0.000000000000000000e+00
0.000000000000000000e+00,2.601359146450992615e-02,1.309017650783061981e-03,0.000000000000000000e+00,0.000000000000000000e+00
1.000000000000000000e+00,9.944581476964881039e-01,9.998744726181030273e-01,1.000000000000000000e+00,1.000000000000000000e+00
1.000000000000000000e+00,8.038169042925544794e-01,9.320269823074340820e-01,1.000000000000000000e+00,1.000000000000000000e+00
1.000000000000000000e+00,9.915931519265565042e-01,9.993389248847961426e-01,1.000000000000000000e+00,1.000000000000000000e+00
1.000000000000000000e+00,9.656336660253040938e-01,9.997290968894958496e-01,1.000000000000000000e+00,1.000000000000000000e+00
1.000000000000000000e+00,9.973450216026664705e-01,9.998769760131835938e-01,1.000000000000000000e+00,1.000000000000000000e+00
1.000000000000000000e+00,9.118797082805751852e-01,8.388153314590454102e-01,1.000000000000000000e+00,1.000000000000000000e+00
1.000000000000000000e+00,9.167343819034383667e-01,9.771448969841003418e-01,1.000000000000000000e+00,1.000000000000000000e+00
0.000000000000000000e+00,2.565879759322169107e-02,5.949966143816709518e-04,0.000000000000000000e+00,0.000000000000000000e+00
0.000000000000000000e+00,3.795029740419018638e-01,1.753636077046394348e-02,0.000000000000000000e+00,0.000000000000000000e+00
0.000000000000000000e+00,2.517031594834959196e-02,4.944878164678812027e-03,0.000000000000000000e+00,0.000000000000000000e+00
1.000000000000000000e+00,9.977183954113361120e-01,9.999116659164428711e-01,1.000000000000000000e+00,1.000000000000000000e+00
1.000000000000000000e+00,9.751915524185659212e-01,9.961616992950439453e-01,1.000000000000000000e+00,1.000000000000000000e+00
0.000000000000000000e+00,5.452401536441981583e-02,3.140317276120185852e-02,0.000000000000000000e+00,0.000000000000000000e+00
0.000000000000000000e+00,1.790366528792773637e-02,1.494809053838253021e-02,0.000000000000000000e+00,0.000000000000000000e+00
1.000000000000000000e+00,9.863038866085634959e-01,9.982347488403320312e-01,1.000000000000000000e+00,1.000000000000000000e+00
0.000000000000000000e+00,6.296021719248277859e-03,1.471745199523866177e-03,0.000000000000000000e+00,0.000000000000000000e+00
0.000000000000000000e+00,9.777096592836464692e-03,1.827690721256658435e-04,0.000000000000000000e+00,0.000000000000000000e+00
0.000000000000000000e+00,2.742843324671702665e-01,2.446932494640350342e-01,0.000000000000000000e+00,0.000000000000000000e+00
0.000000000000000000e+00,7.675642701246482291e-02,1.081773452460765839e-02,0.000000000000000000e+00,0.000000000000000000e+00
1.000000000000000000e+00,7.515672662787329372e-01,8.329210877418518066e-01,1.000000000000000000e+00,1.000000000000000000e+00
1.000000000000000000e+00,9.809728282145907530e-01,9.965968728065490723e-01,1.000000000000000000e+00,1.000000000000000000e+00
0.000000000000000000e+00,4.664164540768965354e-03,4.218100511934608221e-04,0.000000000000000000e+00,0.000000000000000000e+00
0.000000000000000000e+00,3.664234187921469599e-02,2.739680465310811996e-03,0.000000000000000000e+00,0.000000000000000000e+00
0.000000000000000000e+00,9.938069598656401604e-01,9.996194839477539062e-01,1.000000000000000000e+00,1.000000000000000000e+00
1.000000000000000000e+00,9.866556977045821686e-01,9.996017813682556152e-01,1.000000000000000000e+00,1.000000000000000000e+00
1.000000000000000000e+00,9.837934648363426682e-01,9.996287822723388672e-01,1.000000000000000000e+00,1.000000000000000000e+00
1.000000000000000000e+00,9.509024129051648622e-01,9.978625178337097168e-01,1.000000000000000000e+00,1.000000000000000000e+00
1.000000000000000000e+00,5.803060722560767770e-01,8.773516416549682617e-01,1.000000000000000000e+00,1.000000000000000000e+00
1.000000000000000000e+00,9.294997533892820352e-01,9.810894131660461426e-01,1.000000000000000000e+00,1.000000000000000000e+00
1.000000000000000000e+00,2.340893392325829603e-01,6.363608241081237793e-01,0.000000000000000000e+00,1.000000000000000000e+00
0.000000000000000000e+00,2.068100411362511215e-02,1.822665100917220116e-03,0.000000000000000000e+00,0.000000000000000000e+00
0.000000000000000000e+00,2.360282276640317256e-02,1.094192033633589745e-03,0.000000000000000000e+00,0.000000000000000000e+00
0.000000000000000000e+00,1.040872950899285332e-01,9.789524972438812256e-02,0.000000000000000000e+00,0.000000000000000000e+00
0.000000000000000000e+00,7.504028423043547502e-02,1.672537811100482941e-02,0.000000000000000000e+00,0.000000000000000000e+00
0.000000000000000000e+00,7.762224354120887682e-02,9.255363605916500092e-03,0.000000000000000000e+00,0.000000000000000000e+00
1.000000000000000000e+00,8.895479397727944493e-01,9.712017178535461426e-01,1.000000000000000000e+00,1.000000000000000000e+00
1.000000000000000000e+00,9.884071539479671875e-01,9.960525035858154297e-01,1.000000000000000000e+00,1.000000000000000000e+00
1.000000000000000000e+00,9.875575089772620219e-01,9.990198612213134766e-01,1.000000000000000000e+00,1.000000000000000000e+00
1.000000000000000000e+00,8.245269394141037100e-01,7.696871161460876465e-01,1.000000000000000000e+00,1.000000000000000000e+00
1.000000000000000000e+00,4.097411959189339870e-01,2.319910228252410889e-01,0.000000000000000000e+00,0.000000000000000000e+00
0.000000000000000000e+00,8.608785785888382891e-02,3.270072489976882935e-02,0.000000000000000000e+00,0.000000000000000000e+00
1.000000000000000000e+00,9.950119675987452172e-01,9.999324083328247070e-01,1.000000000000000000e+00,1.000000000000000000e+00
0.000000000000000000e+00,3.237319591856070711e-02,9.456158732064068317e-04,0.000000000000000000e+00,0.000000000000000000e+00
0.000000000000000000e+00,1.223922977669736865e-02,1.142613356932997704e-03,0.000000000000000000e+00,0.000000000000000000e+00
0.000000000000000000e+00,9.906354583702653427e-02,9.602709859609603882e-02,0.000000000000000000e+00,0.000000000000000000e+00
0.000000000000000000e+00,2.262849529088084288e-01,3.174128532409667969e-01,0.000000000000000000e+00,0.000000000000000000e+00
0.000000000000000000e+00,1.021082554611850955e-02,2.581670414656400681e-03,0.000000000000000000e+00,0.000000000000000000e+00
0.000000000000000000e+00,2.844161832790147604e-03,2.107744337990880013e-03,0.000000000000000000e+00,0.000000000000000000e+00
1.000000000000000000e+00,9.921217282246307390e-01,9.995940327644348145e-01,1.000000000000000000e+00,1.000000000000000000e+00
1.000000000000000000e+00,1.212738074844346842e-01,4.335024580359458923e-02,0.000000000000000000e+00,0.000000000000000000e+00
0.000000000000000000e+00,1.511167741379943093e-02,8.130686474032700062e-04,0.000000000000000000e+00,0.000000000000000000e+00
1.000000000000000000e+00,8.964095152774282926e-01,9.343438148498535156e-01,1.000000000000000000e+00,1.000000000000000000e+00
1.000000000000000000e+00,9.981392653160461315e-01,9.999234676361083984e-01,1.000000000000000000e+00,1.000000000000000000e+00
0.000000000000000000e+00,1.201422259545513460e-02,1.171055366285145283e-03,0.000000000000000000e+00,0.000000000000000000e+00
0.000000000000000000e+00,1.133555068329109711e-02,3.022198507096618414e-04,0.000000000000000000e+00,0.000000000000000000e+00
1.000000000000000000e+00,6.752845711249435556e-01,8.842159509658813477e-01,1.000000000000000000e+00,1.000000000000000000e+00
0.000000000000000000e+00,5.184197644860546669e-03,1.228150358656421304e-04,0.000000000000000000e+00,0.000000000000000000e+00
1.000000000000000000e+00,7.368018224111455572e-01,5.885740518569946289e-01,1.000000000000000000e+00,1.000000000000000000e+00
0.000000000000000000e+00,4.633159119708870483e-02,7.642267737537622452e-03,0.000000000000000000e+00,0.000000000000000000e+00
1.000000000000000000e+00,9.342332152238168597e-01,9.941717982292175293e-01,1.000000000000000000e+00,1.000000000000000000e+00
0.000000000000000000e+00,1.336750094084281637e-01,3.291073441505432129e-02,0.000000000000000000e+00,0.000000000000000000e+00
0.000000000000000000e+00,7.638436675992098246e-02,1.042134361341595650e-03,0.000000000000000000e+00,0.000000000000000000e+00
1.000000000000000000e+00,9.124820596128286887e-01,9.972781538963317871e-01,1.000000000000000000e+00,1.000000000000000000e+00
0.000000000000000000e+00,2.764449583785751063e-03,9.444595343666151166e-05,0.000000000000000000e+00,0.000000000000000000e+00
1.000000000000000000e+00,9.945169790846153379e-01,9.997602105140686035e-01,1.000000000000000000e+00,1.000000000000000000e+00
1.000000000000000000e+00,9.925589485371348886e-01,9.992152452468872070e-01,1.000000000000000000e+00,1.000000000000000000e+00
1.000000000000000000e+00,9.576769018030716341e-01,9.982159733772277832e-01,1.000000000000000000e+00,1.000000000000000000e+00
0.000000000000000000e+00,5.527206017849130987e-02,1.507667824625968933e-02,0.000000000000000000e+00,0.000000000000000000e+00
0.000000000000000000e+00,1.242226713744795132e-02,3.600284922868013382e-03,0.000000000000000000e+00,0.000000000000000000e+00
0.000000000000000000e+00,5.804291989053140394e-02,7.315678521990776062e-04,0.000000000000000000e+00,0.000000000000000000e+00
1.000000000000000000e+00,9.188341983050886119e-01,9.919658899307250977e-01,1.000000000000000000e+00,1.000000000000000000e+00
1.000000000000000000e+00,9.160512670495043475e-01,9.965548515319824219e-01,1.000000000000000000e+00,1.000000000000000000e+00
1.000000000000000000e+00,7.618633864367669872e-01,8.732209205627441406e-01,1.000000000000000000e+00,1.000000000000000000e+00
0.000000000000000000e+00,6.245792746162204950e-02,1.394558884203433990e-02,0.000000000000000000e+00,0.000000000000000000e+00
1.000000000000000000e+00,9.703169584677537873e-01,9.874253869056701660e-01,1.000000000000000000e+00,1.000000000000000000e+00
1.000000000000000000e+00,9.888192242717643854e-01,9.982810020446777344e-01,1.000000000000000000e+00,1.000000000000000000e+00
0.000000000000000000e+00,1.845326934326846913e-01,7.830075174570083618e-02,0.000000000000000000e+00,0.000000000000000000e+00
1.000000000000000000e+00,8.185956417096017512e-01,9.494183659553527832e-01,1.000000000000000000e+00,1.000000000000000000e+00
0.000000000000000000e+00,3.862843511171402122e-01,3.638508915901184082e-01,0.000000000000000000e+00,0.000000000000000000e+00
1.000000000000000000e+00,9.881507023327888994e-01,9.963855743408203125e-01,1.000000000000000000e+00,1.000000000000000000e+00
1.000000000000000000e+00,7.912464895835454870e-01,9.677525758743286133e-01,1.000000000000000000e+00,1.000000000000000000e+00
0.000000000000000000e+00,3.635744416765895187e-02,1.380184665322303772e-02,0.000000000000000000e+00,0.000000000000000000e+00
0.000000000000000000e+00,4.038527477820200856e-02,2.366126282140612602e-03,0.000000000000000000e+00,0.000000000000000000e+00
0.000000000000000000e+00,6.892593111273155430e-03,7.841972983442246914e-04,0.000000000000000000e+00,0.000000000000000000e+00
1.000000000000000000e+00,9.895105037067257747e-01,9.999312162399291992e-01,1.000000000000000000e+00,1.000000000000000000e+00
0.000000000000000000e+00,1.874351859383163177e-01,5.262462049722671509e-02,0.000000000000000000e+00,0.000000000000000000e+00
0.000000000000000000e+00,4.578128282897834800e-01,1.465057879686355591e-01,0.000000000000000000e+00,0.000000000000000000e+00
1.000000000000000000e+00,9.932956893677077348e-01,9.988948702812194824e-01,1.000000000000000000e+00,1.000000000000000000e+00
0.000000000000000000e+00,6.547315364145643857e-01,3.029443025588989258e-01,1.000000000000000000e+00,0.000000000000000000e+00
1.000000000000000000e+00,6.528650071271093758e-01,7.034046053886413574e-01,1.000000000000000000e+00,1.000000000000000000e+00
0.000000000000000000e+00,2.381471697909907370e-01,1.135011687874794006e-01,0.000000000000000000e+00,0.000000000000000000e+00
1.000000000000000000e+00,8.398554822503762063e-01,9.718908667564392090e-01,1.000000000000000000e+00,1.000000000000000000e+00
0.000000000000000000e+00,4.008025862787314292e-02,3.921791911125183105e-02,0.000000000000000000e+00,0.000000000000000000e+00
1.000000000000000000e+00,9.620986339683131883e-01,9.949100613594055176e-01,1.000000000000000000e+00,1.000000000000000000e+00
1.000000000000000000e+00,8.968575340809966517e-03,2.189252292737364769e-03,0.000000000000000000e+00,0.000000000000000000e+00
0.000000000000000000e+00,1.325602736333246837e-02,5.411779507994651794e-03,0.000000000000000000e+00,0.000000000000000000e+00
1.000000000000000000e+00,9.364393960106363046e-01,9.913698434829711914e-01,1.000000000000000000e+00,1.000000000000000000e+00
1.000000000000000000e+00,9.824730600270694669e-01,9.972440004348754883e-01,1.000000000000000000e+00,1.000000000000000000e+00
1.000000000000000000e+00,9.830026898674965041e-01,9.988620281219482422e-01,1.000000000000000000e+00,1.000000000000000000e+00
1.000000000000000000e+00,1.521810276071359491e-01,5.076774954795837402e-02,0.000000000000000000e+00,0.000000000000000000e+00
0.000000000000000000e+00,5.344066067468628695e-02,2.311382256448268890e-02,0.000000000000000000e+00,0.000000000000000000e+00
0.000000000000000000e+00,2.012177005766138116e-01,4.291027039289474487e-02,0.000000000000000000e+00,0.000000000000000000e+00
0.000000000000000000e+00,9.868243921797661966e-02,5.275108292698860168e-02,0.000000000000000000e+00,0.000000000000000000e+00
0.000000000000000000e+00,1.867123077086813715e-02,3.773298813030123711e-04,0.000000000000000000e+00,0.000000000000000000e+00
0.000000000000000000e+00,5.452712017722194382e-02,2.494319574907422066e-03,0.000000000000000000e+00,0.000000000000000000e+00
0.000000000000000000e+00,4.982567651179324320e-01,6.091424822807312012e-01,0.000000000000000000e+00,1.000000000000000000e+00
0.000000000000000000e+00,2.496819231833569130e-02,5.405904375948011875e-04,0.000000000000000000e+00,0.000000000000000000e+00
0.000000000000000000e+00,4.559307741121955415e-02,5.062442738562822342e-03,0.000000000000000000e+00,0.000000000000000000e+00
1.000000000000000000e+00,9.859479291354769082e-01,9.910789132118225098e-01,1.000000000000000000e+00,1.000000000000000000e+00
1.000000000000000000e+00,5.347064026557728500e-01,6.236042976379394531e-01,1.000000000000000000e+00,1.000000000000000000e+00
0.000000000000000000e+00,1.259121716948287568e-02,3.253134433180093765e-03,0.000000000000000000e+00,0.000000000000000000e+00
1.000000000000000000e+00,9.961173841673434115e-01,9.990109205245971680e-01,1.000000000000000000e+00,1.000000000000000000e+00
0.000000000000000000e+00,4.056847158754931654e-02,2.851892821490764618e-02,0.000000000000000000e+00,0.000000000000000000e+00
1.000000000000000000e+00,9.745013042698026373e-01,9.975047707557678223e-01,1.000000000000000000e+00,1.000000000000000000e+00
0.000000000000000000e+00,6.041223004371655270e-01,2.530594468116760254e-01,1.000000000000000000e+00,0.000000000000000000e+00
0.000000000000000000e+00,1.733351865831361804e-01,8.031207323074340820e-02,0.000000000000000000e+00,0.000000000000000000e+00
1.000000000000000000e+00,8.660942003859872784e-01,9.794850945472717285e-01,1.000000000000000000e+00,1.000000000000000000e+00
1.000000000000000000e+00,1.520676765071313774e-01,1.113068498671054840e-02,0.000000000000000000e+00,0.000000000000000000e+00
1.000000000000000000e+00,9.952717715594613379e-01,9.994722008705139160e-01,1.000000000000000000e+00,1.000000000000000000e+00
1.000000000000000000e+00,9.795227409896357651e-01,9.954987168312072754e-01,1.000000000000000000e+00,1.000000000000000000e+00
1.000000000000000000e+00,7.261146821878029789e-02,1.144027709960937500e-01,0.000000000000000000e+00,0.000000000000000000e+00
1.000000000000000000e+00,9.044661473943241825e-01,9.959910511970520020e-01,1.000000000000000000e+00,1.000000000000000000e+00
0.000000000000000000e+00,2.744687768428595853e-01,2.430444024503231049e-02,0.000000000000000000e+00,0.000000000000000000e+00
1.000000000000000000e+00,9.492293294494533740e-01,9.980717301368713379e-01,1.000000000000000000e+00,1.000000000000000000e+00
0.000000000000000000e+00,1.300047776080195082e-02,2.297422289848327637e-02,0.000000000000000000e+00,0.000000000000000000e+00
0.000000000000000000e+00,1.231094667275539623e-01,1.514818985015153885e-02,0.000000000000000000e+00,0.000000000000000000e+00
0.000000000000000000e+00,4.363464784455843223e-03,4.313725803513079882e-04,0.000000000000000000e+00,0.000000000000000000e+00
0.000000000000000000e+00,5.118049425112312922e-03,2.524349838495254517e-04,0.000000000000000000e+00,0.000000000000000000e+00
0.000000000000000000e+00,7.425698575118281665e-03,6.408508634194731712e-04,0.000000000000000000e+00,0.000000000000000000e+00
0.000000000000000000e+00,8.074694337893721652e-02,1.171390712261199951e-02,0.000000000000000000e+00,0.000000000000000000e+00
0.000000000000000000e+00,8.327845123646100689e-03,3.245150437578558922e-04,0.000000000000000000e+00,0.000000000000000000e+00
1.000000000000000000e+00,5.931780337489696020e-01,4.466436803340911865e-01,1.000000000000000000e+00,0.000000000000000000e+00
0.000000000000000000e+00,8.661932083734724674e-02,3.488765284419059753e-02,0.000000000000000000e+00,0.000000000000000000e+00
0.000000000000000000e+00,2.486226293605063586e-02,2.542490372434258461e-03,0.000000000000000000e+00,0.000000000000000000e+00
1.000000000000000000e+00,9.907264810728066973e-01,9.995201826095581055e-01,1.000000000000000000e+00,1.000000000000000000e+00
0.000000000000000000e+00,8.162358608921949088e-01,7.724216580390930176e-01,1.000000000000000000e+00,1.000000000000000000e+00
1.000000000000000000e+00,9.848873295052720245e-01,9.991344809532165527e-01,1.000000000000000000e+00,1.000000000000000000e+00
1.000000000000000000e+00,9.766884162920106416e-01,9.959349632263183594e-01,1.000000000000000000e+00,1.000000000000000000e+00
1.000000000000000000e+00,2.719417556085986232e-01,8.762125968933105469e-01,0.000000000000000000e+00,1.000000000000000000e+00
0.000000000000000000e+00,1.038045193172168063e-01,3.169141709804534912e-02,0.000000000000000000e+00,0.000000000000000000e+00
0.000000000000000000e+00,4.707097992474185838e-02,5.188440438359975815e-03,0.000000000000000000e+00,0.000000000000000000e+00
0.000000000000000000e+00,3.057954895362314796e-01,2.165897190570831299e-01,0.000000000000000000e+00,0.000000000000000000e+00
0.000000000000000000e+00,4.615390726555440408e-03,2.401988967903889716e-05,0.000000000000000000e+00,0.000000000000000000e+00
0.000000000000000000e+00,5.843179331798053350e-02,8.683859370648860931e-03,0.000000000000000000e+00,0.000000000000000000e+00
1.000000000000000000e+00,9.190812500039006183e-01,9.639874100685119629e-01,1.000000000000000000e+00,1.000000000000000000e+00
0.000000000000000000e+00,5.573904038491246660e-02,3.549001645296812057e-03,0.000000000000000000e+00,0.000000000000000000e+00
0.000000000000000000e+00,1.742959455485875442e-01,2.995061688125133514e-02,0.000000000000000000e+00,0.000000000000000000e+00
0.000000000000000000e+00,1.251631917256632864e-01,7.785559445619583130e-02,0.000000000000000000e+00,0.000000000000000000e+00
0.000000000000000000e+00,2.063412862448757434e-01,5.719448626041412354e-02,0.000000000000000000e+00,0.000000000000000000e+00
0.000000000000000000e+00,9.849873419310684053e-02,3.856151551008224487e-02,0.000000000000000000e+00,0.000000000000000000e+00
0.000000000000000000e+00,2.975722008666138452e-01,1.299509853124618530e-01,0.000000000000000000e+00,0.000000000000000000e+00
1.000000000000000000e+00,9.233108595061865209e-01,9.174718260765075684e-01,1.000000000000000000e+00,1.000000000000000000e+00
0.000000000000000000e+00,8.319268543592081566e-02,9.935846552252769470e-03,0.000000000000000000e+00,0.000000000000000000e+00
0.000000000000000000e+00,3.215740804146281079e-02,6.076223216950893402e-03,0.000000000000000000e+00,0.000000000000000000e+00
1.000000000000000000e+00,7.357758661440696457e-01,9.008556008338928223e-01,1.000000000000000000e+00,1.000000000000000000e+00
0.000000000000000000e+00,6.726443908461765542e-02,1.100704912096261978e-02,0.000000000000000000e+00,0.000000000000000000e+00
1.000000000000000000e+00,9.046757729197275610e-01,9.023859500885009766e-01,1.000000000000000000e+00,1.000000000000000000e+00
1.000000000000000000e+00,9.866287138296794268e-01,9.990946054458618164e-01,1.000000000000000000e+00,1.000000000000000000e+00
1.000000000000000000e+00,9.184746409309731963e-01,9.943630695343017578e-01,1.000000000000000000e+00,1.000000000000000000e+00
1.000000000000000000e+00,9.698535771589134047e-01,9.934332370758056641e-01,1.000000000000000000e+00,1.000000000000000000e+00
1.000000000000000000e+00,8.590701669147794428e-01,4.968035817146301270e-01,1.000000000000000000e+00,0.000000000000000000e+00
1.000000000000000000e+00,9.926615304451320565e-01,9.992693066596984863e-01,1.000000000000000000e+00,1.000000000000000000e+00
1.000000000000000000e+00,9.848656627848426659e-01,9.988564252853393555e-01,1.000000000000000000e+00,1.000000000000000000e+00
0.000000000000000000e+00,1.812311417964296012e-01,3.533464297652244568e-02,0.000000000000000000e+00,0.000000000000000000e+00
1.000000000000000000e+00,8.679519559041831700e-01,9.800154566764831543e-01,1.000000000000000000e+00,1.000000000000000000e+00
0.000000000000000000e+00,1.175116302150178149e-01,3.664437681436538696e-02,0.000000000000000000e+00,0.000000000000000000e+00
1.000000000000000000e+00,9.944265472480405821e-01,9.998712539672851562e-01,1.000000000000000000e+00,1.000000000000000000e+00
0.000000000000000000e+00,1.531113855436238777e-02,3.261024830862879753e-03,0.000000000000000000e+00,0.000000000000000000e+00
0.000000000000000000e+00,5.206717447663579412e-02,6.216927897185087204e-03,0.000000000000000000e+00,0.000000000000000000e+00
0.000000000000000000e+00,2.747763256466292936e-01,2.234442383050918579e-01,0.000000000000000000e+00,0.000000000000000000e+00
0.000000000000000000e+00,9.375425033803182207e-03,3.027883067261427641e-04,0.000000000000000000e+00,0.000000000000000000e+00
0.000000000000000000e+00,4.744653198446211612e-02,8.260972797870635986e-03,0.000000000000000000e+00,0.000000000000000000e+00
0.000000000000000000e+00,3.020554691626571933e-02,1.876191701740026474e-03,0.000000000000000000e+00,0.000000000000000000e+00
1.000000000000000000e+00,9.842799666767945155e-01,9.995892643928527832e-01,1.000000000000000000e+00,1.000000000000000000e+00
0.000000000000000000e+00,1.022782416338474942e-01,8.317331783473491669e-03,0.000000000000000000e+00,0.000000000000000000e+00
1.000000000000000000e+00,9.923163110099215700e-01,9.999079704284667969e-01,1.000000000000000000e+00,1.000000000000000000e+00
0.000000000000000000e+00,1.396322863834663017e-02,1.909511513076722622e-03,0.000000000000000000e+00,0.000000000000000000e+00
1.000000000000000000e+00,8.211682633570257517e-01,9.586038589477539062e-01,1.000000000000000000e+00,1.000000000000000000e+00
1.000000000000000000e+00,9.976113795791164973e-01,9.999517202377319336e-01,1.000000000000000000e+00,1.000000000000000000e+00
0.000000000000000000e+00,1.076584590123579044e-02,1.554375863634049892e-03,0.000000000000000000e+00,0.000000000000000000e+00
0.000000000000000000e+00,3.175374148377545919e-02,1.197285391390323639e-02,0.000000000000000000e+00,0.000000000000000000e+00
1.000000000000000000e+00,4.736564369235190530e-01,8.308908343315124512e-01,0.000000000000000000e+00,1.000000000000000000e+00
1.000000000000000000e+00,7.577550060014249800e-01,7.579389810562133789e-01,1.000000000000000000e+00,1.000000000000000000e+00
1.000000000000000000e+00,9.882983573060483140e-01,9.995317459106445312e-01,1.000000000000000000e+00,1.000000000000000000e+00
1.000000000000000000e+00,9.973302647343729177e-01,9.998952150344848633e-01,1.000000000000000000e+00,1.000000000000000000e+00
0.000000000000000000e+00,8.765229278610986441e-02,1.309093385934829712e-01,0.000000000000000000e+00,0.000000000000000000e+00
0.000000000000000000e+00,2.644954535090249248e-02,4.081315360963344574e-03,0.000000000000000000e+00,0.000000000000000000e+00
0.000000000000000000e+00,1.299738430242103338e-02,2.020468004047870636e-03,0.000000000000000000e+00,0.000000000000000000e+00
0.000000000000000000e+00,1.971333337162881338e-01,1.529079582542181015e-02,0.000000000000000000e+00,0.000000000000000000e+00
1.000000000000000000e+00,8.902155831969408295e-01,9.849463701248168945e-01,1.000000000000000000e+00,1.000000000000000000e+00
1.000000000000000000e+00,7.177181148900354524e-01,8.559620380401611328e-01,1.000000000000000000e+00,1.000000000000000000e+00
1.000000000000000000e+00,8.100079492170964013e-01,9.794530868530273438e-01,1.000000000000000000e+00,1.000000000000000000e+00
0.000000000000000000e+00,8.475337584515219014e-02,6.912837270647287369e-03,0.000000000000000000e+00,0.000000000000000000e+00
1.000000000000000000e+00,9.445290835351676240e-01,9.958471655845642090e-01,1.000000000000000000e+00,1.000000000000000000e+00
1.000000000000000000e+00,9.876404253849221382e-01,9.995549321174621582e-01,1.000000000000000000e+00,1.000000000000000000e+00
1.000000000000000000e+00,9.870431607838627830e-01,9.992516636848449707e-01,1.000000000000000000e+00,1.000000000000000000e+00
0.000000000000000000e+00,2.948455177106708205e-03,5.828376015415415168e-05,0.000000000000000000e+00,0.000000000000000000e+00
1.000000000000000000e+00,9.929179229819987684e-01,9.985351562500000000e-01,1.000000000000000000e+00,1.000000000000000000e+00
0.000000000000000000e+00,1.728501931003589495e-02,2.382079605013132095e-03,0.000000000000000000e+00,0.000000000000000000e+00
1.000000000000000000e+00,9.977522085484394898e-01,9.997978806495666504e-01,1.000000000000000000e+00,1.000000000000000000e+00
0.000000000000000000e+00,6.067890668224671380e-01,6.519650220870971680e-01,1.000000000000000000e+00,1.000000000000000000e+00
0.000000000000000000e+00,3.080430070491732564e-01,1.942690461874008179e-01,0.000000000000000000e+00,0.000000000000000000e+00
0.000000000000000000e+00,1.373303179650915869e-02,1.779389800503849983e-03,0.000000000000000000e+00,0.000000000000000000e+00
1.000000000000000000e+00,6.744245254332552619e-01,8.980526924133300781e-01,1.000000000000000000e+00,1.000000000000000000e+00
1.000000000000000000e+00,9.749621668512630235e-01,9.996652603149414062e-01,1.000000000000000000e+00,1.000000000000000000e+00
0.000000000000000000e+00,6.994498283442257547e-01,8.647282123565673828e-01,1.000000000000000000e+00,1.000000000000000000e+00
0.000000000000000000e+00,1.178819294350500618e-02,4.528382327407598495e-03,0.000000000000000000e+00,0.000000000000000000e+00
0.000000000000000000e+00,5.982892865775801816e-01,4.293130636215209961e-01,1.000000000000000000e+00,0.000000000000000000e+00
1.000000000000000000e+00,7.514560911385234077e-01,8.682250380516052246e-01,1.000000000000000000e+00,1.000000000000000000e+00
0.000000000000000000e+00,7.723932996670576645e-02,9.317672811448574066e-03,0.000000000000000000e+00,0.000000000000000000e+00
1.000000000000000000e+00,9.885311284856337366e-01,9.998935461044311523e-01,1.000000000000000000e+00,1.000000000000000000e+00
1.000000000000000000e+00,9.776795550512883404e-01,9.967724680900573730e-01,1.000000000000000000e+00,1.000000000000000000e+00
1.000000000000000000e+00,8.138654666254183656e-01,9.730122089385986328e-01,1.000000000000000000e+00,1.000000000000000000e+00
0.000000000000000000e+00,6.407966850043462018e-03,5.874836642760783434e-05,0.000000000000000000e+00,0.000000000000000000e+00
0.000000000000000000e+00,5.453674690499121791e-03,7.443170034093782306e-05,0.000000000000000000e+00,0.000000000000000000e+00
1.000000000000000000e+00,9.450601960831029880e-01,9.893611073493957520e-01,1.000000000000000000e+00,1.000000000000000000e+00
1.000000000000000000e+00,2.224194473014551310e-02,1.566812768578529358e-02,0.000000000000000000e+00,0.000000000000000000e+00
0.000000000000000000e+00,2.562910413309485089e-02,9.043554891832172871e-04,0.000000000000000000e+00,0.000000000000000000e+00
1.000000000000000000e+00,9.738585971307703870e-01,9.993251562118530273e-01,1.000000000000000000e+00,1.000000000000000000e+00
0.000000000000000000e+00,4.775646493967093675e-02,4.386907070875167847e-02,0.000000000000000000e+00,0.000000000000000000e+00
1.000000000000000000e+00,9.904487626670815947e-01,9.988497495651245117e-01,1.000000000000000000e+00,1.000000000000000000e+00
1.000000000000000000e+00,9.964265414739210680e-01,9.999860525131225586e-01,1.000000000000000000e+00,1.000000000000000000e+00
1.000000000000000000e+00,3.481113062975851880e-01,5.621728301048278809e-01,0.000000000000000000e+00,1.000000000000000000e+00
1.000000000000000000e+00,9.813591246721660166e-01,9.956296682357788086e-01,1.000000000000000000e+00,1.000000000000000000e+00
0.000000000000000000e+00,4.482378993261446759e-02,3.779657417908310890e-03,0.000000000000000000e+00,0.000000000000000000e+00
1.000000000000000000e+00,9.895666432490050068e-01,9.946044087409973145e-01,1.000000000000000000e+00,1.000000000000000000e+00
0.000000000000000000e+00,1.543903519630467416e-02,2.663785358890891075e-03,0.000000000000000000e+00,0.000000000000000000e+00
0.000000000000000000e+00,3.531966273172894993e-02,5.613103974610567093e-03,0.000000000000000000e+00,0.000000000000000000e+00
1.000000000000000000e+00,9.911907160636934666e-01,9.997481703758239746e-01,1.000000000000000000e+00,1.000000000000000000e+00
1.000000000000000000e+00,9.973993733919432891e-01,9.999428987503051758e-01,1.000000000000000000e+00,1.000000000000000000e+00
0.000000000000000000e+00,2.458707719356980348e-01,3.619899451732635498e-01,0.000000000000000000e+00,0.000000000000000000e+00
0.000000000000000000e+00,3.760112006166026477e-01,4.004544913768768311e-01,0.000000000000000000e+00,0.000000000000000000e+00
1.000000000000000000e+00,2.216336892816720416e-01,7.487471401691436768e-02,0.000000000000000000e+00,0.000000000000000000e+00
1.000000000000000000e+00,9.514427247803397547e-01,9.768455028533935547e-01,1.000000000000000000e+00,1.000000000000000000e+00
0.000000000000000000e+00,3.701968427102992221e-03,1.027126490953378379e-04,0.000000000000000000e+00,0.000000000000000000e+00
1.000000000000000000e+00,9.318782602165039952e-01,9.828275442123413086e-01,1.000000000000000000e+00,1.000000000000000000e+00
0.000000000000000000e+00,2.728997561746613343e-01,2.505135834217071533e-01,0.000000000000000000e+00,0.000000000000000000e+00
1.000000000000000000e+00,9.861452364643888968e-01,9.973100423812866211e-01,1.000000000000000000e+00,1.000000000000000000e+00
0.000000000000000000e+00,2.097427330897801492e-02,4.412297625094652176e-03,0.000000000000000000e+00,0.000000000000000000e+00
0.000000000000000000e+00,1.365425473612013330e-01,2.504999749362468719e-03,0.000000000000000000e+00,0.000000000000000000e+00
0.000000000000000000e+00,2.369319934224626417e-02,2.555747050791978836e-03,0.000000000000000000e+00,0.000000000000000000e+00
0.000000000000000000e+00,9.519720695590428994e-01,9.917657971382141113e-01,1.000000000000000000e+00,1.000000000000000000e+00
1.000000000000000000e+00,9.903513423764154222e-01,9.991656541824340820e-01,1.000000000000000000e+00,1.000000000000000000e+00
1.000000000000000000e+00,9.864888156482081172e-01,9.993122816085815430e-01,1.000000000000000000e+00,1.000000000000000000e+00
0.000000000000000000e+00,1.918549087720164761e-02,2.005086280405521393e-03,0.000000000000000000e+00,0.000000000000000000e+00
1.000000000000000000e+00,9.941801129611687049e-01,9.997487664222717285e-01,1.000000000000000000e+00,1.000000000000000000e+00
1.000000000000000000e+00,9.489391305442651525e-01,9.899555444717407227e-01,1.000000000000000000e+00,1.000000000000000000e+00
1.000000000000000000e+00,1.598979382833458085e-01,7.417456805706024170e-02,0.000000000000000000e+00,0.000000000000000000e+00
0.000000000000000000e+00,1.416995696060779353e-01,4.649454727768898010e-02,0.000000000000000000e+00,0.000000000000000000e+00
1.000000000000000000e+00,4.669819037439350007e-01,8.907191157341003418e-01,0.000000000000000000e+00,1.000000000000000000e+00
1.000000000000000000e+00,9.547194276800070600e-01,9.931257963180541992e-01,1.000000000000000000e+00,1.000000000000000000e+00
0.000000000000000000e+00,8.477649126837938365e-02,8.155400305986404419e-02,0.000000000000000000e+00,0.000000000000000000e+00
1.000000000000000000e+00,9.959793300609517397e-01,9.999215602874755859e-01,1.000000000000000000e+00,1.000000000000000000e+00
1.000000000000000000e+00,9.959811510100480270e-01,9.999860525131225586e-01,1.000000000000000000e+00,1.000000000000000000e+00
1.000000000000000000e+00,5.164668650193915411e-01,6.602692604064941406e-01,1.000000000000000000e+00,1.000000000000000000e+00
1.000000000000000000e+00,8.926572736052869050e-01,7.547981739044189453e-01,1.000000000000000000e+00,1.000000000000000000e+00
1.000000000000000000e+00,9.648770520201919165e-01,9.957603812217712402e-01,1.000000000000000000e+00,1.000000000000000000e+00
1.000000000000000000e+00,9.970682910019518230e-01,9.999781847000122070e-01,1.000000000000000000e+00,1.000000000000000000e+00
0.000000000000000000e+00,1.228031034499356966e-01,3.261567279696464539e-02,0.000000000000000000e+00,0.000000000000000000e+00
1.000000000000000000e+00,9.741931674747983383e-01,9.970623850822448730e-01,1.000000000000000000e+00,1.000000000000000000e+00
1.000000000000000000e+00,9.408698320220557632e-01,9.905878305435180664e-01,1.000000000000000000e+00,1.000000000000000000e+00
0.000000000000000000e+00,2.760408987867387087e-01,7.309779524803161621e-02,0.000000000000000000e+00,0.000000000000000000e+00
0.000000000000000000e+00,9.296266532923078141e-02,1.502321939915418625e-02,0.000000000000000000e+00,0.000000000000000000e+00
0.000000000000000000e+00,2.823395558909043077e-02,1.697973581030964851e-03,0.000000000000000000e+00,0.000000000000000000e+00
0.000000000000000000e+00,8.454127856221604898e-01,9.514644145965576172e-01,1.000000000000000000e+00,1.000000000000000000e+00
1.000000000000000000e+00,9.849091542990093817e-01,9.971874356269836426e-01,1.000000000000000000e+00,1.000000000000000000e+00
0.000000000000000000e+00,2.873844196543843404e-02,2.712083281949162483e-03,0.000000000000000000e+00,0.000000000000000000e+00
1.000000000000000000e+00,9.159134714396611754e-01,9.927576780319213867e-01,1.000000000000000000e+00,1.000000000000000000e+00
0.000000000000000000e+00,2.234439948329611236e-02,2.503248862922191620e-03,0.000000000000000000e+00,0.000000000000000000e+00
0.000000000000000000e+00,3.676883614866176264e-02,1.839208067394793034e-03,0.000000000000000000e+00,0.000000000000000000e+00
0.000000000000000000e+00,1.767677588795499022e-01,3.591617345809936523e-01,0.000000000000000000e+00,0.000000000000000000e+00
1.000000000000000000e+00,5.002014386115505307e-01,2.535535693168640137e-01,1.000000000000000000e+00,0.000000000000000000e+00
0.000000000000000000e+00,5.770829042219072919e-02,3.302465751767158508e-02,0.000000000000000000e+00,0.000000000000000000e+00
0.000000000000000000e+00,6.149514776254590975e-01,6.233697533607482910e-01,1.000000000000000000e+00,1.000000000000000000e+00
0.000000000000000000e+00,1.243774952031605902e-02,5.963949952274560928e-04,0.000000000000000000e+00,0.000000000000000000e+00
1.000000000000000000e+00,9.848186461256830393e-01,9.996258020401000977e-01,1.000000000000000000e+00,1.000000000000000000e+00
0.000000000000000000e+00,2.872742129935861033e-02,4.408997483551502228e-03,0.000000000000000000e+00,0.000000000000000000e+00
1.000000000000000000e+00,9.966148562256068599e-01,9.996720552444458008e-01,1.000000000000000000e+00,1.000000000000000000e+00
0.000000000000000000e+00,5.197953495919514603e-03,1.639444497413933277e-03,0.000000000000000000e+00,0.000000000000000000e+00
1.000000000000000000e+00,9.746083378004452014e-01,9.996945858001708984e-01,1.000000000000000000e+00,1.000000000000000000e+00
1.000000000000000000e+00,7.902557858221329612e-01,8.716190457344055176e-01,1.000000000000000000e+00,1.000000000000000000e+00
0.000000000000000000e+00,1.708794648524271376e-01,1.333664357662200928e-02,0.000000000000000000e+00,0.000000000000000000e+00
1.000000000000000000e+00,8.812848312373051662e-01,7.878598570823669434e-01,1.000000000000000000e+00,1.000000000000000000e+00
1.000000000000000000e+00,9.794567155077553711e-01,9.956047534942626953e-01,1.000000000000000000e+00,1.000000000000000000e+00
0.000000000000000000e+00,4.526176463963632046e-01,1.909236609935760498e-01,0.000000000000000000e+00,0.000000000000000000e+00
1.000000000000000000e+00,8.750169193722436844e-01,9.721054434776306152e-01,1.000000000000000000e+00,1.000000000000000000e+00
1.000000000000000000e+00,9.899786231743427090e-01,9.994620680809020996e-01,1.000000000000000000e+00,1.000000000000000000e+00
1.000000000000000000e+00,9.884747777851592421e-01,9.911982417106628418e-01,1.000000000000000000e+00,1.000000000000000000e+00
1.000000000000000000e+00,4.577646457816788028e-01,7.550091743469238281e-01,0.000000000000000000e+00,1.000000000000000000e+00
1.000000000000000000e+00,9.653364979484856390e-01,9.983025789260864258e-01,1.000000000000000000e+00,1.000000000000000000e+00
0.000000000000000000e+00,9.325381572274218239e-03,5.878272349946200848e-04,0.000000000000000000e+00,0.000000000000000000e+00
0.000000000000000000e+00,1.353970289813138071e-02,1.629523746669292450e-02,0.000000000000000000e+00,0.000000000000000000e+00
0.000000000000000000e+00,1.461228251243266996e-01,1.198854967951774597e-01,0.000000000000000000e+00,0.000000000000000000e+00
1.000000000000000000e+00,8.360988034018728143e-01,8.634850382804870605e-01,1.000000000000000000e+00,1.000000000000000000e+00
0.000000000000000000e+00,2.230375499362031722e-01,3.274328634142875671e-02,0.000000000000000000e+00,0.000000000000000000e+00
0.000000000000000000e+00,1.039586157269512395e-01,4.781074076890945435e-02,0.000000000000000000e+00,0.000000000000000000e+00
0.000000000000000000e+00,8.051778914491532213e-02,2.464239299297332764e-02,0.000000000000000000e+00,0.000000000000000000e+00
1.000000000000000000e+00,2.290092048876886388e-01,3.181467056274414062e-01,0.000000000000000000e+00,0.000000000000000000e+00
0.000000000000000000e+00,1.966344562719291034e-02,1.956199295818805695e-03,0.000000000000000000e+00,0.000000000000000000e+00
0.000000000000000000e+00,2.535851138511457242e-02,3.230302128940820694e-03,0.000000000000000000e+00,0.000000000000000000e+00
0.000000000000000000e+00,3.090698944732795869e-02,5.785392131656408310e-03,0.000000000000000000e+00,0.000000000000000000e+00
1.000000000000000000e+00,7.352703519223996453e-01,7.542140483856201172e-01,1.000000000000000000e+00,1.000000000000000000e+00
1.000000000000000000e+00,9.975031337395404707e-01,9.999834299087524414e-01,1.000000000000000000e+00,1.000000000000000000e+00
1.000000000000000000e+00,9.865407432420811862e-01,9.992221593856811523e-01,1.000000000000000000e+00,1.000000000000000000e+00
0.000000000000000000e+00,9.069056653920996025e-01,9.654068946838378906e-01,1.000000000000000000e+00,1.000000000000000000e+00
1.000000000000000000e+00,9.155096862925165002e-01,9.836716055870056152e-01,1.000000000000000000e+00,1.000000000000000000e+00
1.000000000000000000e+00,9.523562546866565226e-01,9.999109506607055664e-01,1.000000000000000000e+00,1.000000000000000000e+00
0.000000000000000000e+00,2.165364038983066952e-01,2.348921149969100952e-01,0.000000000000000000e+00,0.000000000000000000e+00
0.000000000000000000e+00,2.159589613490028696e-03,4.602527769748121500e-05,0.000000000000000000e+00,0.000000000000000000e+00
1.000000000000000000e+00,9.912162301385631924e-01,9.996728897094726562e-01,1.000000000000000000e+00,1.000000000000000000e+00
0.000000000000000000e+00,3.275340743586764303e-01,6.663814187049865723e-02,0.000000000000000000e+00,0.000000000000000000e+00
0.000000000000000000e+00,7.563999998219133290e-03,2.739529882092028856e-04,0.000000000000000000e+00,0.000000000000000000e+00
0.000000000000000000e+00,2.318491338828235909e-02,1.944309915415942669e-03,0.000000000000000000e+00,0.000000000000000000e+00
0.000000000000000000e+00,1.725760508013924610e-01,8.433213084936141968e-02,0.000000000000000000e+00,0.000000000000000000e+00
0.000000000000000000e+00,1.082377759449197965e-02,3.623509546741843224e-04,0.000000000000000000e+00,0.000000000000000000e+00
1.000000000000000000e+00,8.231143786152741448e-01,9.287399649620056152e-01,1.000000000000000000e+00,1.000000000000000000e+00
1.000000000000000000e+00,9.521347104370164738e-01,9.750691652297973633e-01,1.000000000000000000e+00,1.000000000000000000e+00
0.000000000000000000e+00,1.301119649591893010e-02,2.510756894480437040e-04,0.000000000000000000e+00,0.000000000000000000e+00
0.000000000000000000e+00,2.659262994230479626e-01,1.978667229413986206e-01,0.000000000000000000e+00,0.000000000000000000e+00
0.000000000000000000e+00,4.820072550029219638e-02,2.448176499456167221e-03,0.000000000000000000e+00,0.000000000000000000e+00
1.000000000000000000e+00,9.645028223977550885e-01,9.966745376586914062e-01,1.000000000000000000e+00,1.000000000000000000e+00
1.000000000000000000e+00,6.390393097019810842e-01,4.973824620246887207e-01,1.000000000000000000e+00,0.000000000000000000e+00
1.000000000000000000e+00,9.910297405105339408e-01,9.998395442962646484e-01,1.000000000000000000e+00,1.000000000000000000e+00
1.000000000000000000e+00,8.229442982972975384e-01,9.777697920799255371e-01,1.000000000000000000e+00,1.000000000000000000e+00
1.000000000000000000e+00,9.881051874644339872e-01,9.991905093193054199e-01,1.000000000000000000e+00,1.000000000000000000e+00
1.000000000000000000e+00,9.943823031947466307e-01,9.999822378158569336e-01,1.000000000000000000e+00,1.000000000000000000e+00
0.000000000000000000e+00,2.513222754908658874e-01,3.918176516890525818e-02,0.000000000000000000e+00,0.000000000000000000e+00
1.000000000000000000e+00,9.836568682361751526e-01,9.990438818931579590e-01,1.000000000000000000e+00,1.000000000000000000e+00
0.000000000000000000e+00,4.742375347197521074e-01,5.407999157905578613e-01,0.000000000000000000e+00,1.000000000000000000e+00
1.000000000000000000e+00,9.960651648144471793e-01,9.998528957366943359e-01,1.000000000000000000e+00,1.000000000000000000e+00
1.000000000000000000e+00,9.131635165046646518e-01,9.982690811157226562e-01,1.000000000000000000e+00,1.000000000000000000e+00
1.000000000000000000e+00,9.888850111400563359e-01,9.937676191329956055e-01,1.000000000000000000e+00,1.000000000000000000e+00
0.000000000000000000e+00,2.468952439103556662e-01,7.158560305833816528e-02,0.000000000000000000e+00,0.000000000000000000e+00
1.000000000000000000e+00,9.868132792932164943e-01,9.998501539230346680e-01,1.000000000000000000e+00,1.000000000000000000e+00
0.000000000000000000e+00,5.889615593923497316e-01,5.489822626113891602e-01,1.000000000000000000e+00,1.000000000000000000e+00
0.000000000000000000e+00,3.783730729274588367e-02,5.583376623690128326e-03,0.000000000000000000e+00,0.000000000000000000e+00
1.000000000000000000e+00,5.624685542938874239e-01,9.012836217880249023e-01,1.000000000000000000e+00,1.000000000000000000e+00
0.000000000000000000e+00,1.142086678546679474e-01,8.524137549102306366e-03,0.000000000000000000e+00,0.000000000000000000e+00
0.000000000000000000e+00,1.117429449006075715e-01,6.077887956053018570e-03,0.000000000000000000e+00,0.000000000000000000e+00
1.000000000000000000e+00,5.888877211297466330e-01,4.166970252990722656e-01,1.000000000000000000e+00,0.000000000000000000e+00
0.000000000000000000e+00,2.031514821211851535e-02,6.625840906053781509e-04,0.000000000000000000e+00,0.000000000000000000e+00
0.000000000000000000e+00,6.888700021492567827e-02,4.204891249537467957e-02,0.000000000000000000e+00,0.000000000000000000e+00
0.000000000000000000e+00,6.382406354646474878e-02,3.004001686349511147e-03,0.000000000000000000e+00,0.000000000000000000e+00
1.000000000000000000e+00,8.388822993474061018e-01,8.851734399795532227e-01,1.000000000000000000e+00,1.000000000000000000e+00
1.000000000000000000e+00,9.921086388609771101e-01,9.993628859519958496e-01,1.000000000000000000e+00,1.000000000000000000e+00
1.000000000000000000e+00,8.075024060477783427e-01,9.309740662574768066e-01,1.000000000000000000e+00,1.000000000000000000e+00
1.000000000000000000e+00,9.778707802699758700e-01,9.981431961059570312e-01,1.000000000000000000e+00,1.000000000000000000e+00
1.000000000000000000e+00,8.587169905450741103e-01,9.687150120735168457e-01,1.000000000000000000e+00,1.000000000000000000e+00
0.000000000000000000e+00,4.487608760557040832e-01,5.399747490882873535e-01,0.000000000000000000e+00,1.000000000000000000e+00
0.000000000000000000e+00,1.027255896550193504e-01,6.338836997747421265e-02,0.000000000000000000e+00,0.000000000000000000e+00
1.000000000000000000e+00,9.871761331133369621e-01,9.997351765632629395e-01,1.000000000000000000e+00,1.000000000000000000e+00
1.000000000000000000e+00,9.824835077675287964e-01,9.962957501411437988e-01,1.000000000000000000e+00,1.000000000000000000e+00
1.000000000000000000e+00,8.581773717647244171e-01,9.769495129585266113e-01,1.000000000000000000e+00,1.000000000000000000e+00
1.000000000000000000e+00,9.158831249723428103e-01,9.338063001632690430e-01,1.000000000000000000e+00,1.000000000000000000e+00
0.000000000000000000e+00,8.698899079206155738e-02,3.787324577569961548e-02,0.000000000000000000e+00,0.000000000000000000e+00
1.000000000000000000e+00,9.986986722749618961e-01,9.999637603759765625e-01,1.000000000000000000e+00,1.000000000000000000e+00
0.000000000000000000e+00,2.901511576657976252e-02,5.777527112513780594e-04,0.000000000000000000e+00,0.000000000000000000e+00
1.000000000000000000e+00,9.953407765950624819e-01,9.997878670692443848e-01,1.000000000000000000e+00,1.000000000000000000e+00
0.000000000000000000e+00,3.602550287488337499e-02,5.001747980713844299e-03,0.000000000000000000e+00,0.000000000000000000e+00
1.000000000000000000e+00,9.858444711659281046e-01,9.994076490402221680e-01,1.000000000000000000e+00,1.000000000000000000e+00
0.000000000000000000e+00,6.328550123024101470e-02,1.595813408493995667e-02,0.000000000000000000e+00,0.000000000000000000e+00
0.000000000000000000e+00,8.656964409692857396e-03,7.090819417499005795e-04,0.000000000000000000e+00,0.000000000000000000e+00
1.000000000000000000e+00,1.369995063800222290e-01,1.192633509635925293e-01,0.000000000000000000e+00,0.000000000000000000e+00
1.000000000000000000e+00,9.944345480674114945e-01,9.998430013656616211e-01,1.000000000000000000e+00,1.000000000000000000e+00
0.000000000000000000e+00,3.378049593168964276e-02,3.585077123716473579e-03,0.000000000000000000e+00,0.000000000000000000e+00
1.000000000000000000e+00,4.082096601533211633e-01,3.916757404804229736e-01,0.000000000000000000e+00,0.000000000000000000e+00
1.000000000000000000e+00,9.764700235912977533e-01,9.934809207916259766e-01,1.000000000000000000e+00,1.000000000000000000e+00
0.000000000000000000e+00,3.175008201866431068e-01,2.802433669567108154e-01,0.000000000000000000e+00,0.000000000000000000e+00
0.000000000000000000e+00,8.198517824616376182e-02,7.495326921343803406e-03,0.000000000000000000e+00,0.000000000000000000e+00
1.000000000000000000e+00,9.758567143605468841e-01,9.986611604690551758e-01,1.000000000000000000e+00,1.000000000000000000e+00
0.000000000000000000e+00,2.374060044428549093e-02,8.137116092257201672e-04,0.000000000000000000e+00,0.000000000000000000e+00
1.000000000000000000e+00,9.905880519038222642e-01,9.991354346275329590e-01,1.000000000000000000e+00,1.000000000000000000e+00
1.000000000000000000e+00,9.473579987559519466e-01,9.828566908836364746e-01,1.000000000000000000e+00,1.000000000000000000e+00
1.000000000000000000e+00,8.389479756987819892e-01,9.003080725669860840e-01,1.000000000000000000e+00,1.000000000000000000e+00
0.000000000000000000e+00,9.955689198345470114e-02,4.516337439417839050e-02,0.000000000000000000e+00,0.000000000000000000e+00
1.000000000000000000e+00,4.137807786433925217e-01,2.203663587570190430e-01,0.000000000000000000e+00,0.000000000000000000e+00
1.000000000000000000e+00,4.277038489801315291e-01,4.238492548465728760e-01,0.000000000000000000e+00,0.000000000000000000e+00
1.000000000000000000e+00,2.946469288771175754e-01,3.194121718406677246e-01,0.000000000000000000e+00,0.000000000000000000e+00
1.000000000000000000e+00,9.243043370734554953e-01,9.971911311149597168e-01,1.000000000000000000e+00,1.000000000000000000e+00
1.000000000000000000e+00,6.600959648091407894e-01,9.565638899803161621e-01,1.000000000000000000e+00,1.000000000000000000e+00
0.000000000000000000e+00,8.576499605376837476e-02,6.045407149940729141e-03,0.000000000000000000e+00,0.000000000000000000e+00
0.000000000000000000e+00,2.064998251051110290e-02,1.189660048112273216e-03,0.000000000000000000e+00,0.000000000000000000e+00
0.000000000000000000e+00,1.147639218143764982e-02,9.440846624784171581e-04,0.000000000000000000e+00,0.000000000000000000e+00
0.000000000000000000e+00,1.048734935892776526e-01,1.614272743463516235e-01,0.000000000000000000e+00,0.000000000000000000e+00
1.000000000000000000e+00,6.228742719330199185e-01,6.605062484741210938e-01,1.000000000000000000e+00,1.000000000000000000e+00
0.000000000000000000e+00,1.008868118268743327e-02,1.836740266298875213e-04,0.000000000000000000e+00,0.000000000000000000e+00
1.000000000000000000e+00,9.580808747811416781e-01,9.981654286384582520e-01,1.000000000000000000e+00,1.000000000000000000e+00
1.000000000000000000e+00,9.150319646074780433e-01,9.853532910346984863e-01,1.000000000000000000e+00,1.000000000000000000e+00
1.000000000000000000e+00,9.842839246943871911e-01,9.995760321617126465e-01,1.000000000000000000e+00,1.000000000000000000e+00
0.000000000000000000e+00,8.835586059399652692e-02,1.259044930338859558e-02,0.000000000000000000e+00,0.000000000000000000e+00
1.000000000000000000e+00,9.711085715824940845e-01,9.989122152328491211e-01,1.000000000000000000e+00,1.000000000000000000e+00
0.000000000000000000e+00,7.213248293318388037e-03,1.464592205593362451e-04,0.000000000000000000e+00,0.000000000000000000e+00
1.000000000000000000e+00,9.871525292840431787e-01,9.998915195465087891e-01,1.000000000000000000e+00,1.000000000000000000e+00
1.000000000000000000e+00,3.860640412517025166e-01,1.645332872867584229e-01,0.000000000000000000e+00,0.000000000000000000e+00
1.000000000000000000e+00,9.901906677018711411e-01,9.992788434028625488e-01,1.000000000000000000e+00,1.000000000000000000e+00
1.000000000000000000e+00,3.592199539058310576e-01,4.552554488182067871e-01,0.000000000000000000e+00,0.000000000000000000e+00
1.000000000000000000e+00,2.022079263460165310e-01,2.004400342702865601e-01,0.000000000000000000e+00,0.000000000000000000e+00
1.000000000000000000e+00,9.580879649885224447e-01,9.990672469139099121e-01,1.000000000000000000e+00,1.000000000000000000e+00
1.000000000000000000e+00,9.202137073384276666e-01,9.974564909934997559e-01,1.000000000000000000e+00,1.000000000000000000e+00
1.000000000000000000e+00,8.785842654811533148e-01,9.448156356811523438e-01,1.000000000000000000e+00,1.000000000000000000e+00
0.000000000000000000e+00,5.193661906740792977e-02,4.904975183308124542e-03,0.000000000000000000e+00,0.000000000000000000e+00
1.000000000000000000e+00,9.967707794330432636e-01,9.999411106109619141e-01,1.000000000000000000e+00,1.000000000000000000e+00
0.000000000000000000e+00,1.693263857420376425e-02,1.817610231228172779e-03,0.000000000000000000e+00,0.000000000000000000e+00
0.000000000000000000e+00,7.117160985152203301e-01,5.534525513648986816e-01,1.000000000000000000e+00,1.000000000000000000e+00
0.000000000000000000e+00,1.955410087361263930e-03,2.935996599262580276e-05,0.000000000000000000e+00,0.000000000000000000e+00
0.000000000000000000e+00,7.440323620905006652e-02,6.924383342266082764e-03,0.000000000000000000e+00,0.000000000000000000e+00
1.000000000000000000e+00,9.904711705382891473e-01,9.982776641845703125e-01,1.000000000000000000e+00,1.000000000000000000e+00
1.000000000000000000e+00,8.614344675039501409e-01,9.821177124977111816e-01,1.000000000000000000e+00,1.000000000000000000e+00
1.000000000000000000e+00,9.901332886876005324e-01,9.995226860046386719e-01,1.000000000000000000e+00,1.000000000000000000e+00
0.000000000000000000e+00,2.852174250668135930e-02,1.419598981738090515e-02,0.000000000000000000e+00,0.000000000000000000e+00
1.000000000000000000e+00,9.951003790265932070e-01,9.998898506164550781e-01,1.000000000000000000e+00,1.000000000000000000e+00
1.000000000000000000e+00,9.768726195102480636e-01,9.975263476371765137e-01,1.000000000000000000e+00,1.000000000000000000e+00
1.000000000000000000e+00,7.398439231756058776e-01,9.435998201370239258e-01,1.000000000000000000e+00,1.000000000000000000e+00
0.000000000000000000e+00,1.579781064882478450e-02,2.517487620934844017e-03,0.000000000000000000e+00,0.000000000000000000e+00
0.000000000000000000e+00,6.531905497171526243e-01,9.282236695289611816e-01,1.000000000000000000e+00,1.000000000000000000e+00
0.000000000000000000e+00,7.425639234408438760e-01,8.961933255195617676e-01,1.000000000000000000e+00,1.000000000000000000e+00
1.000000000000000000e+00,8.935648360928015732e-01,9.895442724227905273e-01,1.000000000000000000e+00,1.000000000000000000e+00
0.000000000000000000e+00,8.341995001269925103e-02,2.565781213343143463e-02,0.000000000000000000e+00,0.000000000000000000e+00
1.000000000000000000e+00,9.939801632028002487e-01,9.999573230743408203e-01,1.000000000000000000e+00,1.000000000000000000e+00
1.000000000000000000e+00,9.901844158895345416e-01,9.996286630630493164e-01,1.000000000000000000e+00,1.000000000000000000e+00
1.000000000000000000e+00,6.147192168513196942e-01,7.021231055259704590e-01,1.000000000000000000e+00,1.000000000000000000e+00
0.000000000000000000e+00,8.940305138701505963e-03,1.828782114898785949e-04,0.000000000000000000e+00,0.000000000000000000e+00
0.000000000000000000e+00,2.215907871536447124e-02,6.380800041370093822e-04,0.000000000000000000e+00,0.000000000000000000e+00
0.000000000000000000e+00,5.001861928638461768e-02,8.585351519286632538e-03,0.000000000000000000e+00,0.000000000000000000e+00
0.000000000000000000e+00,1.404219519313228692e-01,1.688386499881744385e-01,0.000000000000000000e+00,0.000000000000000000e+00
1.000000000000000000e+00,8.939502646743279213e-01,9.927252531051635742e-01,1.000000000000000000e+00,1.000000000000000000e+00
1.000000000000000000e+00,8.867387123898295975e-01,9.530224800109863281e-01,1.000000000000000000e+00,1.000000000000000000e+00
1.000000000000000000e+00,9.363317387521178370e-01,9.945917725563049316e-01,1.000000000000000000e+00,1.000000000000000000e+00
1.000000000000000000e+00,9.958227438727162983e-01,9.998717308044433594e-01,1.000000000000000000e+00,1.000000000000000000e+00
1.000000000000000000e+00,9.923855007223073565e-01,9.996973276138305664e-01,1.000000000000000000e+00,1.000000000000000000e+00
1.000000000000000000e+00,9.867403183123214516e-01,9.981244206428527832e-01,1.000000000000000000e+00,1.000000000000000000e+00
1.000000000000000000e+00,9.988278416682614402e-01,9.999976158142089844e-01,1.000000000000000000e+00,1.000000000000000000e+00
0.000000000000000000e+00,5.799630565697225237e-02,5.102857947349548340e-03,0.000000000000000000e+00,0.000000000000000000e+00
1.000000000000000000e+00,9.662415630204869155e-01,9.952404499053955078e-01,1.000000000000000000e+00,1.000000000000000000e+00
0.000000000000000000e+00,2.014123669599769684e-02,2.207989571616053581e-03,0.000000000000000000e+00,0.000000000000000000e+00
1.000000000000000000e+00,8.088195192171147019e-01,9.869269728660583496e-01,1.000000000000000000e+00,1.000000000000000000e+00
1.000000000000000000e+00,7.025993184566612371e-01,8.218966722488403320e-01,1.000000000000000000e+00,1.000000000000000000e+00
1.000000000000000000e+00,9.924532032737882759e-01,9.999524354934692383e-01,1.000000000000000000e+00,1.000000000000000000e+00
0.000000000000000000e+00,1.336921174106843989e-02,1.423902902752161026e-02,0.000000000000000000e+00,0.000000000000000000e+00
1.000000000000000000e+00,9.937716711404936953e-01,9.992654919624328613e-01,1.000000000000000000e+00,1.000000000000000000e+00
1.000000000000000000e+00,9.632828701948558114e-01,9.857855439186096191e-01,1.000000000000000000e+00,1.000000000000000000e+00
0.000000000000000000e+00,1.224643734504817227e-01,1.084535848349332809e-02,0.000000000000000000e+00,0.000000000000000000e+00
0.000000000000000000e+00,3.961728952035218493e-02,5.079285241663455963e-03,0.000000000000000000e+00,0.000000000000000000e+00
1.000000000000000000e+00,9.887417602823563856e-01,9.989373087882995605e-01,1.000000000000000000e+00,1.000000000000000000e+00
0.000000000000000000e+00,5.918255712944123781e-01,7.337306141853332520e-01,1.000000000000000000e+00,1.000000000000000000e+00
0.000000000000000000e+00,9.388612419961748709e-03,3.575247319531626999e-05,0.000000000000000000e+00,0.000000000000000000e+00
1.000000000000000000e+00,6.071728065297666843e-01,5.004448294639587402e-01,1.000000000000000000e+00,1.000000000000000000e+00
0.000000000000000000e+00,1.621740111385165106e-01,6.575135886669158936e-02,0.000000000000000000e+00,0.000000000000000000e+00
0.000000000000000000e+00,3.852694575074732536e-02,6.032492965459823608e-03,0.000000000000000000e+00,0.000000000000000000e+00
0.000000000000000000e+00,2.548105292340632419e-02,6.347909220494329929e-04,0.000000000000000000e+00,0.000000000000000000e+00
0.000000000000000000e+00,6.360810814768156352e-01,8.075355291366577148e-01,1.000000000000000000e+00,1.000000000000000000e+00
1.000000000000000000e+00,9.902500149059046963e-01,9.997289776802062988e-01,1.000000000000000000e+00,1.000000000000000000e+00
0.000000000000000000e+00,2.661918208072726680e-02,2.827476942911744118e-03,0.000000000000000000e+00,0.000000000000000000e+00
1.000000000000000000e+00,9.876021904808051088e-01,9.998331069946289062e-01,1.000000000000000000e+00,1.000000000000000000e+00
1.000000000000000000e+00,9.341005881000857825e-01,9.976716637611389160e-01,1.000000000000000000e+00,1.000000000000000000e+00
0.000000000000000000e+00,4.759066633620600006e-01,8.142761886119842529e-02,0.000000000000000000e+00,0.000000000000000000e+00
1.000000000000000000e+00,9.420201445858752409e-01,9.387704730033874512e-01,1.000000000000000000e+00,1.000000000000000000e+00
1.000000000000000000e+00,8.335671145317300468e-01,9.735573530197143555e-01,1.000000000000000000e+00,1.000000000000000000e+00
1.000000000000000000e+00,8.953632671519556885e-01,9.665687084197998047e-01,1.000000000000000000e+00,1.000000000000000000e+00
0.000000000000000000e+00,3.343353099966789310e-02,4.713729489594697952e-03,0.000000000000000000e+00,0.000000000000000000e+00
0.000000000000000000e+00,1.877372879222845570e-01,3.159587457776069641e-02,0.000000000000000000e+00,0.000000000000000000e+00
0.000000000000000000e+00,6.943076312947513151e-02,4.429332446306943893e-03,0.000000000000000000e+00,0.000000000000000000e+00
0.000000000000000000e+00,3.218400488659464709e-02,5.300936754792928696e-03,0.000000000000000000e+00,0.000000000000000000e+00
0.000000000000000000e+00,2.539147481919434152e-02,8.867147262208163738e-04,0.000000000000000000e+00,0.000000000000000000e+00
0.000000000000000000e+00,8.236743118595354352e-01,6.859474778175354004e-01,1.000000000000000000e+00,1.000000000000000000e+00
1.000000000000000000e+00,9.924236412728183465e-01,9.999171495437622070e-01,1.000000000000000000e+00,1.000000000000000000e+00
1.000000000000000000e+00,9.935267524403902373e-01,9.991686344146728516e-01,1.000000000000000000e+00,1.000000000000000000e+00
1.000000000000000000e+00,9.958773933975716419e-01,9.998515844345092773e-01,1.000000000000000000e+00,1.000000000000000000e+00
1.000000000000000000e+00,9.831415903851228322e-01,9.984838366508483887e-01,1.000000000000000000e+00,1.000000000000000000e+00
0.000000000000000000e+00,9.588951238422736487e-03,1.590722968103364110e-04,0.000000000000000000e+00,0.000000000000000000e+00
1.000000000000000000e+00,7.784284710534704610e-01,9.634165763854980469e-01,1.000000000000000000e+00,1.000000000000000000e+00
1.000000000000000000e+00,8.555297801781622802e-01,9.555155038833618164e-01,1.000000000000000000e+00,1.000000000000000000e+00
0.000000000000000000e+00,1.383691285889132039e-01,1.527917087078094482e-01,0.000000000000000000e+00,0.000000000000000000e+00
1.000000000000000000e+00,9.353259115079426422e-01,9.316251277923583984e-01,1.000000000000000000e+00,1.000000000000000000e+00
0.000000000000000000e+00,2.248745029447868707e-02,2.226059883832931519e-02,0.000000000000000000e+00,0.000000000000000000e+00
1.000000000000000000e+00,9.900719475521425617e-01,9.994251728057861328e-01,1.000000000000000000e+00,1.000000000000000000e+00
1.000000000000000000e+00,9.968272948858286631e-01,9.998961687088012695e-01,1.000000000000000000e+00,1.000000000000000000e+00
1.000000000000000000e+00,7.158770224185621034e-01,6.957392096519470215e-01,1.000000000000000000e+00,1.000000000000000000e+00
1.000000000000000000e+00,7.547593919582593069e-02,1.510455925017595291e-02,0.000000000000000000e+00,0.000000000000000000e+00
1.000000000000000000e+00,9.046559455521083759e-01,9.628753662109375000e-01,1.000000000000000000e+00,1.000000000000000000e+00
0.000000000000000000e+00,6.864132692190426377e-02,1.318742986768484116e-02,0.000000000000000000e+00,0.000000000000000000e+00
1.000000000000000000e+00,9.929493967298097523e-01,9.990921020507812500e-01,1.000000000000000000e+00,1.000000000000000000e+00
0.000000000000000000e+00,1.749363253808524643e-01,4.542301967740058899e-02,0.000000000000000000e+00,0.000000000000000000e+00
0.000000000000000000e+00,4.832143994614035432e-02,2.408934757113456726e-03,0.000000000000000000e+00,0.000000000000000000e+00
0.000000000000000000e+00,1.921342554526473193e-02,1.461204490624368191e-03,0.000000000000000000e+00,0.000000000000000000e+00
1.000000000000000000e+00,7.659002070862802602e-01,8.166329264640808105e-01,1.000000000000000000e+00,1.000000000000000000e+00
0.000000000000000000e+00,2.448212907373743807e-01,4.595978930592536926e-02,0.000000000000000000e+00,0.000000000000000000e+00
1.000000000000000000e+00,9.947794930924556134e-01,9.982461929321289062e-01,1.000000000000000000e+00,1.000000000000000000e+00
0.000000000000000000e+00,9.284129987737024803e-02,4.830340854823589325e-03,0.000000000000000000e+00,0.000000000000000000e+00
1.000000000000000000e+00,9.866241077490363054e-01,9.986968636512756348e-01,1.000000000000000000e+00,1.000000000000000000e+00
0.000000000000000000e+00,6.120476853094401759e-02,1.583385467529296875e-02,0.000000000000000000e+00,0.000000000000000000e+00
1.000000000000000000e+00,9.929705483704163171e-01,9.993205070495605469e-01,1.000000000000000000e+00,1.000000000000000000e+00
1.000000000000000000e+00,2.038953685531068316e-01,5.816841721534729004e-01,0.000000000000000000e+00,1.000000000000000000e+00
1.000000000000000000e+00,9.884980200337628586e-01,9.998935461044311523e-01,1.000000000000000000e+00,1.000000000000000000e+00
0.000000000000000000e+00,4.412165708815940501e-02,1.409711502492427826e-02,0.000000000000000000e+00,0.000000000000000000e+00
1.000000000000000000e+00,9.941593922391905869e-01,9.998843669891357422e-01,1.000000000000000000e+00,1.000000000000000000e+00
0.000000000000000000e+00,3.707435128386377121e-02,1.232237927615642548e-02,0.000000000000000000e+00,0.000000000000000000e+00
1.000000000000000000e+00,7.528886659771397705e-01,9.072986245155334473e-01,1.000000000000000000e+00,1.000000000000000000e+00
1.000000000000000000e+00,9.929523051378205123e-01,9.998886585235595703e-01,1.000000000000000000e+00,1.000000000000000000e+00
1.000000000000000000e+00,8.430270841335082421e-01,8.767365217208862305e-01,1.000000000000000000e+00,1.000000000000000000e+00
1.000000000000000000e+00,7.866100486210575449e-01,9.464193582534790039e-01,1.000000000000000000e+00,1.000000000000000000e+00
0.000000000000000000e+00,9.394048491184806698e-03,2.655863063409924507e-03,0.000000000000000000e+00,0.000000000000000000e+00
1.000000000000000000e+00,9.979934389561435637e-01,9.998759031295776367e-01,1.000000000000000000e+00,1.000000000000000000e+00
0.000000000000000000e+00,2.213443276002041715e-01,6.829061359167098999e-02,0.000000000000000000e+00,0.000000000000000000e+00
1.000000000000000000e+00,9.904284537484712159e-01,9.996963739395141602e-01,1.000000000000000000e+00,1.000000000000000000e+00
1.000000000000000000e+00,8.047202933005846992e-01,5.552283525466918945e-01,1.000000000000000000e+00,1.000000000000000000e+00
1.000000000000000000e+00,7.676757748139290127e-01,9.627333879470825195e-01,1.000000000000000000e+00,1.000000000000000000e+00
1.000000000000000000e+00,7.725171775457674306e-01,8.602800369262695312e-01,1.000000000000000000e+00,1.000000000000000000e+00
1.000000000000000000e+00,9.587824674771878719e-01,9.978367686271667480e-01,1.000000000000000000e+00,1.000000000000000000e+00
0.000000000000000000e+00,3.982805932487041428e-02,2.128493739292025566e-03,0.000000000000000000e+00,0.000000000000000000e+00
0.000000000000000000e+00,1.087075889911890691e-01,1.814545243978500366e-01,0.000000000000000000e+00,0.000000000000000000e+00
1.000000000000000000e+00,9.759180649099002958e-01,9.955026507377624512e-01,1.000000000000000000e+00,1.000000000000000000e+00
1.000000000000000000e+00,6.412125506085739612e-01,9.872451424598693848e-01,1.000000000000000000e+00,1.000000000000000000e+00
1.000000000000000000e+00,5.233498643089155022e-01,6.356222629547119141e-01,1.000000000000000000e+00,1.000000000000000000e+00
1.000000000000000000e+00,8.469780983462064095e-01,7.022767066955566406e-01,1.000000000000000000e+00,1.000000000000000000e+00
1.000000000000000000e+00,9.860760081789959886e-01,9.987819790840148926e-01,1.000000000000000000e+00,1.000000000000000000e+00
1.000000000000000000e+00,1.695366949578551163e-01,7.062495499849319458e-02,0.000000000000000000e+00,0.000000000000000000e+00
1.000000000000000000e+00,9.705096933649844937e-01,9.942098855972290039e-01,1.000000000000000000e+00,1.000000000000000000e+00
0.000000000000000000e+00,1.436134423827872993e-02,6.410619243979454041e-04,0.000000000000000000e+00,0.000000000000000000e+00
0.000000000000000000e+00,9.638680996788151489e-01,9.606838822364807129e-01,1.000000000000000000e+00,1.000000000000000000e+00
0.000000000000000000e+00,2.326925833167835592e-02,7.179379928857088089e-03,0.000000000000000000e+00,0.000000000000000000e+00
0.000000000000000000e+00,2.040826337920934319e-01,1.910922974348068237e-01,0.000000000000000000e+00,0.000000000000000000e+00
0.000000000000000000e+00,1.099973152261595963e-02,3.923313342966139317e-04,0.000000000000000000e+00,0.000000000000000000e+00
0.000000000000000000e+00,3.571441889729283226e-01,2.183470875024795532e-01,0.000000000000000000e+00,0.000000000000000000e+00
0.000000000000000000e+00,6.051508800529869364e-02,6.604481022804975510e-03,0.000000000000000000e+00,0.000000000000000000e+00
0.000000000000000000e+00,8.384269530819482563e-02,1.078566629439592361e-02,0.000000000000000000e+00,0.000000000000000000e+00
1.000000000000000000e+00,9.768257767371815170e-01,9.932731389999389648e-01,1.000000000000000000e+00,1.000000000000000000e+00
1.000000000000000000e+00,9.700003442595344083e-01,9.988176226615905762e-01,1.000000000000000000e+00,1.000000000000000000e+00
1.000000000000000000e+00,8.410870097771209197e-01,9.408168196678161621e-01,1.000000000000000000e+00,1.000000000000000000e+00
0.000000000000000000e+00,8.792963884316096213e-02,1.899290829896926880e-02,0.000000000000000000e+00,0.000000000000000000e+00
0.000000000000000000e+00,1.056428659860402519e-01,5.384527146816253662e-02,0.000000000000000000e+00,0.000000000000000000e+00
0.000000000000000000e+00,7.671997323114661260e-02,1.443107798695564270e-02,0.000000000000000000e+00,0.000000000000000000e+00
1.000000000000000000e+00,9.874892269641600828e-01,9.999072551727294922e-01,1.000000000000000000e+00,1.000000000000000000e+00
0.000000000000000000e+00,4.406826358897494300e-01,3.985178470611572266e-01,0.000000000000000000e+00,0.000000000000000000e+00
1.000000000000000000e+00,9.572127781273760405e-01,9.978849291801452637e-01,1.000000000000000000e+00,1.000000000000000000e+00
0.000000000000000000e+00,5.952920434653598963e-02,1.064814906567335129e-02,0.000000000000000000e+00,0.000000000000000000e+00
0.000000000000000000e+00,9.946688894097287237e-02,1.826675422489643097e-02,0.000000000000000000e+00,0.000000000000000000e+00
1.000000000000000000e+00,9.988359705461110627e-01,9.999963045120239258e-01,1.000000000000000000e+00,1.000000000000000000e+00
1.000000000000000000e+00,3.242010043842520894e-01,5.635601878166198730e-01,0.000000000000000000e+00,1.000000000000000000e+00
1.000000000000000000e+00,9.608733346720516044e-01,9.841477870941162109e-01,1.000000000000000000e+00,1.000000000000000000e+00
0.000000000000000000e+00,9.325514476140774056e-02,6.241959985345602036e-03,0.000000000000000000e+00,0.000000000000000000e+00
1.000000000000000000e+00,9.308497518154204009e-01,9.621301889419555664e-01,1.000000000000000000e+00,1.000000000000000000e+00
1.000000000000000000e+00,7.540964049132961033e-01,7.975383996963500977e-01,1.000000000000000000e+00,1.000000000000000000e+00
0.000000000000000000e+00,7.864505088004626610e-02,7.806997746229171753e-02,0.000000000000000000e+00,0.000000000000000000e+00
1.000000000000000000e+00,9.924164454193075136e-01,9.998001456260681152e-01,1.000000000000000000e+00,1.000000000000000000e+00
1.000000000000000000e+00,8.505634041796307221e-01,9.845839738845825195e-01,1.000000000000000000e+00,1.000000000000000000e+00
1.000000000000000000e+00,9.962142373213380697e-01,9.999841451644897461e-01,1.000000000000000000e+00,1.000000000000000000e+00
1.000000000000000000e+00,8.662031556631011320e-01,9.131136536598205566e-01,1.000000000000000000e+00,1.000000000000000000e+00
0.000000000000000000e+00,2.555132477943201572e-02,5.157022271305322647e-03,0.000000000000000000e+00,0.000000000000000000e+00
1.000000000000000000e+00,9.793880966483590189e-01,9.976002573966979980e-01,1.000000000000000000e+00,1.000000000000000000e+00
0.000000000000000000e+00,3.726658613104700396e-02,8.787019178271293640e-04,0.000000000000000000e+00,0.000000000000000000e+00
1.000000000000000000e+00,9.766900900669319707e-01,9.991810917854309082e-01,1.000000000000000000e+00,1.000000000000000000e+00
0.000000000000000000e+00,5.550011180040821668e-02,4.200046882033348083e-02,0.000000000000000000e+00,0.000000000000000000e+00
1.000000000000000000e+00,8.697143259286996830e-01,9.080021977424621582e-01,1.000000000000000000e+00,1.000000000000000000e+00
0.000000000000000000e+00,4.338947607500966835e-02,5.414207931607961655e-03,0.000000000000000000e+00,0.000000000000000000e+00
1.000000000000000000e+00,9.289657404397700935e-01,9.741716980934143066e-01,1.000000000000000000e+00,1.000000000000000000e+00
1.000000000000000000e+00,9.978206561001575770e-01,9.999893903732299805e-01,1.000000000000000000e+00,1.000000000000000000e+00
1.000000000000000000e+00,3.715083342933449551e-01,5.010130405426025391e-01,0.000000000000000000e+00,1.000000000000000000e+00
1.000000000000000000e+00,9.980096254592168981e-01,9.998837709426879883e-01,1.000000000000000000e+00,1.000000000000000000e+00
0.000000000000000000e+00,9.240918666253367456e-03,4.060086212120950222e-04,0.000000000000000000e+00,0.000000000000000000e+00
0.000000000000000000e+00,1.374429455476001705e-01,2.327579446136951447e-02,0.000000000000000000e+00,0.000000000000000000e+00
1.000000000000000000e+00,9.526170306635447504e-01,9.967713952064514160e-01,1.000000000000000000e+00,1.000000000000000000e+00
0.000000000000000000e+00,8.716891546629351728e-02,1.713146269321441650e-02,0.000000000000000000e+00,0.000000000000000000e+00
0.000000000000000000e+00,7.167629457181652342e-01,9.815104007720947266e-01,1.000000000000000000e+00,1.000000000000000000e+00
1.000000000000000000e+00,9.824732439642287485e-01,9.955359697341918945e-01,1.000000000000000000e+00,1.000000000000000000e+00
1.000000000000000000e+00,9.683093559196429556e-01,9.921722412109375000e-01,1.000000000000000000e+00,1.000000000000000000e+00
1.000000000000000000e+00,9.104942936957431954e-01,9.704167246818542480e-01,1.000000000000000000e+00,1.000000000000000000e+00
1.000000000000000000e+00,9.608903501756427268e-01,9.849271774291992188e-01,1.000000000000000000e+00,1.000000000000000000e+00
0.000000000000000000e+00,7.049045231245469265e-03,3.392679383978247643e-03,0.000000000000000000e+00,0.000000000000000000e+00
0.000000000000000000e+00,1.091540646990170338e-01,2.150188982486724854e-01,0.000000000000000000e+00,0.000000000000000000e+00
0.000000000000000000e+00,7.739852835877629456e-02,6.657209247350692749e-02,0.000000000000000000e+00,0.000000000000000000e+00
0.000000000000000000e+00,2.186896012055183219e-02,3.594240115489810705e-04,0.000000000000000000e+00,0.000000000000000000e+00
0.000000000000000000e+00,1.034182038200797266e-01,8.270026743412017822e-02,0.000000000000000000e+00,0.000000000000000000e+00
0.000000000000000000e+00,7.306343596340290902e-02,1.273914277553558350e-01,0.000000000000000000e+00,0.000000000000000000e+00
0.000000000000000000e+00,3.175027368309724096e-01,1.703965812921524048e-01,0.000000000000000000e+00,0.000000000000000000e+00
1.000000000000000000e+00,9.865737535352863130e-01,9.997916817665100098e-01,1.000000000000000000e+00,1.000000000000000000e+00
1.000000000000000000e+00,9.084960967476607419e-01,9.849616289138793945e-01,1.000000000000000000e+00,1.000000000000000000e+00
0.000000000000000000e+00,6.694262810312456846e-02,4.648828413337469101e-03,0.000000000000000000e+00,0.000000000000000000e+00
0.000000000000000000e+00,7.041371926874228082e-01,6.063118577003479004e-01,1.000000000000000000e+00,1.000000000000000000e+00
1.000000000000000000e+00,9.855509865451970164e-01,9.920477271080017090e-01,1.000000000000000000e+00,1.000000000000000000e+00
1.000000000000000000e+00,9.954023362776107664e-01,9.996941089630126953e-01,1.000000000000000000e+00,1.000000000000000000e+00
1.000000000000000000e+00,9.717322072447295289e-01,9.801890850067138672e-01,1.000000000000000000e+00,1.000000000000000000e+00
1.000000000000000000e+00,9.992064912019289480e-01,9.999917745590209961e-01,1.000000000000000000e+00,1.000000000000000000e+00
0.000000000000000000e+00,6.287434444458681049e-02,5.208152346312999725e-03,0.000000000000000000e+00,0.000000000000000000e+00
0.000000000000000000e+00,3.943121674718608194e-02,1.020056754350662231e-02,0.000000000000000000e+00,0.000000000000000000e+00
1.000000000000000000e+00,9.831278686154393265e-01,9.993969202041625977e-01,1.000000000000000000e+00,1.000000000000000000e+00
0.000000000000000000e+00,7.191852170062982275e-01,9.618628621101379395e-01,1.000000000000000000e+00,1.000000000000000000e+00
0.000000000000000000e+00,7.359698149272426992e-02,2.229569945484399796e-03,0.000000000000000000e+00,0.000000000000000000e+00
1.000000000000000000e+00,2.051804016317447521e-01,3.658221662044525146e-01,0.000000000000000000e+00,0.000000000000000000e+00
0.000000000000000000e+00,3.911993162361100951e-01,1.897511035203933716e-01,0.000000000000000000e+00,0.000000000000000000e+00
1.000000000000000000e+00,9.927668311679339608e-01,9.988737702369689941e-01,1.000000000000000000e+00,1.000000000000000000e+00
1.000000000000000000e+00,9.895463744387467120e-01,9.970067143440246582e-01,1.000000000000000000e+00,1.000000000000000000e+00
0.000000000000000000e+00,2.909525626628275963e-02,6.319922977127134800e-04,0.000000000000000000e+00,0.000000000000000000e+00
0.000000000000000000e+00,2.409125257059666347e-01,3.263463452458381653e-02,0.000000000000000000e+00,0.000000000000000000e+00
0.000000000000000000e+00,6.769011336044219486e-03,2.490351325832307339e-04,0.000000000000000000e+00,0.000000000000000000e+00
0.000000000000000000e+00,1.644801001904469540e-01,6.718941032886505127e-02,0.000000000000000000e+00,0.000000000000000000e+00
0.000000000000000000e+00,5.006739883745126019e-02,3.408129094168543816e-03,0.000000000000000000e+00,0.000000000000000000e+00
1.000000000000000000e+00,9.897720110948357020e-01,9.994341731071472168e-01,1.000000000000000000e+00,1.000000000000000000e+00
0.000000000000000000e+00,2.149487720795218437e-01,1.600506752729415894e-01,0.000000000000000000e+00,0.000000000000000000e+00
0.000000000000000000e+00,1.309125782520268420e-02,8.266509394161403179e-04,0.000000000000000000e+00,0.000000000000000000e+00
1.000000000000000000e+00,7.514758136563983726e-01,8.985366821289062500e-01,1.000000000000000000e+00,1.000000000000000000e+00
1.000000000000000000e+00,9.031326953784167832e-01,9.769221544265747070e-01,1.000000000000000000e+00,1.000000000000000000e+00
1.000000000000000000e+00,5.859228218081778961e-01,7.706342339515686035e-01,1.000000000000000000e+00,1.000000000000000000e+00
0.000000000000000000e+00,2.081483700874804665e-01,1.547909975051879883e-01,0.000000000000000000e+00,0.000000000000000000e+00
1.000000000000000000e+00,9.757482862287786274e-01,9.990119934082031250e-01,1.000000000000000000e+00,1.000000000000000000e+00
1.000000000000000000e+00,9.379725216871430682e-01,9.636116027832031250e-01,1.000000000000000000e+00,1.000000000000000000e+00
0.000000000000000000e+00,1.357548318789410235e-01,2.130577107891440392e-03,0.000000000000000000e+00,0.000000000000000000e+00
1.000000000000000000e+00,9.865909952168903096e-01,9.981651902198791504e-01,1.000000000000000000e+00,1.000000000000000000e+00
1.000000000000000000e+00,6.805970673046166652e-01,8.974828720092773438e-01,1.000000000000000000e+00,1.000000000000000000e+00
0.000000000000000000e+00,3.312279716326112927e-02,1.035053748637437820e-03,0.000000000000000000e+00,0.000000000000000000e+00
0.000000000000000000e+00,2.339213775907490744e-01,1.468954533338546753e-01,0.000000000000000000e+00,0.000000000000000000e+00
1.000000000000000000e+00,3.622283478985272587e-01,3.449323773384094238e-01,0.000000000000000000e+00,0.000000000000000000e+00
1.000000000000000000e+00,9.984281929923348731e-01,9.999593496322631836e-01,1.000000000000000000e+00,1.000000000000000000e+00
0.000000000000000000e+00,2.433114724029366432e-02,2.871049335226416588e-03,0.000000000000000000e+00,0.000000000000000000e+00
0.000000000000000000e+00,2.555053933495911311e-02,6.480963900685310364e-03,0.000000000000000000e+00,0.000000000000000000e+00
0.000000000000000000e+00,6.497564346001360319e-03,3.120542096439749002e-04,0.000000000000000000e+00,0.000000000000000000e+00
0.000000000000000000e+00,1.506321633465414894e-02,2.486173762008547783e-03,0.000000000000000000e+00,0.000000000000000000e+00
0.000000000000000000e+00,1.564196615078781646e-02,7.019415497779846191e-04,0.000000000000000000e+00,0.000000000000000000e+00
0.000000000000000000e+00,5.852315598082269421e-01,6.035844683647155762e-01,1.000000000000000000e+00,1.000000000000000000e+00
1.000000000000000000e+00,9.824533026730630780e-01,9.950841069221496582e-01,1.000000000000000000e+00,1.000000000000000000e+00
1.000000000000000000e+00,9.927903738046129911e-01,9.998282194137573242e-01,1.000000000000000000e+00,1.000000000000000000e+00
1.000000000000000000e+00,9.888410030849932308e-01,9.993138313293457031e-01,1.000000000000000000e+00,1.000000000000000000e+00
0.000000000000000000e+00,5.738774802835025501e-02,9.446974843740463257e-03,0.000000000000000000e+00,0.000000000000000000e+00
1.000000000000000000e+00,9.955100524722904076e-01,9.999508857727050781e-01,1.000000000000000000e+00,1.000000000000000000e+00
0.000000000000000000e+00,1.686083180578207552e-01,3.834661096334457397e-02,0.000000000000000000e+00,0.000000000000000000e+00
1.000000000000000000e+00,9.944155500553595317e-01,9.992959499359130859e-01,1.000000000000000000e+00,1.000000000000000000e+00
1.000000000000000000e+00,8.693400063140986900e-01,9.446926116943359375e-01,1.000000000000000000e+00,1.000000000000000000e+00
1.000000000000000000e+00,7.769584145700988431e-01,9.725353121757507324e-01,1.000000000000000000e+00,1.000000000000000000e+00
1.000000000000000000e+00,9.850447618744269107e-01,9.992805123329162598e-01,1.000000000000000000e+00,1.000000000000000000e+00
1.000000000000000000e+00,8.151063054660059315e-01,8.972572684288024902e-01,1.000000000000000000e+00,1.000000000000000000e+00
0.000000000000000000e+00,2.953255945030920301e-02,9.014247916638851166e-04,0.000000000000000000e+00,0.000000000000000000e+00
0.000000000000000000e+00,2.702009350203012777e-02,7.720564957708120346e-03,0.000000000000000000e+00,0.000000000000000000e+00
0.000000000000000000e+00,4.473346556720865230e-01,5.196303725242614746e-01,0.000000000000000000e+00,1.000000000000000000e+00
1.000000000000000000e+00,9.380296315564194964e-01,9.977660179138183594e-01,1.000000000000000000e+00,1.000000000000000000e+00
1.000000000000000000e+00,5.226099691834098504e-01,5.300777554512023926e-01,1.000000000000000000e+00,1.000000000000000000e+00
1.000000000000000000e+00,9.335694525299848001e-01,9.967705011367797852e-01,1.000000000000000000e+00,1.000000000000000000e+00
1.000000000000000000e+00,9.810443103230087614e-01,9.987175464630126953e-01,1.000000000000000000e+00,1.000000000000000000e+00
0.000000000000000000e+00,1.015600384556480801e-01,1.062022522091865540e-02,0.000000000000000000e+00,0.000000000000000000e+00
0.000000000000000000e+00,2.962749346592239569e-02,8.089574053883552551e-03,0.000000000000000000e+00,0.000000000000000000e+00
1.000000000000000000e+00,9.318968765678438126e-01,9.064971804618835449e-01,1.000000000000000000e+00,1.000000000000000000e+00
0.000000000000000000e+00,3.410158737098410026e-03,3.322385600768029690e-04,0.000000000000000000e+00,0.000000000000000000e+00
1.000000000000000000e+00,9.957224131000708134e-01,9.999308586120605469e-01,1.000000000000000000e+00,1.000000000000000000e+00
1.000000000000000000e+00,9.726313651735667420e-01,9.986642599105834961e-01,1.000000000000000000e+00,1.000000000000000000e+00
0.000000000000000000e+00,1.036957230579478931e-02,4.789624945260584354e-04,0.000000000000000000e+00,0.000000000000000000e+00
1.000000000000000000e+00,3.546860628820752703e-01,2.059861868619918823e-01,0.000000000000000000e+00,0.000000000000000000e+00
0.000000000000000000e+00,2.048056632256591014e-02,6.241784431040287018e-04,0.000000000000000000e+00,0.000000000000000000e+00
0.000000000000000000e+00,1.557364012517544610e-02,1.176184974610805511e-03,0.000000000000000000e+00,0.000000000000000000e+00
0.000000000000000000e+00,4.026702188169008212e-03,3.523870691424235702e-05,0.000000000000000000e+00,0.000000000000000000e+00
0.000000000000000000e+00,2.178097856841650359e-01,3.977796435356140137e-02,0.000000000000000000e+00,0.000000000000000000e+00
1.000000000000000000e+00,9.653406830898155766e-01,9.892885684967041016e-01,1.000000000000000000e+00,1.000000000000000000e+00
0.000000000000000000e+00,7.813424095707938166e-01,8.274235129356384277e-01,1.000000000000000000e+00,1.000000000000000000e+00
1.000000000000000000e+00,9.981039081980404015e-01,9.998254179954528809e-01,1.000000000000000000e+00,1.000000000000000000e+00
0.000000000000000000e+00,7.386973792347508588e-03,1.618638925720006227e-04,0.000000000000000000e+00,0.000000000000000000e+00
1.000000000000000000e+00,9.927623926355967354e-01,9.985721111297607422e-01,1.000000000000000000e+00,1.000000000000000000e+00
1.000000000000000000e+00,9.617364233168245180e-01,9.974421262741088867e-01,1.000000000000000000e+00,1.000000000000000000e+00
1.000000000000000000e+00,9.922202128784374242e-01,9.999364614486694336e-01,1.000000000000000000e+00,1.000000000000000000e+00
0.000000000000000000e+00,1.019118685362931098e-02,1.724950561765581369e-04,0.000000000000000000e+00,0.000000000000000000e+00
0.000000000000000000e+00,2.619303084963752956e-02,4.065762273967266083e-03,0.000000000000000000e+00,0.000000000000000000e+00
1.000000000000000000e+00,9.812510728576384622e-01,9.984361529350280762e-01,1.000000000000000000e+00,1.000000000000000000e+00
0.000000000000000000e+00,2.726708177516738024e-02,2.756122732535004616e-03,0.000000000000000000e+00,0.000000000000000000e+00
1.000000000000000000e+00,9.767015450783712582e-01,9.994084835052490234e-01,1.000000000000000000e+00,1.000000000000000000e+00
1.000000000000000000e+00,9.005215561340071950e-01,9.954019784927368164e-01,1.000000000000000000e+00,1.000000000000000000e+00
1.000000000000000000e+00,9.567294840293960601e-01,9.943491816520690918e-01,1.000000000000000000e+00,1.000000000000000000e+00
1.000000000000000000e+00,5.617128504769343111e-01,7.664999961853027344e-01,1.000000000000000000e+00,1.000000000000000000e+00
0.000000000000000000e+00,6.444108226739571343e-02,9.219801053404808044e-03,0.000000000000000000e+00,0.000000000000000000e+00
0.000000000000000000e+00,3.521949321484317552e-02,5.395165644586086273e-03,0.000000000000000000e+00,0.000000000000000000e+00
1.000000000000000000e+00,9.500054861777181836e-01,9.931532144546508789e-01,1.000000000000000000e+00,1.000000000000000000e+00
1.000000000000000000e+00,8.572986727126887807e-01,9.944421648979187012e-01,1.000000000000000000e+00,1.000000000000000000e+00
1.000000000000000000e+00,9.956538759030501007e-01,9.994146823883056641e-01,1.000000000000000000e+00,1.000000000000000000e+00
0.000000000000000000e+00,1.640441563261550023e-02,6.276070140302181244e-03,0.000000000000000000e+00,0.000000000000000000e+00
0.000000000000000000e+00,1.316737938279015190e-02,5.045078578405082226e-04,0.000000000000000000e+00,0.000000000000000000e+00
1.000000000000000000e+00,9.912736781273795428e-01,9.899229407310485840e-01,1.000000000000000000e+00,1.000000000000000000e+00
1.000000000000000000e+00,9.838572076961580315e-01,9.992042183876037598e-01,1.000000000000000000e+00,1.000000000000000000e+00
0.000000000000000000e+00,5.696760115956678305e-02,5.084297619760036469e-03,0.000000000000000000e+00,0.000000000000000000e+00
0.000000000000000000e+00,6.264086950834758527e-01,6.409612298011779785e-01,1.000000000000000000e+00,1.000000000000000000e+00
0.000000000000000000e+00,1.953562476784934804e-02,2.297887811437249184e-03,0.000000000000000000e+00,0.000000000000000000e+00
0.000000000000000000e+00,5.977938656768500697e-02,1.322545390576124191e-02,0.000000000000000000e+00,0.000000000000000000e+00
0.000000000000000000e+00,8.376233991977102833e-02,1.116024143993854523e-02,0.000000000000000000e+00,0.000000000000000000e+00
0.000000000000000000e+00,1.494085484809692110e-01,1.170877963304519653e-01,0.000000000000000000e+00,0.000000000000000000e+00
0.000000000000000000e+00,2.338169623828518784e-01,2.777037024497985840e-02,0.000000000000000000e+00,0.000000000000000000e+00
1.000000000000000000e+00,8.283415839485144261e-01,9.842288494110107422e-01,1.000000000000000000e+00,1.000000000000000000e+00
0.000000000000000000e+00,2.890194600925029000e-01,1.201937198638916016e-01,0.000000000000000000e+00,0.000000000000000000e+00
1.000000000000000000e+00,5.484700444832781852e-01,9.600774049758911133e-01,1.000000000000000000e+00,1.000000000000000000e+00
0.000000000000000000e+00,1.562718970958884568e-01,1.308516710996627808e-01,0.000000000000000000e+00,0.000000000000000000e+00
0.000000000000000000e+00,5.766850711180214993e-03,2.542230300605297089e-03,0.000000000000000000e+00,0.000000000000000000e+00
0.000000000000000000e+00,5.199771159152569329e-03,8.922630513552576303e-05,0.000000000000000000e+00,0.000000000000000000e+00
0.000000000000000000e+00,7.652519375172455174e-01,8.623859286308288574e-01,1.000000000000000000e+00,1.000000000000000000e+00
0.000000000000000000e+00,7.468912484293409315e-02,2.341769635677337646e-02,0.000000000000000000e+00,0.000000000000000000e+00
0.000000000000000000e+00,3.220585335242265868e-01,5.733287334442138672e-01,0.000000000000000000e+00,1.000000000000000000e+00
1.000000000000000000e+00,9.293477418807469803e-01,9.930613636970520020e-01,1.000000000000000000e+00,1.000000000000000000e+00
1.000000000000000000e+00,1.981827012581818537e-01,1.042181998491287231e-01,0.000000000000000000e+00,0.000000000000000000e+00
0.000000000000000000e+00,5.924233681710487642e-02,2.859779167920351028e-03,0.000000000000000000e+00,0.000000000000000000e+00
0.000000000000000000e+00,8.309784895384758271e-03,2.438103110762313008e-04,0.000000000000000000e+00,0.000000000000000000e+00
0.000000000000000000e+00,1.238953786493722647e-01,6.648965924978256226e-02,0.000000000000000000e+00,0.000000000000000000e+00
1.000000000000000000e+00,8.224093247827836128e-01,6.443951725959777832e-01,1.000000000000000000e+00,1.000000000000000000e+00
0.000000000000000000e+00,1.640695253378541066e-02,7.546943961642682552e-04,0.000000000000000000e+00,0.000000000000000000e+00
1.000000000000000000e+00,9.741976373209342288e-01,9.988434314727783203e-01,1.000000000000000000e+00,1.000000000000000000e+00
1.000000000000000000e+00,8.531871248301827748e-01,9.519177079200744629e-01,1.000000000000000000e+00,1.000000000000000000e+00
1.000000000000000000e+00,8.248834679934111680e-01,6.936311125755310059e-01,1.000000000000000000e+00,1.000000000000000000e+00
0.000000000000000000e+00,3.012633268566778169e-02,1.309825805947184563e-03,0.000000000000000000e+00,0.000000000000000000e+00
0.000000000000000000e+00,5.568608176788949482e-01,5.891011953353881836e-01,1.000000000000000000e+00,1.000000000000000000e+00
0.000000000000000000e+00,8.978644303082711220e-01,9.868803024291992188e-01,1.000000000000000000e+00,1.000000000000000000e+00
0.000000000000000000e+00,4.472123024554843125e-03,6.249254511203616858e-05,0.000000000000000000e+00,0.000000000000000000e+00
0.000000000000000000e+00,4.896458960236867858e-02,4.804989323019981384e-03,0.000000000000000000e+00,0.000000000000000000e+00
0.000000000000000000e+00,8.720031294016505896e-01,9.760045409202575684e-01,1.000000000000000000e+00,1.000000000000000000e+00
1.000000000000000000e+00,9.516399969324741415e-01,9.817503690719604492e-01,1.000000000000000000e+00,1.000000000000000000e+00
1.000000000000000000e+00,9.478495958505118724e-01,9.875046610832214355e-01,1.000000000000000000e+00,1.000000000000000000e+00
0.000000000000000000e+00,2.168458639404737334e-02,4.963033716194331646e-04,0.000000000000000000e+00,0.000000000000000000e+00
1.000000000000000000e+00,9.402858000509486391e-01,9.479730725288391113e-01,1.000000000000000000e+00,1.000000000000000000e+00
0.000000000000000000e+00,2.815809402661985025e-02,1.030039857141673565e-03,0.000000000000000000e+00,0.000000000000000000e+00
1.000000000000000000e+00,9.901381839759670900e-01,9.981959462165832520e-01,1.000000000000000000e+00,1.000000000000000000e+00
0.000000000000000000e+00,1.040840589833431085e-01,4.519917815923690796e-02,0.000000000000000000e+00,0.000000000000000000e+00
1.000000000000000000e+00,9.834491515539913742e-01,9.996505975723266602e-01,1.000000000000000000e+00,1.000000000000000000e+00
1.000000000000000000e+00,9.977117569518973994e-01,9.999498128890991211e-01,1.000000000000000000e+00,1.000000000000000000e+00
1.000000000000000000e+00,7.067223707908169006e-01,9.017990827560424805e-01,1.000000000000000000e+00,1.000000000000000000e+00
0.000000000000000000e+00,6.299133453283478623e-03,8.683743071742355824e-04,0.000000000000000000e+00,0.000000000000000000e+00
1.000000000000000000e+00,8.956014896800779113e-01,9.917642474174499512e-01,1.000000000000000000e+00,1.000000000000000000e+00
1.000000000000000000e+00,7.699447307194716705e-01,8.640762567520141602e-01,1.000000000000000000e+00,1.000000000000000000e+00
1.000000000000000000e+00,4.362405424954304278e-01,3.312356472015380859e-01,0.000000000000000000e+00,0.000000000000000000e+00
0.000000000000000000e+00,2.972171664201068292e-02,3.068303456529974937e-03,0.000000000000000000e+00,0.000000000000000000e+00
0.000000000000000000e+00,9.872627368946074178e-02,1.781736873090267181e-02,0.000000000000000000e+00,0.000000000000000000e+00
0.000000000000000000e+00,2.688638512951242038e-02,2.564254216849803925e-03,0.000000000000000000e+00,0.000000000000000000e+00
0.000000000000000000e+00,3.093500972590841336e-01,9.755364060401916504e-02,0.000000000000000000e+00,0.000000000000000000e+00
0.000000000000000000e+00,3.730029072082911845e-02,1.290475670248270035e-02,0.000000000000000000e+00,0.000000000000000000e+00
0.000000000000000000e+00,5.265184227931181404e-02,9.068825282156467438e-03,0.000000000000000000e+00,0.000000000000000000e+00
0.000000000000000000e+00,3.709071466733324107e-02,1.901705632917582989e-03,0.000000000000000000e+00,0.000000000000000000e+00
0.000000000000000000e+00,1.165455944652512774e-02,7.233273936435580254e-04,0.000000000000000000e+00,0.000000000000000000e+00
1.000000000000000000e+00,9.452728892383535086e-01,9.990288019180297852e-01,1.000000000000000000e+00,1.000000000000000000e+00
0.000000000000000000e+00,1.204989855100068244e-02,1.989688171306625009e-04,0.000000000000000000e+00,0.000000000000000000e+00
0.000000000000000000e+00,7.384568210676072109e-02,2.100975252687931061e-03,0.000000000000000000e+00,0.000000000000000000e+00
1.000000000000000000e+00,6.206669941368645471e-01,7.548402547836303711e-01,1.000000000000000000e+00,1.000000000000000000e+00
0.000000000000000000e+00,2.400160491392187151e-02,2.346818102523684502e-03,0.000000000000000000e+00,0.000000000000000000e+00
0.000000000000000000e+00,6.476021748002951106e-02,7.899111136794090271e-03,0.000000000000000000e+00,0.000000000000000000e+00
1.000000000000000000e+00,9.925118144112301533e-01,9.981186985969543457e-01,1.000000000000000000e+00,1.000000000000000000e+00
1.000000000000000000e+00,9.874976015596629297e-01,9.995916485786437988e-01,1.000000000000000000e+00,1.000000000000000000e+00
1.000000000000000000e+00,9.095756849877566497e-01,8.702791929244995117e-01,1.000000000000000000e+00,1.000000000000000000e+00
1.000000000000000000e+00,8.136030358523119732e-01,9.774657487869262695e-01,1.000000000000000000e+00,1.000000000000000000e+00
1.000000000000000000e+00,3.314969780270776711e-01,5.406578779220581055e-01,0.000000000000000000e+00,1.000000000000000000e+00
0.000000000000000000e+00,3.114995274007454490e-02,4.972561262547969818e-03,0.000000000000000000e+00,0.000000000000000000e+00
0.000000000000000000e+00,4.738625418348518109e-02,6.356651894748210907e-03,0.000000000000000000e+00,0.000000000000000000e+00
1.000000000000000000e+00,4.997633888198377838e-01,8.736124038696289062e-01,0.000000000000000000e+00,1.000000000000000000e+00
1.000000000000000000e+00,9.402640663720983616e-01,9.930576086044311523e-01,1.000000000000000000e+00,1.000000000000000000e+00
0.000000000000000000e+00,2.410290648798935759e-02,2.763425291050225496e-04,0.000000000000000000e+00,0.000000000000000000e+00
0.000000000000000000e+00,9.414341285882600607e-02,2.185978926718235016e-02,0.000000000000000000e+00,0.000000000000000000e+00
0.000000000000000000e+00,5.879383999419136170e-02,8.989165723323822021e-02,0.000000000000000000e+00,0.000000000000000000e+00
0.000000000000000000e+00,4.352630166559819103e-02,1.350656524300575256e-02,0.000000000000000000e+00,0.000000000000000000e+00
0.000000000000000000e+00,2.680088109565716484e-02,4.310502670705318451e-03,0.000000000000000000e+00,0.000000000000000000e+00
1.000000000000000000e+00,9.445578857437675335e-01,9.933498501777648926e-01,1.000000000000000000e+00,1.000000000000000000e+00
0.000000000000000000e+00,4.147600731064026713e-01,1.011235937476158142e-01,0.000000000000000000e+00,0.000000000000000000e+00
1.000000000000000000e+00,8.816359886949783897e-01,9.789367914199829102e-01,1.000000000000000000e+00,1.000000000000000000e+00
1.000000000000000000e+00,1.719975952192836777e-01,1.121502220630645752e-01,0.000000000000000000e+00,0.000000000000000000e+00
0.000000000000000000e+00,1.267923339850366149e-01,4.529917985200881958e-02,0.000000000000000000e+00,0.000000000000000000e+00
0.000000000000000000e+00,2.969487097036943024e-01,4.694992601871490479e-01,0.000000000000000000e+00,0.000000000000000000e+00
0.000000000000000000e+00,9.996636610137783763e-03,3.682822862174361944e-04,0.000000000000000000e+00,0.000000000000000000e+00
1.000000000000000000e+00,9.429086409614608755e-01,9.969248175621032715e-01,1.000000000000000000e+00,1.000000000000000000e+00
0.000000000000000000e+00,5.063757067104874415e-02,8.650219067931175232e-03,0.000000000000000000e+00,0.000000000000000000e+00
0.000000000000000000e+00,3.933442826487892341e-01,5.429722070693969727e-01,0.000000000000000000e+00,1.000000000000000000e+00
0.000000000000000000e+00,3.220498514890774988e-01,1.872761398553848267e-01,0.000000000000000000e+00,0.000000000000000000e+00
1.000000000000000000e+00,6.223791088933702254e-01,5.621031522750854492e-01,1.000000000000000000e+00,1.000000000000000000e+00
0.000000000000000000e+00,1.395817802958846388e-01,6.995896250009536743e-02,0.000000000000000000e+00,0.000000000000000000e+00
0.000000000000000000e+00,1.445686305856363485e-01,4.000089690089225769e-02,0.000000000000000000e+00,0.000000000000000000e+00
0.000000000000000000e+00,1.699071649624209757e-01,8.616609871387481689e-02,0.000000000000000000e+00,0.000000000000000000e+00
0.000000000000000000e+00,5.129451827884336755e-03,1.459109771531075239e-04,0.000000000000000000e+00,0.000000000000000000e+00
1.000000000000000000e+00,9.928208808083470727e-01,9.995135068893432617e-01,1.000000000000000000e+00,1.000000000000000000e+00
0.000000000000000000e+00,4.068108493492624822e-01,4.584453627467155457e-02,0.000000000000000000e+00,0.000000000000000000e+00
0.000000000000000000e+00,2.665210347911703415e-02,1.700561260804533958e-03,0.000000000000000000e+00,0.000000000000000000e+00
0.000000000000000000e+00,4.041394470806074224e-02,6.824694573879241943e-03,0.000000000000000000e+00,0.000000000000000000e+00
0.000000000000000000e+00,2.560497299454069994e-02,9.752213023602962494e-03,0.000000000000000000e+00,0.000000000000000000e+00
0.000000000000000000e+00,2.096659893341474012e-01,2.586972713470458984e-02,0.000000000000000000e+00,0.000000000000000000e+00
0.000000000000000000e+00,4.146559050804886071e-01,7.931622862815856934e-01,0.000000000000000000e+00,1.000000000000000000e+00
0.000000000000000000e+00,8.376448467853202240e-03,4.428877437021583319e-04,0.000000000000000000e+00,0.000000000000000000e+00
1.000000000000000000e+00,9.764660954156560990e-01,9.992198944091796875e-01,1.000000000000000000e+00,1.000000000000000000e+00
0.000000000000000000e+00,1.076118674841065881e-01,2.646340988576412201e-02,0.000000000000000000e+00,0.000000000000000000e+00
1.000000000000000000e+00,9.902975958312127958e-01,9.990922212600708008e-01,1.000000000000000000e+00,1.000000000000000000e+00
0.000000000000000000e+00,1.947473055576061651e-01,7.949861697852611542e-03,0.000000000000000000e+00,0.000000000000000000e+00
1.000000000000000000e+00,9.354946876258685151e-01,9.924863576889038086e-01,1.000000000000000000e+00,1.000000000000000000e+00
1.000000000000000000e+00,9.979686965877249127e-01,9.999914169311523438e-01,1.000000000000000000e+00,1.000000000000000000e+00
1.000000000000000000e+00,9.695301118996709766e-01,9.804881811141967773e-01,1.000000000000000000e+00,1.000000000000000000e+00
0.000000000000000000e+00,5.022737363366202440e-02,4.139436874538660049e-03,0.000000000000000000e+00,0.000000000000000000e+00
0.000000000000000000e+00,2.016195607558390890e-02,1.151659190654754639e-01,0.000000000000000000e+00,0.000000000000000000e+00
0.000000000000000000e+00,1.408838129024459450e-02,4.644587170332670212e-04,0.000000000000000000e+00,0.000000000000000000e+00
1.000000000000000000e+00,9.419467768340632485e-01,9.924730062484741211e-01,1.000000000000000000e+00,1.000000000000000000e+00
1.000000000000000000e+00,2.721603018848640643e-01,1.112346351146697998e-01,0.000000000000000000e+00,0.000000000000000000e+00
1.000000000000000000e+00,8.944728785079294475e-01,9.733887910842895508e-01,1.000000000000000000e+00,1.000000000000000000e+00
0.000000000000000000e+00,1.078108786035684823e-02,6.720898090861737728e-04,0.000000000000000000e+00,0.000000000000000000e+00
1.000000000000000000e+00,9.670406816115051374e-01,9.992867112159729004e-01,1.000000000000000000e+00,1.000000000000000000e+00
1.000000000000000000e+00,6.043462802331256434e-01,7.311496734619140625e-01,1.000000000000000000e+00,1.000000000000000000e+00
0.000000000000000000e+00,2.131630743605673617e-01,6.442251801490783691e-02,0.000000000000000000e+00,0.000000000000000000e+00
0.000000000000000000e+00,3.414840668737279678e-02,2.740197069942951202e-02,0.000000000000000000e+00,0.000000000000000000e+00
1.000000000000000000e+00,5.315721299243468811e-01,8.271371126174926758e-01,1.000000000000000000e+00,1.000000000000000000e+00
0.000000000000000000e+00,9.884112758773098972e-02,5.264799296855926514e-02,0.000000000000000000e+00,0.000000000000000000e+00
0.000000000000000000e+00,2.472156001243196871e-02,1.452000462450087070e-03,0.000000000000000000e+00,0.000000000000000000e+00
0.000000000000000000e+00,5.848230563682036212e-03,2.339849743293598294e-04,0.000000000000000000e+00,0.000000000000000000e+00
1.000000000000000000e+00,8.931923961875973816e-01,8.995254039764404297e-01,1.000000000000000000e+00,1.000000000000000000e+00
1.000000000000000000e+00,9.908617853446385348e-01,9.995102882385253906e-01,1.000000000000000000e+00,1.000000000000000000e+00
1.000000000000000000e+00,9.148074100402064923e-01,9.714760184288024902e-01,1.000000000000000000e+00,1.000000000000000000e+00
0.000000000000000000e+00,1.025337758741496144e-02,8.094592019915580750e-03,0.000000000000000000e+00,0.000000000000000000e+00
0.000000000000000000e+00,2.325565215257975951e-02,5.052109248936176300e-03,0.000000000000000000e+00,0.000000000000000000e+00
1.000000000000000000e+00,9.355342123623204831e-01,9.866425991058349609e-01,1.000000000000000000e+00,1.000000000000000000e+00
1.000000000000000000e+00,7.929663239522118934e-01,9.738230109214782715e-01,1.000000000000000000e+00,1.000000000000000000e+00
1.000000000000000000e+00,9.948970084742471132e-01,9.994168281555175781e-01,1.000000000000000000e+00,1.000000000000000000e+00
0.000000000000000000e+00,4.845113945297710618e-03,1.841267803683876991e-04,0.000000000000000000e+00,0.000000000000000000e+00
1.000000000000000000e+00,9.790845204385369982e-01,9.971756935119628906e-01,1.000000000000000000e+00,1.000000000000000000e+00
0.000000000000000000e+00,5.786529132939906804e-03,1.133140976889990270e-04,0.000000000000000000e+00,0.000000000000000000e+00
1.000000000000000000e+00,8.758637814712676439e-01,9.811845421791076660e-01,1.000000000000000000e+00,1.000000000000000000e+00
0.000000000000000000e+00,5.297630203904434357e-03,1.054055464919656515e-04,0.000000000000000000e+00,0.000000000000000000e+00
1.000000000000000000e+00,9.760183340676977792e-01,9.952745437622070312e-01,1.000000000000000000e+00,1.000000000000000000e+00
1.000000000000000000e+00,8.520356023838375759e-01,9.589542746543884277e-01,1.000000000000000000e+00,1.000000000000000000e+00
1.000000000000000000e+00,8.796396602231449924e-01,6.509032249450683594e-01,1.000000000000000000e+00,1.000000000000000000e+00
1.000000000000000000e+00,8.666839574791468381e-01,9.906541705131530762e-01,1.000000000000000000e+00,1.000000000000000000e+00
1.000000000000000000e+00,9.224777227884946029e-01,9.890714883804321289e-01,1.000000000000000000e+00,1.000000000000000000e+00
1.000000000000000000e+00,4.560055864045364782e-02,1.975274831056594849e-02,0.000000000000000000e+00,0.000000000000000000e+00
0.000000000000000000e+00,6.393581672037743080e-02,5.048648267984390259e-02,0.000000000000000000e+00,0.000000000000000000e+00
0.000000000000000000e+00,7.217239598265053901e-01,6.829618215560913086e-01,1.000000000000000000e+00,1.000000000000000000e+00
1.000000000000000000e+00,8.819909621748723838e-01,9.439585208892822266e-01,1.000000000000000000e+00,1.000000000000000000e+00
1.000000000000000000e+00,9.963157921377442383e-01,9.998194575309753418e-01,1.000000000000000000e+00,1.000000000000000000e+00
1.000000000000000000e+00,7.998540710582334734e-01,9.899032115936279297e-01,1.000000000000000000e+00,1.000000000000000000e+00
0.000000000000000000e+00,6.840362810689999511e-03,1.490043709054589272e-03,0.000000000000000000e+00,0.000000000000000000e+00
1.000000000000000000e+00,9.821218003797923535e-01,9.977019429206848145e-01,1.000000000000000000e+00,1.000000000000000000e+00
