y_true,my_prob,xgb_prob,my_label,xgb_label
0.000000000000000000e+00,2.978617757322207793e-01,1.010958477854728699e-02,0.000000000000000000e+00,0.000000000000000000e+00
1.000000000000000000e+00,9.910170672528111346e-01,9.993134737014770508e-01,1.000000000000000000e+00,1.000000000000000000e+00
0.000000000000000000e+00,1.981769325642604093e-02,5.717944819480180740e-03,0.000000000000000000e+00,0.000000000000000000e+00
1.000000000000000000e+00,9.965568446831546412e-01,9.996308088302612305e-01,1.000000000000000000e+00,1.000000000000000000e+00
0.000000000000000000e+00,6.639600659677137307e-01,7.930522561073303223e-01,1.000000000000000000e+00,1.000000000000000000e+00
1.000000000000000000e+00,8.230225061169623713e-01,9.919027686119079590e-01,1.000000000000000000e+00,1.000000000000000000e+00
1.000000000000000000e+00,9.312530137497353477e-01,9.939841628074645996e-01,1.000000000000000000e+00,1.000000000000000000e+00
0.000000000000000000e+00,1.734126071962551197e-01,1.604420989751815796e-01,0.000000000000000000e+00,0.000000000000000000e+00
1.000000000000000000e+00,9.764921175148940646e-01,9.944222569465637207e-01,1.000000000000000000e+00,1.000000000000000000e+00
1.000000000000000000e+00,9.777356470602824867e-01,9.949495792388916016e-01,1.000000000000000000e+00,1.000000000000000000e+00
0.000000000000000000e+00,2.027327194544234230e-03,2.561251494626048952e-05,0.000000000000000000e+00,0.000000000000000000e+00
1.000000000000000000e+00,9.962916117809282879e-01,9.997459053993225098e-01,1.000000000000000000e+00,1.000000000000000000e+00
0.000000000000000000e+00,9.810507942963336836e-02,4.582926165312528610e-03,0.000000000000000000e+00,0.000000000000000000e+00
1.000000000000000000e+00,9.865833076247021438e-01,9.977428913116455078e-01,1.000000000000000000e+00,1.000000000000000000e+00
0.000000000000000000e+00,8.562648350086561264e-03,3.868606872856616974e-04,0.000000000000000000e+00,0.000000000000000000e+00
1.000000000000000000e+00,9.804532593667858453e-01,9.984815716743469238e-01,1.000000000000000000e+00,1.000000000000000000e+00
1.000000000000000000e+00,9.846341272237165709e-01,9.987239241600036621e-01,1.000000000000000000e+00,1.000000000000000000e+00
1.000000000000000000e+00,9.855465644723253593e-01,9.967473745346069336e-01,1.000000000000000000e+00,1.000000000000000000e+00
1.000000000000000000e+00,7.968279867869146882e-01,9.494431018829345703e-01,1.000000000000000000e+00,1.000000000000000000e+00
1.000000000000000000e+00,6.101904090305078077e-01,9.237640500068664551e-01,1.000000000000000000e+00,1.000000000000000000e+00
0.000000000000000000e+00,8.941508320855636252e-03,2.863690606318414211e-04,0.000000000000000000e+00,0.000000000000000000e+00
1.000000000000000000e+00,7.561704882225352975e-01,9.452731013298034668e-01,1.000000000000000000e+00,1.000000000000000000e+00
1.000000000000000000e+00,2.496008328491883255e-01,1.279322654008865356e-01,0.000000000000000000e+00,0.000000000000000000e+00
1.000000000000000000e+00,9.798286067486656759e-01,9.976589679718017578e-01,1.000000000000000000e+00,1.000000000000000000e+00
0.000000000000000000e+00,1.176199148813599493e-01,9.410726837813854218e-03,0.000000000000000000e+00,0.000000000000000000e+00
0.000000000000000000e+00,5.726891609885236510e-03,7.365184370428323746e-03,0.000000000000000000e+00,0.000000000000000000e+00
0.000000000000000000e+00,5.500542369603723253e-03,7.099887006916105747e-04,0.000000000000000000e+00,0.000000000000000000e+00
1.000000000000000000e+00,9.716907860752631576e-01,9.970844388008117676e-01,1.000000000000000000e+00,1.000000000000000000e+00
1.000000000000000000e+00,9.950434416880618027e-01,9.993895292282104492e-01,1.000000000000000000e+00,1.000000000000000000e+00
0.000000000000000000e+00,4.486865230388364933e-02,1.716867648065090179e-02,0.000000000000000000e+00,0.000000000000000000e+00
0.000000000000000000e+00,3.704831661666523057e-02,2.586774341762065887e-02,0.000000000000000000e+00,0.000000000000000000e+00
1.000000000000000000e+00,9.646206262696584988e-01,9.995328187942504883e-01,1.000000000000000000e+00,1.000000000000000000e+00
0.000000000000000000e+00,1.707194675371936365e-01,7.392876595258712769e-02,0.000000000000000000e+00,0.000000000000000000e+00
0.000000000000000000e+00,5.323854908058324176e-01,9.038628339767456055e-01,1.000000000000000000e+00,1.000000000000000000e+00
1.000000000000000000e+00,8.372786041033776216e-01,8.364266157150268555e-01,1.000000000000000000e+00,1.000000000000000000e+00
1.000000000000000000e+00,9.274621472256673327e-01,9.192712903022766113e-01,1.000000000000000000e+00,1.000000000000000000e+00
1.000000000000000000e+00,1.374942134086165335e-01,6.696436554193496704e-02,0.000000000000000000e+00,0.000000000000000000e+00
1.000000000000000000e+00,9.972716384049904459e-01,9.992842078208923340e-01,1.000000000000000000e+00,1.000000000000000000e+00
1.000000000000000000e+00,9.312008935820680344e-01,9.839007854461669922e-01,1.000000000000000000e+00,1.000000000000000000e+00
1.000000000000000000e+00,9.952640633365656964e-01,9.994020462036132812e-01,1.000000000000000000e+00,1.000000000000000000e+00
1.000000000000000000e+00,9.087640575337688764e-01,8.927435874938964844e-01,1.000000000000000000e+00,1.000000000000000000e+00
0.000000000000000000e+00,1.229437930521774247e-01,3.080290509387850761e-03,0.000000000000000000e+00,0.000000000000000000e+00
1.000000000000000000e+00,9.398141306617319168e-01,9.111168384552001953e-01,1.000000000000000000e+00,1.000000000000000000e+00
1.000000000000000000e+00,4.142026421312002271e-01,3.697222471237182617e-01,0.000000000000000000e+00,0.000000000000000000e+00
1.000000000000000000e+00,6.715109196695248084e-01,8.996589183807373047e-01,1.000000000000000000e+00,1.000000000000000000e+00
0.000000000000000000e+00,6.903469570005758837e-02,3.072128864005208015e-03,0.000000000000000000e+00,0.000000000000000000e+00
0.000000000000000000e+00,9.524848942635212590e-02,1.056853607296943665e-01,0.000000000000000000e+00,0.000000000000000000e+00
1.000000000000000000e+00,5.536579598828639259e-01,6.344800591468811035e-01,1.000000000000000000e+00,1.000000000000000000e+00
0.000000000000000000e+00,4.081895823172464188e-02,8.283403702080249786e-03,0.000000000000000000e+00,0.000000000000000000e+00
1.000000000000000000e+00,9.868454175276983875e-01,9.995108842849731445e-01,1.000000000000000000e+00,1.000000000000000000e+00
0.000000000000000000e+00,1.063281768069218591e-01,1.017945446074008942e-02,0.000000000000000000e+00,0.000000000000000000e+00
1.000000000000000000e+00,6.112612368388957718e-01,6.408159136772155762e-01,1.000000000000000000e+00,1.000000000000000000e+00
0.000000000000000000e+00,1.017217611233853063e-02,2.427639265079051256e-04,0.000000000000000000e+00,0.000000000000000000e+00
1.000000000000000000e+00,9.696468233229993405e-01,9.992693066596984863e-01,1.000000000000000000e+00,1.000000000000000000e+00
1.000000000000000000e+00,9.904554224067793067e-01,9.996494054794311523e-01,1.000000000000000000e+00,1.000000000000000000e+00
0.000000000000000000e+00,1.816531342989374104e-02,1.079351291991770267e-03,0.000000000000000000e+00,0.000000000000000000e+00
0.000000000000000000e+00,1.842230453153282516e-03,6.377055251505225897e-05,0.000000000000000000e+00,0.000000000000000000e+00
0.000000000000000000e+00,2.132874653789256642e-02,2.372693037614226341e-03,0.000000000000000000e+00,0.000000000000000000e+00
1.000000000000000000e+00,8.123374058946160048e-01,9.862741827964782715e-01,1.000000000000000000e+00,1.000000000000000000e+00
0.000000000000000000e+00,3.216974766544752895e-01,2.036722004413604736e-01,0.000000000000000000e+00,0.000000000000000000e+00
1.000000000000000000e+00,9.898430164815672505e-01,9.998553991317749023e-01,1.000000000000000000e+00,1.000000000000000000e+00
1.000000000000000000e+00,9.068607524908554041e-01,9.850556850433349609e-01,1.000000000000000000e+00,1.000000000000000000e+00
1.000000000000000000e+00,9.907461026270389937e-01,9.996989965438842773e-01,1.000000000000000000e+00,1.000000000000000000e+00
0.000000000000000000e+00,1.945299273924583627e-01,6.439228355884552002e-02,0.000000000000000000e+00,0.000000000000000000e+00
1.000000000000000000e+00,8.276030289581345345e-01,9.105526208877563477e-01,1.000000000000000000e+00,1.000000000000000000e+00
0.000000000000000000e+00,1.920551648475135945e-02,3.077777102589607239e-03,0.000000000000000000e+00,0.000000000000000000e+00
0.000000000000000000e+00,9.455686251483680360e-01,9.750375747680664062e-01,1.000000000000000000e+00,1.000000000000000000e+00
1.000000000000000000e+00,8.173890543387702934e-01,9.775210618972778320e-01,1.000000000000000000e+00,1.000000000000000000e+00
1.000000000000000000e+00,9.771386535664561279e-01,9.630560278892517090e-01,1.000000000000000000e+00,1.000000000000000000e+00
0.000000000000000000e+00,3.712142539130249830e-01,3.290129005908966064e-01,0.000000000000000000e+00,0.000000000000000000e+00
0.000000000000000000e+00,1.919922665582019655e-02,4.141902551054954529e-03,0.000000000000000000e+00,0.000000000000000000e+00
0.000000000000000000e+00,4.209212586206259599e-02,9.619668126106262207e-03,0.000000000000000000e+00,0.000000000000000000e+00
1.000000000000000000e+00,9.913610327347078810e-01,9.999499320983886719e-01,1.000000000000000000e+00,1.000000000000000000e+00
0.000000000000000000e+00,2.236423758958464569e-01,6.796267628669738770e-02,0.000000000000000000e+00,0.000000000000000000e+00
1.000000000000000000e+00,9.678051646844726408e-01,9.967310428619384766e-01,1.000000000000000000e+00,1.000000000000000000e+00
1.000000000000000000e+00,9.939980854426856416e-01,9.998958110809326172e-01,1.000000000000000000e+00,1.000000000000000000e+00
1.000000000000000000e+00,7.868717886961653640e-01,8.398529887199401855e-01,1.000000000000000000e+00,1.000000000000000000e+00
0.000000000000000000e+00,2.297381694904016280e-01,3.049029409885406494e-02,0.000000000000000000e+00,0.000000000000000000e+00
1.000000000000000000e+00,8.326713233482427867e-01,9.477558732032775879e-01,1.000000000000000000e+00,1.000000000000000000e+00
0.000000000000000000e+00,8.436655994176849027e-02,3.134793043136596680e-01,0.000000000000000000e+00,0.000000000000000000e+00
0.000000000000000000e+00,5.957913895124531366e-03,1.280736323678866029e-04,0.000000000000000000e+00,0.000000000000000000e+00
1.000000000000000000e+00,9.349042112672143467e-01,9.900578856468200684e-01,1.000000000000000000e+00,1.000000000000000000e+00
0.000000000000000000e+00,2.538755996551247084e-03,9.347229934064671397e-05,0.000000000000000000e+00,0.000000000000000000e+00
0.000000000000000000e+00,2.540350261477918991e-03,4.494346285355277359e-05,0.000000000000000000e+00,0.000000000000000000e+00
1.000000000000000000e+00,7.690304393664822991e-01,8.646736145019531250e-01,1.000000000000000000e+00,1.000000000000000000e+00
0.000000000000000000e+00,4.298947828207085389e-03,1.096601044991984963e-04,0.000000000000000000e+00,0.000000000000000000e+00
0.000000000000000000e+00,2.629136383289304088e-02,2.767488185781985521e-04,0.000000000000000000e+00,0.000000000000000000e+00
0.000000000000000000e+00,1.448766658027806908e-01,9.156034886837005615e-02,0.000000000000000000e+00,0.000000000000000000e+00
1.000000000000000000e+00,9.338653941146353166e-01,9.963569045066833496e-01,1.000000000000000000e+00,1.000000000000000000e+00
0.000000000000000000e+00,6.560537129977987991e-01,5.989429950714111328e-01,1.000000000000000000e+00,1.000000000000000000e+00
1.000000000000000000e+00,8.423025546422792109e-01,7.944679260253906250e-01,1.000000000000000000e+00,1.000000000000000000e+00
0.000000000000000000e+00,1.978971554361859397e-02,1.566161960363388062e-02,0.000000000000000000e+00,0.000000000000000000e+00
1.000000000000000000e+00,9.898901696377321313e-01,9.974988102912902832e-01,1.000000000000000000e+00,1.000000000000000000e+00
0.000000000000000000e+00,7.002569784270175346e-02,1.521999202668666840e-02,0.000000000000000000e+00,0.000000000000000000e+00
0.000000000000000000e+00,1.246463826396791014e-02,9.425980388186872005e-04,0.000000000000000000e+00,0.000000000000000000e+00
0.000000000000000000e+00,3.964875611271630185e-02,3.374589607119560242e-02,0.000000000000000000e+00,0.000000000000000000e+00
0.000000000000000000e+00,5.871942457652196828e-02,2.121646516025066376e-02,0.000000000000000000e+00,0.000000000000000000e+00
0.000000000000000000e+00,1.216388033829087223e-01,9.558984078466892242e-03,0.000000000000000000e+00,0.000000000000000000e+00
0.000000000000000000e+00,9.905581381721309531e-02,3.987429291009902954e-02,0.000000000000000000e+00,0.000000000000000000e+00
1.000000000000000000e+00,9.550114183965170422e-01,9.964201450347900391e-01,1.000000000000000000e+00,1.000000000000000000e+00
0.000000000000000000e+00,2.596016779709229075e-02,1.723867258988320827e-03,0.000000000000000000e+00,0.000000000000000000e+00
0.000000000000000000e+00,4.212341755789126424e-02,7.609037216752767563e-03,0.000000000000000000e+00,0.000000000000000000e+00
0.000000000000000000e+00,4.091118014433327565e-01,1.616254746913909912e-01,0.000000000000000000e+00,0.000000000000000000e+00
1.000000000000000000e+00,8.960919330342975719e-01,9.302276968955993652e-01,1.000000000000000000e+00,1.000000000000000000e+00
1.000000000000000000e+00,6.910420800897678628e-01,9.384099841117858887e-01,1.000000000000000000e+00,1.000000000000000000e+00
1.000000000000000000e+00,9.146195023725676165e-01,9.225218296051025391e-01,1.000000000000000000e+00,1.000000000000000000e+00
0.000000000000000000e+00,1.456673008834016847e-01,1.312979608774185181e-01,0.000000000000000000e+00,0.000000000000000000e+00
1.000000000000000000e+00,3.931470707725662761e-01,7.115399837493896484e-01,0.000000000000000000e+00,1.000000000000000000e+00
1.000000000000000000e+00,9.447106858285401199e-01,9.796243906021118164e-01,1.000000000000000000e+00,1.000000000000000000e+00
0.000000000000000000e+00,2.372745965759241391e-02,2.165578538551926613e-03,0.000000000000000000e+00,0.000000000000000000e+00
1.000000000000000000e+00,9.903239930148013404e-01,9.996080994606018066e-01,1.000000000000000000e+00,1.000000000000000000e+00
1.000000000000000000e+00,1.186184049487462172e-01,2.810225784778594971e-01,0.000000000000000000e+00,0.000000000000000000e+00
0.000000000000000000e+00,1.632981246588094057e-02,9.605826810002326965e-03,0.000000000000000000e+00,0.000000000000000000e+00
0.000000000000000000e+00,3.450313330427297494e-03,3.478356666164472699e-05,0.000000000000000000e+00,0.000000000000000000e+00
0.000000000000000000e+00,8.023460239797426397e-01,5.416312813758850098e-01,1.000000000000000000e+00,1.000000000000000000e+00
0.000000000000000000e+00,2.466355474655244351e-01,1.471147686243057251e-01,0.000000000000000000e+00,0.000000000000000000e+00
1.000000000000000000e+00,9.959837306384796696e-01,9.996228218078613281e-01,1.000000000000000000e+00,1.000000000000000000e+00
1.000000000000000000e+00,7.232808875494081136e-01,7.681556940078735352e-01,1.000000000000000000e+00,1.000000000000000000e+00
0.000000000000000000e+00,3.881909856430297567e-03,2.481685660313814878e-04,0.000000000000000000e+00,0.000000000000000000e+00
1.000000000000000000e+00,8.377799959835228183e-01,8.748199343681335449e-01,1.000000000000000000e+00,1.000000000000000000e+00
1.000000000000000000e+00,9.497517803257358171e-01,9.792935252189636230e-01,1.000000000000000000e+00,1.000000000000000000e+00
0.000000000000000000e+00,2.592418131452538591e-02,2.946734428405761719e-02,0.000000000000000000e+00,0.000000000000000000e+00
1.000000000000000000e+00,9.815838151234596021e-01,9.982170462608337402e-01,1.000000000000000000e+00,1.000000000000000000e+00
1.000000000000000000e+00,9.805872598527984874e-01,9.901399016380310059e-01,1.000000000000000000e+00,1.000000000000000000e+00
1.000000000000000000e+00,7.698982754338806744e-01,9.470083117485046387e-01,1.000000000000000000e+00,1.000000000000000000e+00
0.000000000000000000e+00,1.357167949703083458e-02,5.146850016899406910e-04,0.000000000000000000e+00,0.000000000000000000e+00
1.000000000000000000e+00,1.985467256870670216e-01,1.780775003135204315e-02,0.000000000000000000e+00,0.000000000000000000e+00
1.000000000000000000e+00,9.854631168403933383e-01,9.983555674552917480e-01,1.000000000000000000e+00,1.000000000000000000e+00
1.000000000000000000e+00,9.984487116462403833e-01,9.999657869338989258e-01,1.000000000000000000e+00,1.000000000000000000e+00
1.000000000000000000e+00,9.210865163486804397e-01,9.692117571830749512e-01,1.000000000000000000e+00,1.000000000000000000e+00
0.000000000000000000e+00,1.823675269101102591e-03,2.207279758295044303e-04,0.000000000000000000e+00,0.000000000000000000e+00
1.000000000000000000e+00,9.874157323124235219e-01,9.985257983207702637e-01,1.000000000000000000e+00,1.000000000000000000e+00
1.000000000000000000e+00,2.547003489441941326e-01,3.017514646053314209e-01,0.000000000000000000e+00,0.000000000000000000e+00
0.000000000000000000e+00,3.113630706917826577e-02,2.312639495357871056e-03,0.000000000000000000e+00,0.000000000000000000e+00
1.000000000000000000e+00,7.841741911134223475e-01,5.804604291915893555e-01,1.000000000000000000e+00,1.000000000000000000e+00
1.000000000000000000e+00,9.864237628153073034e-01,9.986901879310607910e-01,1.000000000000000000e+00,1.000000000000000000e+00
0.000000000000000000e+00,2.806824366657292846e-01,2.572492361068725586e-01,0.000000000000000000e+00,0.000000000000000000e+00
0.000000000000000000e+00,4.435967836238158268e-01,5.282692909240722656e-01,0.000000000000000000e+00,1.000000000000000000e+00
0.000000000000000000e+00,1.901535464428379119e-02,2.368840388953685760e-03,0.000000000000000000e+00,0.000000000000000000e+00
1.000000000000000000e+00,9.879992628989013870e-01,9.995749592781066895e-01,1.000000000000000000e+00,1.000000000000000000e+00
1.000000000000000000e+00,8.082106397619427396e-01,9.688275456428527832e-01,1.000000000000000000e+00,1.000000000000000000e+00
1.000000000000000000e+00,8.829440207321374023e-01,9.625750780105590820e-01,1.000000000000000000e+00,1.000000000000000000e+00
0.000000000000000000e+00,2.683640699008456032e-01,3.919715434312820435e-02,0.000000000000000000e+00,0.000000000000000000e+00
1.000000000000000000e+00,9.977856004835902182e-01,9.998967647552490234e-01,1.000000000000000000e+00,1.000000000000000000e+00
1.000000000000000000e+00,9.969830382449484940e-01,9.998165965080261230e-01,1.000000000000000000e+00,1.000000000000000000e+00
1.000000000000000000e+00,9.005458959195060675e-01,9.920678138732910156e-01,1.000000000000000000e+00,1.000000000000000000e+00
0.000000000000000000e+00,5.035100083058485256e-03,1.687896583462134004e-04,0.000000000000000000e+00,0.000000000000000000e+00
1.000000000000000000e+00,9.927478037561419111e-01,9.989696741104125977e-01,1.000000000000000000e+00,1.000000000000000000e+00
1.000000000000000000e+00,9.860021886562616578e-01,9.897180795669555664e-01,1.000000000000000000e+00,1.000000000000000000e+00
0.000000000000000000e+00,1.501683035214845807e-01,1.724708229303359985e-01,0.000000000000000000e+00,0.000000000000000000e+00
1.000000000000000000e+00,9.883801833912465584e-01,9.968308806419372559e-01,1.000000000000000000e+00,1.000000000000000000e+00
1.000000000000000000e+00,9.166687520121934440e-01,9.705516695976257324e-01,1.000000000000000000e+00,1.000000000000000000e+00
0.000000000000000000e+00,1.891522964932153827e-01,2.160995602607727051e-01,0.000000000000000000e+00,0.000000000000000000e+00
0.000000000000000000e+00,5.933481036921514455e-03,1.119022854254581034e-04,0.000000000000000000e+00,0.000000000000000000e+00
0.000000000000000000e+00,8.640723994762461099e-03,4.814137937501072884e-04,0.000000000000000000e+00,0.000000000000000000e+00
0.000000000000000000e+00,4.204711730096682629e-03,2.514098596293479204e-04,0.000000000000000000e+00,0.000000000000000000e+00
1.000000000000000000e+00,3.031415786065378981e-01,8.814594149589538574e-01,0.000000000000000000e+00,1.000000000000000000e+00
1.000000000000000000e+00,4.256369780112384538e-01,3.816496431827545166e-01,0.000000000000000000e+00,0.000000000000000000e+00
1.000000000000000000e+00,8.216989171307065298e-01,8.455898165702819824e-01,1.000000000000000000e+00,1.000000000000000000e+00
0.000000000000000000e+00,4.730824624912658566e-02,2.080591395497322083e-02,0.000000000000000000e+00,0.000000000000000000e+00
1.000000000000000000e+00,9.904004129852064242e-01,9.992887973785400391e-01,1.000000000000000000e+00,1.000000000000000000e+00
1.000000000000000000e+00,9.634078184102319309e-01,9.658374190330505371e-01,1.000000000000000000e+00,1.000000000000000000e+00
0.000000000000000000e+00,1.330015411140035575e-01,1.009488627314567566e-01,0.000000000000000000e+00,0.000000000000000000e+00
0.000000000000000000e+00,1.581276688275745634e-01,6.095601618289947510e-02,0.000000000000000000e+00,0.000000000000000000e+00
0.000000000000000000e+00,2.187122404746836557e-01,7.493640482425689697e-02,0.000000000000000000e+00,0.000000000000000000e+00
0.000000000000000000e+00,2.866470979365262628e-02,1.846614643000066280e-03,0.000000000000000000e+00,0.000000000000000000e+00
1.000000000000000000e+00,9.814164635470106202e-01,9.984738230705261230e-01,1.000000000000000000e+00,1.000000000000000000e+00
1.000000000000000000e+00,4.476357491353191165e-01,7.358869314193725586e-01,0.000000000000000000e+00,1.000000000000000000e+00
1.000000000000000000e+00,9.576079361559064473e-01,9.985375404357910156e-01,1.000000000000000000e+00,1.000000000000000000e+00
1.000000000000000000e+00,9.863278098189453003e-01,9.971820116043090820e-01,1.000000000000000000e+00,1.000000000000000000e+00
1.000000000000000000e+00,9.899845639751971849e-01,9.990503191947937012e-01,1.000000000000000000e+00,1.000000000000000000e+00
1.000000000000000000e+00,9.846331820716444083e-01,9.992576241493225098e-01,1.000000000000000000e+00,1.000000000000000000e+00
1.000000000000000000e+00,9.784960406890552687e-01,9.890186786651611328e-01,1.000000000000000000e+00,1.000000000000000000e+00
1.000000000000000000e+00,6.744281043602246006e-01,6.725221276283264160e-01,1.000000000000000000e+00,1.000000000000000000e+00
0.000000000000000000e+00,1.010746417050676152e-02,1.115039805881679058e-03,0.000000000000000000e+00,0.000000000000000000e+00
0.000000000000000000e+00,3.291794001986781543e-02,1.293308218009769917e-03,0.000000000000000000e+00,0.000000000000000000e+00
0.000000000000000000e+00,9.743733700687453453e-03,5.118213812238536775e-05,0.000000000000000000e+00,0.000000000000000000e+00
1.000000000000000000e+00,9.824324511702290375e-01,9.969786405563354492e-01,1.000000000000000000e+00,1.000000000000000000e+00
0.000000000000000000e+00,4.252061463491129123e-01,1.015928611159324646e-01,0.000000000000000000e+00,0.000000000000000000e+00
1.000000000000000000e+00,7.105895674695659192e-01,8.350894451141357422e-01,1.000000000000000000e+00,1.000000000000000000e+00
1.000000000000000000e+00,7.937070196530047195e-01,9.923408031463623047e-01,1.000000000000000000e+00,1.000000000000000000e+00
1.000000000000000000e+00,9.931215610757223589e-01,9.991478919982910156e-01,1.000000000000000000e+00,1.000000000000000000e+00
0.000000000000000000e+00,2.040221919737158877e-03,2.483844582457095385e-04,0.000000000000000000e+00,0.000000000000000000e+00
0.000000000000000000e+00,1.280874576804903742e-02,3.845483530312776566e-03,0.000000000000000000e+00,0.000000000000000000e+00
1.000000000000000000e+00,9.911992643730220820e-01,9.993705153465270996e-01,1.000000000000000000e+00,1.000000000000000000e+00
0.000000000000000000e+00,1.053146309430983141e-01,1.169785391539335251e-02,0.000000000000000000e+00,0.000000000000000000e+00
1.000000000000000000e+00,9.943532671610214591e-01,9.995340108871459961e-01,1.000000000000000000e+00,1.000000000000000000e+00
1.000000000000000000e+00,7.673172226641215010e-01,8.103777170181274414e-01,1.000000000000000000e+00,1.000000000000000000e+00
1.000000000000000000e+00,9.964878065189940459e-01,9.997135996818542480e-01,1.000000000000000000e+00,1.000000000000000000e+00
1.000000000000000000e+00,9.504583783979172473e-01,9.996070265769958496e-01,1.000000000000000000e+00,1.000000000000000000e+00
0.000000000000000000e+00,1.030421605714513730e-02,7.205619476735591888e-04,0.000000000000000000e+00,0.000000000000000000e+00
1.000000000000000000e+00,1.025523174601775944e-01,1.298293322324752808e-01,0.000000000000000000e+00,0.000000000000000000e+00
0.000000000000000000e+00,3.028970747816461286e-03,1.220112462760880589e-04,0.000000000000000000e+00,0.000000000000000000e+00
0.000000000000000000e+00,1.129110175637485503e-01,6.638678722083568573e-03,0.000000000000000000e+00,0.000000000000000000e+00
1.000000000000000000e+00,3.837556806855578206e-01,7.993236184120178223e-02,0.000000000000000000e+00,0.000000000000000000e+00
1.000000000000000000e+00,9.379597727161246290e-01,9.933207035064697266e-01,1.000000000000000000e+00,1.000000000000000000e+00
0.000000000000000000e+00,1.837330457176254705e-02,2.148320432752370834e-03,0.000000000000000000e+00,0.000000000000000000e+00
1.000000000000000000e+00,8.783857222535130793e-01,9.430233836174011230e-01,1.000000000000000000e+00,1.000000000000000000e+00
0.000000000000000000e+00,1.202377372148819880e-02,1.283046323806047440e-03,0.000000000000000000e+00,0.000000000000000000e+00
1.000000000000000000e+00,9.945393797598770513e-01,9.997541308403015137e-01,1.000000000000000000e+00,1.000000000000000000e+00
1.000000000000000000e+00,9.800992177244939318e-01,9.980474710464477539e-01,1.000000000000000000e+00,1.000000000000000000e+00
1.000000000000000000e+00,9.887019020293762450e-01,9.993770718574523926e-01,1.000000000000000000e+00,1.000000000000000000e+00
0.000000000000000000e+00,2.506089281496682100e-02,1.387895317748188972e-03,0.000000000000000000e+00,0.000000000000000000e+00
1.000000000000000000e+00,9.887536155815208616e-01,9.994811415672302246e-01,1.000000000000000000e+00,1.000000000000000000e+00
1.000000000000000000e+00,8.834699359918755102e-01,9.489393830299377441e-01,1.000000000000000000e+00,1.000000000000000000e+00
1.000000000000000000e+00,8.513976354680331537e-01,9.839350581169128418e-01,1.000000000000000000e+00,1.000000000000000000e+00
1.000000000000000000e+00,3.115113499318442614e-01,4.260583817958831787e-01,0.000000000000000000e+00,0.000000000000000000e+00
1.000000000000000000e+00,9.912173182589589793e-01,9.998284578323364258e-01,1.000000000000000000e+00,1.000000000000000000e+00
1.000000000000000000e+00,9.963083859695934796e-01,9.998890161514282227e-01,1.000000000000000000e+00,1.000000000000000000e+00
0.000000000000000000e+00,2.768991976807533284e-02,9.338910458609461784e-04,0.000000000000000000e+00,0.000000000000000000e+00
0.000000000000000000e+00,4.376803561813068233e-02,6.784782558679580688e-02,0.000000000000000000e+00,0.000000000000000000e+00
1.000000000000000000e+00,9.846709491799403580e-01,9.994729161262512207e-01,1.000000000000000000e+00,1.000000000000000000e+00
0.000000000000000000e+00,2.126208588105172881e-01,1.413791161030530930e-02,0.000000000000000000e+00,0.000000000000000000e+00
0.000000000000000000e+00,8.513026024818749760e-02,2.856434881687164307e-02,0.000000000000000000e+00,0.000000000000000000e+00
1.000000000000000000e+00,9.672184374668700846e-01,9.974768757820129395e-01,1.000000000000000000e+00,1.000000000000000000e+00
1.000000000000000000e+00,9.965551580332551174e-01,9.999756813049316406e-01,1.000000000000000000e+00,1.000000000000000000e+00
0.000000000000000000e+00,2.615460479139650185e-01,2.156454473733901978e-01,0.000000000000000000e+00,0.000000000000000000e+00
0.000000000000000000e+00,4.408134300873078892e-01,2.597314119338989258e-01,0.000000000000000000e+00,0.000000000000000000e+00
1.000000000000000000e+00,9.710467698975250306e-01,9.868170619010925293e-01,1.000000000000000000e+00,1.000000000000000000e+00
1.000000000000000000e+00,9.731187186811663947e-01,9.981747865676879883e-01,1.000000000000000000e+00,1.000000000000000000e+00
0.000000000000000000e+00,1.910604264025932836e-03,1.000891061266884208e-04,0.000000000000000000e+00,0.000000000000000000e+00
1.000000000000000000e+00,8.003685069083381620e-01,9.711340069770812988e-01,1.000000000000000000e+00,1.000000000000000000e+00
0.000000000000000000e+00,4.041245774507385043e-03,9.364234574604779482e-05,0.000000000000000000e+00,0.000000000000000000e+00
0.000000000000000000e+00,6.792507364933438041e-02,6.788186263293027878e-03,0.000000000000000000e+00,0.000000000000000000e+00
1.000000000000000000e+00,8.163376271157574138e-01,9.842098951339721680e-01,1.000000000000000000e+00,1.000000000000000000e+00
1.000000000000000000e+00,9.516450322735279244e-01,9.969660639762878418e-01,1.000000000000000000e+00,1.000000000000000000e+00
1.000000000000000000e+00,8.543718800973072458e-01,9.738508462905883789e-01,1.000000000000000000e+00,1.000000000000000000e+00
1.000000000000000000e+00,9.768950931437903051e-01,9.986109733581542969e-01,1.000000000000000000e+00,1.000000000000000000e+00
0.000000000000000000e+00,3.149137164828365570e-03,4.003564536105841398e-04,0.000000000000000000e+00,0.000000000000000000e+00
1.000000000000000000e+00,8.266850095073232652e-01,8.919220566749572754e-01,1.000000000000000000e+00,1.000000000000000000e+00
1.000000000000000000e+00,9.787918736694781741e-01,9.985159039497375488e-01,1.000000000000000000e+00,1.000000000000000000e+00
0.000000000000000000e+00,3.579481115865210464e-03,2.576065016910433769e-04,0.000000000000000000e+00,0.000000000000000000e+00
1.000000000000000000e+00,9.973521870318778904e-01,9.998503923416137695e-01,1.000000000000000000e+00,1.000000000000000000e+00
1.000000000000000000e+00,9.797777022632668809e-01,9.960358738899230957e-01,1.000000000000000000e+00,1.000000000000000000e+00
1.000000000000000000e+00,7.710249909226962739e-01,6.326041221618652344e-01,1.000000000000000000e+00,1.000000000000000000e+00
0.000000000000000000e+00,1.956280365855643522e-02,8.077201433479785919e-03,0.000000000000000000e+00,0.000000000000000000e+00
1.000000000000000000e+00,9.952479331744498170e-01,9.998162388801574707e-01,1.000000000000000000e+00,1.000000000000000000e+00
0.000000000000000000e+00,7.423700324110397153e-01,6.971846222877502441e-01,1.000000000000000000e+00,1.000000000000000000e+00
1.000000000000000000e+00,3.980998522458893962e-01,2.966925799846649170e-01,0.000000000000000000e+00,0.000000000000000000e+00
0.000000000000000000e+00,1.125915290538447439e-01,1.709932810626924038e-03,0.000000000000000000e+00,0.000000000000000000e+00
0.000000000000000000e+00,8.481756534522077659e-03,6.709069130010902882e-04,0.000000000000000000e+00,0.000000000000000000e+00
1.000000000000000000e+00,9.732286456415769615e-01,9.892936944961547852e-01,1.000000000000000000e+00,1.000000000000000000e+00
0.000000000000000000e+00,1.594891364430612302e-01,1.722928881645202637e-02,0.000000000000000000e+00,0.000000000000000000e+00
0.000000000000000000e+00,8.044293678397432951e-03,1.427962793968617916e-03,0.000000000000000000e+00,0.000000000000000000e+00
1.000000000000000000e+00,6.976796846950177322e-01,6.275017857551574707e-01,1.000000000000000000e+00,1.000000000000000000e+00
0.000000000000000000e+00,6.153384848036219656e-01,4.742063581943511963e-01,1.000000000000000000e+00,0.000000000000000000e+00
1.000000000000000000e+00,6.837219892444952318e-01,7.826631069183349609e-01,1.000000000000000000e+00,1.000000000000000000e+00
0.000000000000000000e+00,1.586624014523144513e-02,1.470690942369401455e-03,0.000000000000000000e+00,0.000000000000000000e+00
1.000000000000000000e+00,9.707404246595034980e-01,9.840672016143798828e-01,1.000000000000000000e+00,1.000000000000000000e+00
1.000000000000000000e+00,9.433602488293355570e-01,9.830969572067260742e-01,1.000000000000000000e+00,1.000000000000000000e+00
0.000000000000000000e+00,2.476063345477690913e-01,1.291615813970565796e-01,0.000000000000000000e+00,0.000000000000000000e+00
0.000000000000000000e+00,7.507236655230019318e-02,3.028539940714836121e-02,0.000000000000000000e+00,0.000000000000000000e+00
0.000000000000000000e+00,2.482256614488681859e-02,4.534082545433193445e-04,0.000000000000000000e+00,0.000000000000000000e+00
0.000000000000000000e+00,5.064887648667181635e-02,1.127358153462409973e-02,0.000000000000000000e+00,0.000000000000000000e+00
1.000000000000000000e+00,9.926453920628331984e-01,9.990382194519042969e-01,1.000000000000000000e+00,1.000000000000000000e+00
1.000000000000000000e+00,9.583631194768711392e-01,9.912196993827819824e-01,1.000000000000000000e+00,1.000000000000000000e+00
0.000000000000000000e+00,6.164970349693951399e-03,9.535544668324291706e-04,0.000000000000000000e+00,0.000000000000000000e+00
1.000000000000000000e+00,9.582794587478636883e-01,9.857380390167236328e-01,1.000000000000000000e+00,1.000000000000000000e+00
0.000000000000000000e+00,6.751076308280946729e-03,2.054614888038486242e-04,0.000000000000000000e+00,0.000000000000000000e+00
1.000000000000000000e+00,1.838722887163309616e-01,1.169051676988601685e-01,0.000000000000000000e+00,0.000000000000000000e+00
1.000000000000000000e+00,9.632546476741511432e-01,9.939747452735900879e-01,1.000000000000000000e+00,1.000000000000000000e+00
1.000000000000000000e+00,9.723734119467591919e-01,9.632030725479125977e-01,1.000000000000000000e+00,1.000000000000000000e+00
0.000000000000000000e+00,7.933628844302305083e-01,8.547944426536560059e-01,1.000000000000000000e+00,1.000000000000000000e+00
1.000000000000000000e+00,9.707350937301055804e-01,9.995835423469543457e-01,1.000000000000000000e+00,1.000000000000000000e+00
0.000000000000000000e+00,4.797070047689827588e-02,3.096288628876209259e-02,0.000000000000000000e+00,0.000000000000000000e+00
1.000000000000000000e+00,9.850458569231161920e-01,9.997225403785705566e-01,1.000000000000000000e+00,1.000000000000000000e+00
1.000000000000000000e+00,9.782786102412182050e-01,9.988557100296020508e-01,1.000000000000000000e+00,1.000000000000000000e+00
1.000000000000000000e+00,9.875910826663772957e-01,9.978876709938049316e-01,1.000000000000000000e+00,1.000000000000000000e+00
0.000000000000000000e+00,3.004927989253197151e-01,6.137446686625480652e-02,0.000000000000000000e+00,0.000000000000000000e+00
0.000000000000000000e+00,5.528609336621280457e-02,1.190545409917831421e-02,0.000000000000000000e+00,0.000000000000000000e+00
1.000000000000000000e+00,9.833228889861868049e-01,9.982624650001525879e-01,1.000000000000000000e+00,1.000000000000000000e+00
1.000000000000000000e+00,9.517797621072715542e-01,9.926260113716125488e-01,1.000000000000000000e+00,1.000000000000000000e+00
0.000000000000000000e+00,1.320539126789964657e-01,1.813526451587677002e-01,0.000000000000000000e+00,0.000000000000000000e+00
0.000000000000000000e+00,2.254911198186659426e-03,1.728772331262007356e-04,0.000000000000000000e+00,0.000000000000000000e+00
0.000000000000000000e+00,2.679320881867684138e-03,1.411991397617384791e-04,0.000000000000000000e+00,0.000000000000000000e+00
1.000000000000000000e+00,8.145857867816228559e-01,4.647343754768371582e-01,1.000000000000000000e+00,0.000000000000000000e+00
1.000000000000000000e+00,9.985639830249041227e-01,9.999660253524780273e-01,1.000000000000000000e+00,1.000000000000000000e+00
0.000000000000000000e+00,9.889735878727795582e-03,1.817250275053083897e-03,0.000000000000000000e+00,0.000000000000000000e+00
0.000000000000000000e+00,1.351678834605234969e-01,3.039662241935729980e-01,0.000000000000000000e+00,0.000000000000000000e+00
0.000000000000000000e+00,1.495795297253150191e-01,3.690818324685096741e-02,0.000000000000000000e+00,0.000000000000000000e+00
1.000000000000000000e+00,9.313425204166031479e-01,9.906374812126159668e-01,1.000000000000000000e+00,1.000000000000000000e+00
0.000000000000000000e+00,1.586888693554442120e-01,7.338399440050125122e-02,0.000000000000000000e+00,0.000000000000000000e+00
0.000000000000000000e+00,4.881397740502379894e-03,2.031745971180498600e-04,0.000000000000000000e+00,0.000000000000000000e+00
0.000000000000000000e+00,4.894724229615552979e-01,1.438911706209182739e-01,0.000000000000000000e+00,0.000000000000000000e+00
1.000000000000000000e+00,9.938251420176601458e-01,9.992929697036743164e-01,1.000000000000000000e+00,1.000000000000000000e+00
1.000000000000000000e+00,8.115464701528211089e-01,8.758732676506042480e-01,1.000000000000000000e+00,1.000000000000000000e+00
1.000000000000000000e+00,9.816588330201307944e-01,9.961078763008117676e-01,1.000000000000000000e+00,1.000000000000000000e+00
1.000000000000000000e+00,9.969674753235728826e-01,9.998567104339599609e-01,1.000000000000000000e+00,1.000000000000000000e+00
1.000000000000000000e+00,9.829247234360334318e-01,9.977353811264038086e-01,1.000000000000000000e+00,1.000000000000000000e+00
1.000000000000000000e+00,9.276900095809491598e-01,9.961644411087036133e-01,1.000000000000000000e+00,1.000000000000000000e+00
0.000000000000000000e+00,5.390398166707265071e-02,1.431988319382071495e-03,0.000000000000000000e+00,0.000000000000000000e+00
1.000000000000000000e+00,8.708082525792945061e-01,9.583384990692138672e-01,1.000000000000000000e+00,1.000000000000000000e+00
1.000000000000000000e+00,9.938317551026148999e-01,9.999017715454101562e-01,1.000000000000000000e+00,1.000000000000000000e+00
1.000000000000000000e+00,9.921527621917779483e-01,9.993079900741577148e-01,1.000000000000000000e+00,1.000000000000000000e+00
1.000000000000000000e+00,6.897276219618768689e-01,8.314546942710876465e-01,1.000000000000000000e+00,1.000000000000000000e+00
1.000000000000000000e+00,9.938786214617989501e-01,9.998291730880737305e-01,1.000000000000000000e+00,1.000000000000000000e+00
1.000000000000000000e+00,6.378666225688345293e-01,5.714368820190429688e-01,1.000000000000000000e+00,1.000000000000000000e+00
0.000000000000000000e+00,4.044668771821418457e-02,1.419448759406805038e-02,0.000000000000000000e+00,0.000000000000000000e+00
1.000000000000000000e+00,2.352907304343720696e-01,2.911213338375091553e-01,0.000000000000000000e+00,0.000000000000000000e+00
1.000000000000000000e+00,2.296250975537234285e-01,3.399183973670005798e-02,0.000000000000000000e+00,0.000000000000000000e+00
0.000000000000000000e+00,6.043001337903328857e-02,4.955779295414686203e-03,0.000000000000000000e+00,0.000000000000000000e+00
0.000000000000000000e+00,7.017899717447366459e-03,4.675813484936952591e-03,0.000000000000000000e+00,0.000000000000000000e+00
0.000000000000000000e+00,1.159813388872750137e-02,1.910727820359170437e-03,0.000000000000000000e+00,0.000000000000000000e+00
1.000000000000000000e+00,9.764364776184957240e-01,9.926760792732238770e-01,1.000000000000000000e+00,1.000000000000000000e+00
1.000000000000000000e+00,9.430590616012771710e-01,9.905523061752319336e-01,1.000000000000000000e+00,1.000000000000000000e+00
0.000000000000000000e+00,3.786644382110627705e-01,3.610292077064514160e-02,0.000000000000000000e+00,0.000000000000000000e+00
1.000000000000000000e+00,9.036827136215819234e-01,9.785193800926208496e-01,1.000000000000000000e+00,1.000000000000000000e+00
1.000000000000000000e+00,9.919531760593062186e-01,9.994200468063354492e-01,1.000000000000000000e+00,1.000000000000000000e+00
0.000000000000000000e+00,9.181332271511407489e-03,2.858676714822649956e-03,0.000000000000000000e+00,0.000000000000000000e+00
1.000000000000000000e+00,6.502604166341869885e-01,7.444007396697998047e-01,1.000000000000000000e+00,1.000000000000000000e+00
1.000000000000000000e+00,9.873903559261352214e-01,9.989430308341979980e-01,1.000000000000000000e+00,1.000000000000000000e+00
0.000000000000000000e+00,7.788264290526790597e-03,1.043456140905618668e-03,0.000000000000000000e+00,0.000000000000000000e+00
1.000000000000000000e+00,9.788112993433184528e-01,9.966783523559570312e-01,1.000000000000000000e+00,1.000000000000000000e+00
1.000000000000000000e+00,9.947188079262576643e-01,9.996196031570434570e-01,1.000000000000000000e+00,1.000000000000000000e+00
1.000000000000000000e+00,9.930336685567801025e-01,9.997625946998596191e-01,1.000000000000000000e+00,1.000000000000000000e+00
0.000000000000000000e+00,8.160018960786978859e-01,7.553443312644958496e-01,1.000000000000000000e+00,1.000000000000000000e+00
0.000000000000000000e+00,4.484436300523435559e-01,1.587051302194595337e-01,0.000000000000000000e+00,0.000000000000000000e+00
1.000000000000000000e+00,9.399012852058230560e-01,9.300386309623718262e-01,1.000000000000000000e+00,1.000000000000000000e+00
0.000000000000000000e+00,4.431816704527243300e-01,6.466568112373352051e-01,0.000000000000000000e+00,1.000000000000000000e+00
0.000000000000000000e+00,1.135213865190540378e-01,9.514380246400833130e-03,0.000000000000000000e+00,0.000000000000000000e+00
1.000000000000000000e+00,9.953338469774891673e-01,9.996258020401000977e-01,1.000000000000000000e+00,1.000000000000000000e+00
0.000000000000000000e+00,2.064914796206181874e-03,6.470008520409464836e-05,0.000000000000000000e+00,0.000000000000000000e+00
0.000000000000000000e+00,8.196471615198295396e-03,1.461444917367771268e-04,0.000000000000000000e+00,0.000000000000000000e+00
1.000000000000000000e+00,9.783911390600023017e-01,9.997848868370056152e-01,1.000000000000000000e+00,1.000000000000000000e+00
0.000000000000000000e+00,6.955697874218212950e-01,8.539426326751708984e-01,1.000000000000000000e+00,1.000000000000000000e+00
1.000000000000000000e+00,8.826192344343047891e-01,9.238013625144958496e-01,1.000000000000000000e+00,1.000000000000000000e+00
0.000000000000000000e+00,1.100318014249891535e-01,3.026467002928256989e-02,0.000000000000000000e+00,0.000000000000000000e+00
0.000000000000000000e+00,8.789717931443419285e-02,1.232628971338272095e-01,0.000000000000000000e+00,0.000000000000000000e+00
0.000000000000000000e+00,4.003960085807308292e-03,2.843942784238606691e-04,0.000000000000000000e+00,0.000000000000000000e+00
1.000000000000000000e+00,8.659396898230093953e-01,9.758467674255371094e-01,1.000000000000000000e+00,1.000000000000000000e+00
0.000000000000000000e+00,1.821857308120434366e-02,4.571711178869009018e-03,0.000000000000000000e+00,0.000000000000000000e+00
0.000000000000000000e+00,2.186854834126132630e-02,4.651903174817562103e-03,0.000000000000000000e+00,0.000000000000000000e+00
0.000000000000000000e+00,2.955879626743345388e-03,1.593443303136155009e-04,0.000000000000000000e+00,0.000000000000000000e+00
1.000000000000000000e+00,2.513501224109954135e-01,6.067180037498474121e-01,0.000000000000000000e+00,1.000000000000000000e+00
1.000000000000000000e+00,9.893182408512601889e-01,9.989921450614929199e-01,1.000000000000000000e+00,1.000000000000000000e+00
1.000000000000000000e+00,7.924025850385556513e-01,9.594861268997192383e-01,1.000000000000000000e+00,1.000000000000000000e+00
0.000000000000000000e+00,2.821103529156674533e-02,4.441899247467517853e-03,0.000000000000000000e+00,0.000000000000000000e+00
1.000000000000000000e+00,9.906309993188794349e-01,9.995711445808410645e-01,1.000000000000000000e+00,1.000000000000000000e+00
0.000000000000000000e+00,3.274504833580157287e-02,4.996520932763814926e-03,0.000000000000000000e+00,0.000000000000000000e+00
1.000000000000000000e+00,9.848668691894637561e-01,9.993451237678527832e-01,1.000000000000000000e+00,1.000000000000000000e+00
1.000000000000000000e+00,9.096538790837798150e-01,9.968277812004089355e-01,1.000000000000000000e+00,1.000000000000000000e+00
0.000000000000000000e+00,4.256164432747929632e-02,3.220798820257186890e-02,0.000000000000000000e+00,0.000000000000000000e+00
1.000000000000000000e+00,9.738728638364327894e-01,9.965575933456420898e-01,1.000000000000000000e+00,1.000000000000000000e+00
0.000000000000000000e+00,2.618845476812653103e-02,9.754434227943420410e-02,0.000000000000000000e+00,0.000000000000000000e+00
0.000000000000000000e+00,3.437846223479493202e-02,1.413007732480764389e-02,0.000000000000000000e+00,0.000000000000000000e+00
0.000000000000000000e+00,7.343179490501514084e-02,4.544835537672042847e-02,0.000000000000000000e+00,0.000000000000000000e+00
0.000000000000000000e+00,8.447794411186890229e-02,1.338478736579418182e-02,0.000000000000000000e+00,0.000000000000000000e+00
0.000000000000000000e+00,9.109373579246876629e-03,3.913685679435729980e-03,0.000000000000000000e+00,0.000000000000000000e+00
1.000000000000000000e+00,9.970847491409171592e-01,9.999483823776245117e-01,1.000000000000000000e+00,1.000000000000000000e+00
0.000000000000000000e+00,5.148894306512706853e-01,8.080651164054870605e-01,1.000000000000000000e+00,1.000000000000000000e+00
0.000000000000000000e+00,6.130899806903088167e-03,5.658694426529109478e-04,0.000000000000000000e+00,0.000000000000000000e+00
0.000000000000000000e+00,1.597798713175929142e-01,1.501484028995037079e-02,0.000000000000000000e+00,0.000000000000000000e+00
1.000000000000000000e+00,5.703923014832618099e-01,7.558519840240478516e-01,1.000000000000000000e+00,1.000000000000000000e+00
1.000000000000000000e+00,9.952013239574534209e-01,9.987196922302246094e-01,1.000000000000000000e+00,1.000000000000000000e+00
1.000000000000000000e+00,6.914467207944824390e-01,8.849739432334899902e-01,1.000000000000000000e+00,1.000000000000000000e+00
0.000000000000000000e+00,2.970188945388498314e-01,2.753762006759643555e-01,0.000000000000000000e+00,0.000000000000000000e+00
1.000000000000000000e+00,5.718733566835869642e-01,6.146605014801025391e-01,1.000000000000000000e+00,1.000000000000000000e+00
0.000000000000000000e+00,5.439324186943354095e-02,3.145771473646163940e-02,0.000000000000000000e+00,0.000000000000000000e+00
0.000000000000000000e+00,5.072937276045059313e-02,7.043553050607442856e-03,0.000000000000000000e+00,0.000000000000000000e+00
1.000000000000000000e+00,8.634784102934348615e-01,9.822339415550231934e-01,1.000000000000000000e+00,1.000000000000000000e+00
1.000000000000000000e+00,9.273991182784943055e-01,9.863076806068420410e-01,1.000000000000000000e+00,1.000000000000000000e+00
1.000000000000000000e+00,7.138305340877928451e-01,7.776002883911132812e-01,1.000000000000000000e+00,1.000000000000000000e+00
0.000000000000000000e+00,1.617077055317740486e-01,2.087852060794830322e-01,0.000000000000000000e+00,0.000000000000000000e+00
1.000000000000000000e+00,9.931279449010407268e-01,9.989914298057556152e-01,1.000000000000000000e+00,1.000000000000000000e+00
0.000000000000000000e+00,2.757316569802511271e-03,1.051342114806175232e-04,0.000000000000000000e+00,0.000000000000000000e+00
1.000000000000000000e+00,9.913959254363849949e-01,9.997780919075012207e-01,1.000000000000000000e+00,1.000000000000000000e+00
1.000000000000000000e+00,9.878056636397296586e-01,9.989854693412780762e-01,1.000000000000000000e+00,1.000000000000000000e+00
1.000000000000000000e+00,9.960169279530312059e-01,9.999426603317260742e-01,1.000000000000000000e+00,1.000000000000000000e+00
0.000000000000000000e+00,1.403838971082800868e-01,3.969195857644081116e-02,0.000000000000000000e+00,0.000000000000000000e+00
0.000000000000000000e+00,5.420848467515722996e-02,1.045836135745048523e-03,0.000000000000000000e+00,0.000000000000000000e+00
1.000000000000000000e+00,9.772502657758284084e-01,9.976403713226318359e-01,1.000000000000000000e+00,1.000000000000000000e+00
1.000000000000000000e+00,9.881044489968174860e-01,9.988464117050170898e-01,1.000000000000000000e+00,1.000000000000000000e+00
1.000000000000000000e+00,6.666799192917836070e-01,4.685224592685699463e-01,1.000000000000000000e+00,0.000000000000000000e+00
1.000000000000000000e+00,9.846416232015777759e-01,9.989542961120605469e-01,1.000000000000000000e+00,1.000000000000000000e+00
0.000000000000000000e+00,1.235639959236478208e-01,2.848317846655845642e-02,0.000000000000000000e+00,0.000000000000000000e+00
0.000000000000000000e+00,1.616788214092059915e-03,2.972105903609190136e-05,0.000000000000000000e+00,0.000000000000000000e+00
1.000000000000000000e+00,8.760645342197179719e-01,9.664025306701660156e-01,1.000000000000000000e+00,1.000000000000000000e+00
0.000000000000000000e+00,6.649111448926269263e-01,4.068641066551208496e-01,1.000000000000000000e+00,0.000000000000000000e+00
1.000000000000000000e+00,9.857849355717795969e-01,9.996467828750610352e-01,1.000000000000000000e+00,1.000000000000000000e+00
0.000000000000000000e+00,4.665201679390036313e-03,9.009642963064834476e-05,0.000000000000000000e+00,0.000000000000000000e+00
0.000000000000000000e+00,1.538814395272210603e-02,1.330206287093460560e-04,0.000000000000000000e+00,0.000000000000000000e+00
0.000000000000000000e+00,2.270064889495214122e-01,3.996235132217407227e-02,0.000000000000000000e+00,0.000000000000000000e+00
0.000000000000000000e+00,1.309306434292580035e-02,6.088924710638821125e-04,0.000000000000000000e+00,0.000000000000000000e+00
1.000000000000000000e+00,9.895842634506957225e-01,9.996823072433471680e-01,1.000000000000000000e+00,1.000000000000000000e+00
1.000000000000000000e+00,9.962191002664728678e-01,9.999063014984130859e-01,1.000000000000000000e+00,1.000000000000000000e+00
1.000000000000000000e+00,9.877017428638551477e-01,9.983354210853576660e-01,1.000000000000000000e+00,1.000000000000000000e+00
0.000000000000000000e+00,7.104847812031375373e-03,8.749940752750262618e-05,0.000000000000000000e+00,0.000000000000000000e+00
0.000000000000000000e+00,2.295848419079606594e-03,7.516486803069710732e-04,0.000000000000000000e+00,0.000000000000000000e+00
0.000000000000000000e+00,1.240412707096326950e-01,7.836215198040008545e-02,0.000000000000000000e+00,0.000000000000000000e+00
1.000000000000000000e+00,9.695380820777497188e-01,9.898053407669067383e-01,1.000000000000000000e+00,1.000000000000000000e+00
1.000000000000000000e+00,9.163044454471446221e-01,9.314404129981994629e-01,1.000000000000000000e+00,1.000000000000000000e+00
0.000000000000000000e+00,4.686471721279458248e-03,4.478857954381965101e-05,0.000000000000000000e+00,0.000000000000000000e+00
1.000000000000000000e+00,9.899415703273424239e-01,9.991127848625183105e-01,1.000000000000000000e+00,1.000000000000000000e+00
1.000000000000000000e+00,9.931491728435393185e-01,9.997014403343200684e-01,1.000000000000000000e+00,1.000000000000000000e+00
1.000000000000000000e+00,9.730662675459611499e-01,7.962548732757568359e-01,1.000000000000000000e+00,1.000000000000000000e+00
1.000000000000000000e+00,9.412526917412971095e-01,8.690358996391296387e-01,1.000000000000000000e+00,1.000000000000000000e+00
0.000000000000000000e+00,6.187825607212703583e-01,4.966287612915039062e-01,1.000000000000000000e+00,0.000000000000000000e+00
0.000000000000000000e+00,5.551303848534812346e-02,2.370017115026712418e-03,0.000000000000000000e+00,0.000000000000000000e+00
1.000000000000000000e+00,9.905547012088727898e-01,9.988559484481811523e-01,1.000000000000000000e+00,1.000000000000000000e+00
1.000000000000000000e+00,9.724593370246112922e-01,9.974494576454162598e-01,1.000000000000000000e+00,1.000000000000000000e+00
1.000000000000000000e+00,9.925170508524222557e-01,9.988314509391784668e-01,1.000000000000000000e+00,1.000000000000000000e+00
0.000000000000000000e+00,1.880636241098082931e-02,1.046194043010473251e-02,0.000000000000000000e+00,0.000000000000000000e+00
0.000000000000000000e+00,4.289896586632658756e-03,1.559489028295502067e-04,0.000000000000000000e+00,0.000000000000000000e+00
1.000000000000000000e+00,8.861994151898600069e-01,9.902253746986389160e-01,1.000000000000000000e+00,1.000000000000000000e+00
1.000000000000000000e+00,7.235349046838813747e-01,7.833736538887023926e-01,1.000000000000000000e+00,1.000000000000000000e+00
0.000000000000000000e+00,1.343271586296489011e-02,4.554947372525930405e-04,0.000000000000000000e+00,0.000000000000000000e+00
0.000000000000000000e+00,2.047291103263947434e-02,1.035375287756323814e-03,0.000000000000000000e+00,0.000000000000000000e+00
1.000000000000000000e+00,9.796000390092666210e-01,9.983148574829101562e-01,1.000000000000000000e+00,1.000000000000000000e+00
0.000000000000000000e+00,2.056433885793736149e-01,4.180207476019859314e-02,0.000000000000000000e+00,0.000000000000000000e+00
1.000000000000000000e+00,8.893079419822619291e-01,9.874835014343261719e-01,1.000000000000000000e+00,1.000000000000000000e+00
1.000000000000000000e+00,9.829682719776684507e-01,9.979800581932067871e-01,1.000000000000000000e+00,1.000000000000000000e+00
0.000000000000000000e+00,1.479359323173886839e-02,2.247316762804985046e-03,0.000000000000000000e+00,0.000000000000000000e+00
0.000000000000000000e+00,3.356656386703689710e-01,5.771428719162940979e-02,0.000000000000000000e+00,0.000000000000000000e+00
1.000000000000000000e+00,9.719850059573126311e-01,9.991711378097534180e-01,1.000000000000000000e+00,1.000000000000000000e+00
1.000000000000000000e+00,9.740518076827214822e-01,9.878095388412475586e-01,1.000000000000000000e+00,1.000000000000000000e+00
0.000000000000000000e+00,1.977387864702664644e-01,1.862150058150291443e-02,0.000000000000000000e+00,0.000000000000000000e+00
0.000000000000000000e+00,3.986922975289580034e-02,7.212007418274879456e-03,0.000000000000000000e+00,0.000000000000000000e+00
0.000000000000000000e+00,1.018175167824006133e-01,2.565115876495838165e-02,0.000000000000000000e+00,0.000000000000000000e+00
1.000000000000000000e+00,4.589711938034636285e-01,5.270645022392272949e-01,0.000000000000000000e+00,1.000000000000000000e+00
1.000000000000000000e+00,9.831309258980102106e-01,9.983843564987182617e-01,1.000000000000000000e+00,1.000000000000000000e+00
0.000000000000000000e+00,3.030780527565340651e-02,5.830510985106229782e-03,0.000000000000000000e+00,0.000000000000000000e+00
1.000000000000000000e+00,9.629043131416490375e-01,9.959853291511535645e-01,1.000000000000000000e+00,1.000000000000000000e+00
1.000000000000000000e+00,5.271486138506527031e-01,7.294984459877014160e-01,1.000000000000000000e+00,1.000000000000000000e+00
1.000000000000000000e+00,9.723954639779593956e-01,9.844286441802978516e-01,1.000000000000000000e+00,1.000000000000000000e+00
0.000000000000000000e+00,4.184133059743561263e-03,2.612573152873665094e-04,0.000000000000000000e+00,0.000000000000000000e+00
1.000000000000000000e+00,8.990982927343065256e-01,9.421849250793457031e-01,1.000000000000000000e+00,1.000000000000000000e+00
1.000000000000000000e+00,9.671994766451436076e-01,9.991565942764282227e-01,1.000000000000000000e+00,1.000000000000000000e+00
1.000000000000000000e+00,6.533848893647034028e-01,8.421438336372375488e-01,1.000000000000000000e+00,1.000000000000000000e+00
1.000000000000000000e+00,8.872655484960467742e-01,9.860120415687561035e-01,1.000000000000000000e+00,1.000000000000000000e+00
0.000000000000000000e+00,9.196338470891646938e-03,1.030882704071700573e-03,0.000000000000000000e+00,0.000000000000000000e+00
1.000000000000000000e+00,9.988079137177636735e-01,9.999879598617553711e-01,1.000000000000000000e+00,1.000000000000000000e+00
1.000000000000000000e+00,9.340192034551290101e-01,9.936303496360778809e-01,1.000000000000000000e+00,1.000000000000000000e+00
1.000000000000000000e+00,9.876254212969080015e-01,9.988014698028564453e-01,1.000000000000000000e+00,1.000000000000000000e+00
0.000000000000000000e+00,3.385981799470618326e-03,1.134144113166257739e-04,0.000000000000000000e+00,0.000000000000000000e+00
1.000000000000000000e+00,9.430992526120890451e-01,9.996212720870971680e-01,1.000000000000000000e+00,1.000000000000000000e+00
1.000000000000000000e+00,9.849460545891908225e-01,9.976127147674560547e-01,1.000000000000000000e+00,1.000000000000000000e+00
1.000000000000000000e+00,6.095879546814855221e-01,9.118462800979614258e-01,1.000000000000000000e+00,1.000000000000000000e+00
0.000000000000000000e+00,9.383704935445880135e-03,1.230584457516670227e-03,0.000000000000000000e+00,0.000000000000000000e+00
0.000000000000000000e+00,1.009544173658223909e-01,1.132184732705354691e-02,0.000000000000000000e+00,0.000000000000000000e+00
1.000000000000000000e+00,9.494023467814042272e-01,9.885793924331665039e-01,1.000000000000000000e+00,1.000000000000000000e+00
0.000000000000000000e+00,1.279608459726146175e-01,3.371331468224525452e-02,0.000000000000000000e+00,0.000000000000000000e+00
1.000000000000000000e+00,9.120866149518702670e-01,9.598606228828430176e-01,1.000000000000000000e+00,1.000000000000000000e+00
0.000000000000000000e+00,8.170686325731913585e-03,1.363982562907040119e-03,0.000000000000000000e+00,0.000000000000000000e+00
1.000000000000000000e+00,8.339406371017752395e-01,9.827576279640197754e-01,1.000000000000000000e+00,1.000000000000000000e+00
1.000000000000000000e+00,9.919333194606162474e-01,9.997778534889221191e-01,1.000000000000000000e+00,1.000000000000000000e+00
0.000000000000000000e+00,5.185779505568940614e-03,3.609638952184468508e-04,0.000000000000000000e+00,0.000000000000000000e+00
1.000000000000000000e+00,9.907524299727864525e-01,9.992902278900146484e-01,1.000000000000000000e+00,1.000000000000000000e+00
0.000000000000000000e+00,1.448872788382612187e-01,1.243219077587127686e-01,0.000000000000000000e+00,0.000000000000000000e+00
1.000000000000000000e+00,6.277432756277956383e-01,5.849217772483825684e-01,1.000000000000000000e+00,1.000000000000000000e+00
1.000000000000000000e+00,8.494951017018477213e-01,9.907431006431579590e-01,1.000000000000000000e+00,1.000000000000000000e+00
1.000000000000000000e+00,9.965568788788186083e-01,9.998776912689208984e-01,1.000000000000000000e+00,1.000000000000000000e+00
0.000000000000000000e+00,9.861390020860963390e-03,3.016102127730846405e-03,0.000000000000000000e+00,0.000000000000000000e+00
0.000000000000000000e+00,3.413397004200550283e-02,1.905477256514132023e-03,0.000000000000000000e+00,0.000000000000000000e+00
0.000000000000000000e+00,5.635233130714632603e-03,2.840047935023903847e-03,0.000000000000000000e+00,0.000000000000000000e+00
0.000000000000000000e+00,1.614952631422717985e-02,1.880881958641111851e-03,0.000000000000000000e+00,0.000000000000000000e+00
1.000000000000000000e+00,9.840678154063099425e-01,9.997138381004333496e-01,1.000000000000000000e+00,1.000000000000000000e+00
1.000000000000000000e+00,8.913726740861018794e-01,9.842923879623413086e-01,1.000000000000000000e+00,1.000000000000000000e+00
0.000000000000000000e+00,2.303472557560369838e-01,2.187480032444000244e-01,0.000000000000000000e+00,0.000000000000000000e+00
0.000000000000000000e+00,1.310585265406096801e-02,7.264345185831189156e-04,0.000000000000000000e+00,0.000000000000000000e+00
0.000000000000000000e+00,4.153163898661581255e-02,9.842460043728351593e-03,0.000000000000000000e+00,0.000000000000000000e+00
0.000000000000000000e+00,6.765077213098143194e-02,5.757799837738275528e-03,0.000000000000000000e+00,0.000000000000000000e+00
1.000000000000000000e+00,9.119999124733650930e-01,9.961018562316894531e-01,1.000000000000000000e+00,1.000000000000000000e+00
1.000000000000000000e+00,9.913141026709844095e-01,9.960510134696960449e-01,1.000000000000000000e+00,1.000000000000000000e+00
0.000000000000000000e+00,1.234810672418317282e-02,1.379861030727624893e-03,0.000000000000000000e+00,0.000000000000000000e+00
1.000000000000000000e+00,7.050288577533758705e-01,9.218602180480957031e-01,1.000000000000000000e+00,1.000000000000000000e+00
0.000000000000000000e+00,3.196262333227106560e-03,1.829557702876627445e-03,0.000000000000000000e+00,0.000000000000000000e+00
1.000000000000000000e+00,9.813678762618414098e-01,9.981516003608703613e-01,1.000000000000000000e+00,1.000000000000000000e+00
1.000000000000000000e+00,9.597755332924911009e-01,9.989919066429138184e-01,1.000000000000000000e+00,1.000000000000000000e+00
0.000000000000000000e+00,1.174111313645515714e-02,6.259717512875795364e-03,0.000000000000000000e+00,0.000000000000000000e+00
1.000000000000000000e+00,8.786171604404298119e-01,9.774217605590820312e-01,1.000000000000000000e+00,1.000000000000000000e+00
0.000000000000000000e+00,4.257432423817678752e-02,1.173066161572933197e-02,0.000000000000000000e+00,0.000000000000000000e+00
1.000000000000000000e+00,9.932076181133769888e-01,9.998214840888977051e-01,1.000000000000000000e+00,1.000000000000000000e+00
0.000000000000000000e+00,3.481097704397146785e-03,3.126143419649451971e-04,0.000000000000000000e+00,0.000000000000000000e+00
1.000000000000000000e+00,8.869506091581088603e-01,9.861713051795959473e-01,1.000000000000000000e+00,1.000000000000000000e+00
1.000000000000000000e+00,9.834705194615768198e-01,9.993181228637695312e-01,1.000000000000000000e+00,1.000000000000000000e+00
1.000000000000000000e+00,9.899477371373929246e-01,9.993823766708374023e-01,1.000000000000000000e+00,1.000000000000000000e+00
0.000000000000000000e+00,1.640831473554317521e-01,6.258104741573333740e-02,0.000000000000000000e+00,0.000000000000000000e+00
0.000000000000000000e+00,3.027845779065010609e-02,1.095242798328399658e-03,0.000000000000000000e+00,0.000000000000000000e+00
0.000000000000000000e+00,3.010926647187476823e-01,3.061622940003871918e-02,0.000000000000000000e+00,0.000000000000000000e+00
1.000000000000000000e+00,8.869726010877612143e-01,5.769434571266174316e-01,1.000000000000000000e+00,1.000000000000000000e+00
0.000000000000000000e+00,1.487066320825581375e-03,3.774787728616502136e-06,0.000000000000000000e+00,0.000000000000000000e+00
0.000000000000000000e+00,1.318787199590408798e-01,1.631935685873031616e-02,0.000000000000000000e+00,0.000000000000000000e+00
0.000000000000000000e+00,6.306609849322929173e-03,8.312188438139855862e-04,0.000000000000000000e+00,0.000000000000000000e+00
0.000000000000000000e+00,4.209391008564324355e-01,3.963048160076141357e-01,0.000000000000000000e+00,0.000000000000000000e+00
0.000000000000000000e+00,1.633839600127474923e-02,6.612613797187805176e-03,0.000000000000000000e+00,0.000000000000000000e+00
1.000000000000000000e+00,9.879282564616199691e-01,9.959223270416259766e-01,1.000000000000000000e+00,1.000000000000000000e+00
1.000000000000000000e+00,9.884889636010399938e-01,9.991957545280456543e-01,1.000000000000000000e+00,1.000000000000000000e+00
1.000000000000000000e+00,7.529961789213761580e-01,2.470502257347106934e-01,1.000000000000000000e+00,0.000000000000000000e+00
1.000000000000000000e+00,7.404576546276150362e-01,6.102930307388305664e-01,1.000000000000000000e+00,1.000000000000000000e+00
1.000000000000000000e+00,9.877605991500348903e-01,9.976096153259277344e-01,1.000000000000000000e+00,1.000000000000000000e+00
0.000000000000000000e+00,2.879604834396184282e-02,1.219058968126773834e-02,0.000000000000000000e+00,0.000000000000000000e+00
1.000000000000000000e+00,8.170265798655874656e-01,3.977447152137756348e-01,1.000000000000000000e+00,0.000000000000000000e+00
1.000000000000000000e+00,9.649834821454433831e-01,9.969814419746398926e-01,1.000000000000000000e+00,1.000000000000000000e+00
1.000000000000000000e+00,9.904239606509439575e-01,9.998914003372192383e-01,1.000000000000000000e+00,1.000000000000000000e+00
1.000000000000000000e+00,8.026130828434544506e-01,8.584553599357604980e-01,1.000000000000000000e+00,1.000000000000000000e+00
1.000000000000000000e+00,8.982293362463387165e-01,8.740332126617431641e-01,1.000000000000000000e+00,1.000000000000000000e+00
0.000000000000000000e+00,9.248902801326746026e-01,9.251186847686767578e-01,1.000000000000000000e+00,1.000000000000000000e+00
1.000000000000000000e+00,9.979327267303698124e-01,9.999294281005859375e-01,1.000000000000000000e+00,1.000000000000000000e+00
1.000000000000000000e+00,9.715242975328828301e-01,9.973927736282348633e-01,1.000000000000000000e+00,1.000000000000000000e+00
1.000000000000000000e+00,9.058524601526570796e-01,9.555789232254028320e-01,1.000000000000000000e+00,1.000000000000000000e+00
0.000000000000000000e+00,4.441088816726194710e-01,3.895959258079528809e-01,0.000000000000000000e+00,0.000000000000000000e+00
0.000000000000000000e+00,1.175666370172869998e-02,3.102233866229653358e-03,0.000000000000000000e+00,0.000000000000000000e+00
1.000000000000000000e+00,9.928935528219444695e-01,9.998496770858764648e-01,1.000000000000000000e+00,1.000000000000000000e+00
0.000000000000000000e+00,1.648273444636794427e-01,8.273816853761672974e-02,0.000000000000000000e+00,0.000000000000000000e+00
1.000000000000000000e+00,9.754186992747605478e-01,9.872980117797851562e-01,1.000000000000000000e+00,1.000000000000000000e+00
0.000000000000000000e+00,1.200763972663951989e-01,2.872322201728820801e-01,0.000000000000000000e+00,0.000000000000000000e+00
0.000000000000000000e+00,4.809337569959913801e-03,8.651515236124396324e-05,0.000000000000000000e+00,0.000000000000000000e+00
1.000000000000000000e+00,9.931425931417967590e-01,9.997567534446716309e-01,1.000000000000000000e+00,1.000000000000000000e+00
1.000000000000000000e+00,5.441627434798129714e-01,2.115518152713775635e-01,1.000000000000000000e+00,0.000000000000000000e+00
0.000000000000000000e+00,2.745574727417098015e-02,9.974853601306676865e-04,0.000000000000000000e+00,0.000000000000000000e+00
1.000000000000000000e+00,6.582581547373752562e-01,8.272930979728698730e-01,1.000000000000000000e+00,1.000000000000000000e+00
0.000000000000000000e+00,6.655130624252357519e-02,3.916213288903236389e-02,0.000000000000000000e+00,0.000000000000000000e+00
1.000000000000000000e+00,9.757267320746654260e-01,9.963595271110534668e-01,1.000000000000000000e+00,1.000000000000000000e+00
0.000000000000000000e+00,3.216724580786780013e-03,6.160534685477614403e-04,0.000000000000000000e+00,0.000000000000000000e+00
0.000000000000000000e+00,1.312122625668542542e-01,1.996856480836868286e-01,0.000000000000000000e+00,0.000000000000000000e+00
0.000000000000000000e+00,5.330251232538770617e-03,5.282298079691827297e-04,0.000000000000000000e+00,0.000000000000000000e+00
1.000000000000000000e+00,9.720559919474703880e-01,9.936847090721130371e-01,1.000000000000000000e+00,1.000000000000000000e+00
0.000000000000000000e+00,1.773490593664614132e-02,1.666661724448204041e-02,0.000000000000000000e+00,0.000000000000000000e+00
0.000000000000000000e+00,1.339121356038208525e-02,3.715090279001742601e-04,0.000000000000000000e+00,0.000000000000000000e+00
0.000000000000000000e+00,1.338644488988592618e-01,2.130577340722084045e-02,0.000000000000000000e+00,0.000000000000000000e+00
1.000000000000000000e+00,9.639926907733319394e-01,9.927695393562316895e-01,1.000000000000000000e+00,1.000000000000000000e+00
1.000000000000000000e+00,8.079461827548404251e-01,7.719919681549072266e-01,1.000000000000000000e+00,1.000000000000000000e+00
0.000000000000000000e+00,4.714710560233170145e-01,4.111932516098022461e-01,0.000000000000000000e+00,0.000000000000000000e+00
1.000000000000000000e+00,9.893540041599030443e-01,9.996172189712524414e-01,1.000000000000000000e+00,1.000000000000000000e+00
0.000000000000000000e+00,4.390664842492369990e-03,4.398159217089414597e-05,0.000000000000000000e+00,0.000000000000000000e+00
0.000000000000000000e+00,3.810013262053843497e-02,5.548856221139431000e-03,0.000000000000000000e+00,0.000000000000000000e+00
0.000000000000000000e+00,3.040237576861745672e-01,1.385071128606796265e-01,0.000000000000000000e+00,0.000000000000000000e+00
0.000000000000000000e+00,4.205229944458873520e-02,7.372449152171611786e-03,0.000000000000000000e+00,0.000000000000000000e+00
1.000000000000000000e+00,9.071917455561174792e-01,9.711098670959472656e-01,1.000000000000000000e+00,1.000000000000000000e+00
0.000000000000000000e+00,9.087192727107501478e-02,4.999534692615270615e-03,0.000000000000000000e+00,0.000000000000000000e+00
1.000000000000000000e+00,7.989915602084624036e-01,2.489187270402908325e-01,1.000000000000000000e+00,0.000000000000000000e+00
1.000000000000000000e+00,9.112546716438257866e-01,9.886705875396728516e-01,1.000000000000000000e+00,1.000000000000000000e+00
0.000000000000000000e+00,3.336619054996594821e-03,1.235025469213724136e-03,0.000000000000000000e+00,0.000000000000000000e+00
0.000000000000000000e+00,2.626371978127745588e-01,2.892200946807861328e-01,0.000000000000000000e+00,0.000000000000000000e+00
1.000000000000000000e+00,9.814641511648563021e-01,9.958185553550720215e-01,1.000000000000000000e+00,1.000000000000000000e+00
1.000000000000000000e+00,9.466082170078519986e-02,4.551899060606956482e-02,0.000000000000000000e+00,0.000000000000000000e+00
0.000000000000000000e+00,9.607379220256674970e-03,2.009581803577020764e-04,0.000000000000000000e+00,0.000000000000000000e+00
1.000000000000000000e+00,8.761067444642661739e-01,9.463049173355102539e-01,1.000000000000000000e+00,1.000000000000000000e+00
1.000000000000000000e+00,9.891069087828087136e-01,9.987647533416748047e-01,1.000000000000000000e+00,1.000000000000000000e+00
1.000000000000000000e+00,9.737471495252916220e-01,9.936226010322570801e-01,1.000000000000000000e+00,1.000000000000000000e+00
1.000000000000000000e+00,9.813709986912908523e-01,9.964053630828857422e-01,1.000000000000000000e+00,1.000000000000000000e+00
0.000000000000000000e+00,4.078754641297889783e-01,5.489910244941711426e-01,0.000000000000000000e+00,1.000000000000000000e+00
1.000000000000000000e+00,9.933861315571933526e-01,9.997237324714660645e-01,1.000000000000000000e+00,1.000000000000000000e+00
0.000000000000000000e+00,6.470755681499949265e-04,1.687167809905076865e-06,0.000000000000000000e+00,0.000000000000000000e+00
1.000000000000000000e+00,9.963577796124596375e-01,9.991768002510070801e-01,1.000000000000000000e+00,1.000000000000000000e+00
0.000000000000000000e+00,7.244534105111455347e-02,4.899492487311363220e-03,0.000000000000000000e+00,0.000000000000000000e+00
1.000000000000000000e+00,9.944747154440548575e-01,9.997810721397399902e-01,1.000000000000000000e+00,1.000000000000000000e+00
1.000000000000000000e+00,9.988696581402700669e-01,9.999796152114868164e-01,1.000000000000000000e+00,1.000000000000000000e+00
1.000000000000000000e+00,9.764341877285097615e-01,9.839127659797668457e-01,1.000000000000000000e+00,1.000000000000000000e+00
0.000000000000000000e+00,1.992212564975812464e-02,3.612935252021998167e-04,0.000000000000000000e+00,0.000000000000000000e+00
0.000000000000000000e+00,4.901789487301324438e-02,5.808710586279630661e-03,0.000000000000000000e+00,0.000000000000000000e+00
1.000000000000000000e+00,7.831793526101984426e-01,9.625552892684936523e-01,1.000000000000000000e+00,1.000000000000000000e+00
0.000000000000000000e+00,1.836593723221149888e-02,9.314469061791896820e-04,0.000000000000000000e+00,0.000000000000000000e+00
0.000000000000000000e+00,3.854761654429451206e-02,1.915624598041176796e-03,0.000000000000000000e+00,0.000000000000000000e+00
1.000000000000000000e+00,9.765243954292033290e-01,9.993422627449035645e-01,1.000000000000000000e+00,1.000000000000000000e+00
1.000000000000000000e+00,9.973509410947174469e-01,9.999494552612304688e-01,1.000000000000000000e+00,1.000000000000000000e+00
1.000000000000000000e+00,9.572131097212412953e-01,9.898768067359924316e-01,1.000000000000000000e+00,1.000000000000000000e+00
0.000000000000000000e+00,2.174424053895298095e-02,1.854340545833110809e-03,0.000000000000000000e+00,0.000000000000000000e+00
1.000000000000000000e+00,9.858001840260672832e-01,9.996879100799560547e-01,1.000000000000000000e+00,1.000000000000000000e+00
1.000000000000000000e+00,1.316470799272404790e-01,9.557259082794189453e-02,0.000000000000000000e+00,0.000000000000000000e+00
0.000000000000000000e+00,3.134562932099555985e-03,5.457777660922147334e-05,0.000000000000000000e+00,0.000000000000000000e+00
0.000000000000000000e+00,1.358891722425495663e-01,4.020260274410247803e-02,0.000000000000000000e+00,0.000000000000000000e+00
1.000000000000000000e+00,9.845271512243327638e-01,9.975315332412719727e-01,1.000000000000000000e+00,1.000000000000000000e+00
0.000000000000000000e+00,8.724112119482129932e-03,1.509103603893890977e-04,0.000000000000000000e+00,0.000000000000000000e+00
1.000000000000000000e+00,9.367951201036217590e-01,9.923492670059204102e-01,1.000000000000000000e+00,1.000000000000000000e+00
0.000000000000000000e+00,7.187624830354903682e-02,2.540408819913864136e-02,0.000000000000000000e+00,0.000000000000000000e+00
0.000000000000000000e+00,3.837882034372056342e-03,3.128087264485657215e-04,0.000000000000000000e+00,0.000000000000000000e+00
0.000000000000000000e+00,2.631550710813954641e-01,3.712293133139610291e-02,0.000000000000000000e+00,0.000000000000000000e+00
1.000000000000000000e+00,9.778230716865623506e-01,9.969068169593811035e-01,1.000000000000000000e+00,1.000000000000000000e+00
1.000000000000000000e+00,9.808948622734391387e-01,9.996550083160400391e-01,1.000000000000000000e+00,1.000000000000000000e+00
0.000000000000000000e+00,4.120627994343198375e-02,4.504681099206209183e-03,0.000000000000000000e+00,0.000000000000000000e+00
0.000000000000000000e+00,5.738615674026802393e-01,6.794853806495666504e-01,1.000000000000000000e+00,1.000000000000000000e+00
1.000000000000000000e+00,9.867510097260068225e-01,9.980924725532531738e-01,1.000000000000000000e+00,1.000000000000000000e+00
1.000000000000000000e+00,7.359173112827445129e-01,7.087503671646118164e-01,1.000000000000000000e+00,1.000000000000000000e+00
1.000000000000000000e+00,9.976819312314979538e-01,9.998934268951416016e-01,1.000000000000000000e+00,1.000000000000000000e+00
0.000000000000000000e+00,4.758573090567087827e-02,4.133167210966348648e-03,0.000000000000000000e+00,0.000000000000000000e+00
1.000000000000000000e+00,9.276836257389560192e-01,9.508656263351440430e-01,1.000000000000000000e+00,1.000000000000000000e+00
1.000000000000000000e+00,9.945493317521607590e-01,9.995463490486145020e-01,1.000000000000000000e+00,1.000000000000000000e+00
1.000000000000000000e+00,9.915527670740772459e-01,9.989458918571472168e-01,1.000000000000000000e+00,1.000000000000000000e+00
0.000000000000000000e+00,1.753800618609180698e-02,1.316454843617975712e-03,0.000000000000000000e+00,0.000000000000000000e+00
0.000000000000000000e+00,2.580495492408110270e-01,1.753553450107574463e-01,0.000000000000000000e+00,0.000000000000000000e+00
0.000000000000000000e+00,6.672246794758690015e-03,3.170931595377624035e-04,0.000000000000000000e+00,0.000000000000000000e+00
0.000000000000000000e+00,2.573756301332581486e-01,6.954239010810852051e-01,0.000000000000000000e+00,1.000000000000000000e+00
1.000000000000000000e+00,9.855423112306282984e-01,9.988824725151062012e-01,1.000000000000000000e+00,1.000000000000000000e+00
0.000000000000000000e+00,3.372154675867012133e-03,2.740284835454076529e-04,0.000000000000000000e+00,0.000000000000000000e+00
1.000000000000000000e+00,9.687029266183483367e-01,9.968150258064270020e-01,1.000000000000000000e+00,1.000000000000000000e+00
0.000000000000000000e+00,3.526707776684693402e-02,1.914139254949986935e-03,0.000000000000000000e+00,0.000000000000000000e+00
1.000000000000000000e+00,9.770772810975344447e-01,9.977459311485290527e-01,1.000000000000000000e+00,1.000000000000000000e+00
1.000000000000000000e+00,9.887493420400549349e-01,9.996701478958129883e-01,1.000000000000000000e+00,1.000000000000000000e+00
0.000000000000000000e+00,1.968911105498680203e-02,3.830754663795232773e-03,0.000000000000000000e+00,0.000000000000000000e+00
1.000000000000000000e+00,7.452777813986077859e-01,7.859507799148559570e-01,1.000000000000000000e+00,1.000000000000000000e+00
0.000000000000000000e+00,2.871765551204138317e-02,4.534697625786066055e-03,0.000000000000000000e+00,0.000000000000000000e+00
1.000000000000000000e+00,9.290539255431367049e-01,9.960971474647521973e-01,1.000000000000000000e+00,1.000000000000000000e+00
1.000000000000000000e+00,9.724705056698487171e-01,9.946410655975341797e-01,1.000000000000000000e+00,1.000000000000000000e+00
1.000000000000000000e+00,9.977076455538781419e-01,9.999810457229614258e-01,1.000000000000000000e+00,1.000000000000000000e+00
1.000000000000000000e+00,3.307083260070252106e-01,8.214615583419799805e-01,0.000000000000000000e+00,1.000000000000000000e+00
0.000000000000000000e+00,2.449970966794546290e-01,8.990228176116943359e-02,0.000000000000000000e+00,0.000000000000000000e+00
1.000000000000000000e+00,9.974766442237729125e-01,9.999324083328247070e-01,1.000000000000000000e+00,1.000000000000000000e+00
1.000000000000000000e+00,9.341868215045484591e-01,9.933319687843322754e-01,1.000000000000000000e+00,1.000000000000000000e+00
0.000000000000000000e+00,1.267024959525843951e-02,7.215294172056019306e-04,0.000000000000000000e+00,0.000000000000000000e+00
0.000000000000000000e+00,2.623361255029210692e-03,1.158407758339308202e-04,0.000000000000000000e+00,0.000000000000000000e+00
0.000000000000000000e+00,7.971883848788486465e-03,4.188980674371123314e-04,0.000000000000000000e+00,0.000000000000000000e+00
1.000000000000000000e+00,9.251357941348148373e-01,9.941071271896362305e-01,1.000000000000000000e+00,1.000000000000000000e+00
1.000000000000000000e+00,9.921788492366465650e-01,9.993484616279602051e-01,1.000000000000000000e+00,1.000000000000000000e+00
0.000000000000000000e+00,2.214368102311579326e-03,4.582390829455107450e-05,0.000000000000000000e+00,0.000000000000000000e+00
1.000000000000000000e+00,9.870898970078287871e-01,9.983966946601867676e-01,1.000000000000000000e+00,1.000000000000000000e+00
0.000000000000000000e+00,4.487668034912022270e-03,1.263915037270635366e-04,0.000000000000000000e+00,0.000000000000000000e+00
1.000000000000000000e+00,9.376877621178409949e-01,9.856827855110168457e-01,1.000000000000000000e+00,1.000000000000000000e+00
1.000000000000000000e+00,9.818769704835170753e-01,9.992048144340515137e-01,1.000000000000000000e+00,1.000000000000000000e+00
1.000000000000000000e+00,9.905164510003395817e-01,9.998978376388549805e-01,1.000000000000000000e+00,1.000000000000000000e+00
1.000000000000000000e+00,9.867767859728013846e-01,9.976880550384521484e-01,1.000000000000000000e+00,1.000000000000000000e+00
1.000000000000000000e+00,9.853140070561768882e-01,9.978045821189880371e-01,1.000000000000000000e+00,1.000000000000000000e+00
1.000000000000000000e+00,9.960644492653325521e-01,9.998132586479187012e-01,1.000000000000000000e+00,1.000000000000000000e+00
0.000000000000000000e+00,2.417149923017202634e-02,5.423812568187713623e-02,0.000000000000000000e+00,0.000000000000000000e+00
1.000000000000000000e+00,9.748605116653448199e-01,9.990293979644775391e-01,1.000000000000000000e+00,1.000000000000000000e+00
0.000000000000000000e+00,1.084847447590594864e-02,2.372249588370323181e-02,0.000000000000000000e+00,0.000000000000000000e+00
1.000000000000000000e+00,9.899178496872206301e-01,9.987018108367919922e-01,1.000000000000000000e+00,1.000000000000000000e+00
0.000000000000000000e+00,8.034855556155861417e-03,3.761834464967250824e-03,0.000000000000000000e+00,0.000000000000000000e+00
1.000000000000000000e+00,9.864979419499462221e-01,9.984723925590515137e-01,1.000000000000000000e+00,1.000000000000000000e+00
1.000000000000000000e+00,9.779488430429779111e-01,9.954454898834228516e-01,1.000000000000000000e+00,1.000000000000000000e+00
1.000000000000000000e+00,9.713028523205368137e-01,9.979306459426879883e-01,1.000000000000000000e+00,1.000000000000000000e+00
0.000000000000000000e+00,3.154200626696651577e-01,1.097365394234657288e-01,0.000000000000000000e+00,0.000000000000000000e+00
0.000000000000000000e+00,2.120966695617500404e-03,3.084932177443988621e-05,0.000000000000000000e+00,0.000000000000000000e+00
1.000000000000000000e+00,9.547558511919291835e-01,9.959964752197265625e-01,1.000000000000000000e+00,1.000000000000000000e+00
0.000000000000000000e+00,2.616497963879450481e-02,6.304221227765083313e-03,0.000000000000000000e+00,0.000000000000000000e+00
0.000000000000000000e+00,6.827257081182297460e-02,2.170683443546295166e-02,0.000000000000000000e+00,0.000000000000000000e+00
1.000000000000000000e+00,9.762233721952795484e-01,9.960554838180541992e-01,1.000000000000000000e+00,1.000000000000000000e+00
0.000000000000000000e+00,1.516370275072167519e-02,9.101909818127751350e-04,0.000000000000000000e+00,0.000000000000000000e+00
1.000000000000000000e+00,9.646369803771221996e-01,9.944974780082702637e-01,1.000000000000000000e+00,1.000000000000000000e+00
1.000000000000000000e+00,9.977893884454678286e-01,9.998879432678222656e-01,1.000000000000000000e+00,1.000000000000000000e+00
1.000000000000000000e+00,9.740093613017173357e-01,9.977191090583801270e-01,1.000000000000000000e+00,1.000000000000000000e+00
0.000000000000000000e+00,2.605260229838372021e-01,8.495172113180160522e-02,0.000000000000000000e+00,0.000000000000000000e+00
1.000000000000000000e+00,9.940112685627747746e-01,9.999248981475830078e-01,1.000000000000000000e+00,1.000000000000000000e+00
0.000000000000000000e+00,1.984659150066938119e-02,2.209105528891086578e-03,0.000000000000000000e+00,0.000000000000000000e+00
1.000000000000000000e+00,9.932919410973820584e-01,9.994590878486633301e-01,1.000000000000000000e+00,1.000000000000000000e+00
0.000000000000000000e+00,8.403238539312666289e-01,9.729859232902526855e-01,1.000000000000000000e+00,1.000000000000000000e+00
1.000000000000000000e+00,9.739789317731454288e-01,9.993699193000793457e-01,1.000000000000000000e+00,1.000000000000000000e+00
1.000000000000000000e+00,2.862749904734661066e-01,1.458045989274978638e-01,0.000000000000000000e+00,0.000000000000000000e+00
0.000000000000000000e+00,2.143984630635270908e-02,4.312007222324609756e-03,0.000000000000000000e+00,0.000000000000000000e+00
0.000000000000000000e+00,6.058456701557256574e-01,5.732076168060302734e-01,1.000000000000000000e+00,1.000000000000000000e+00
1.000000000000000000e+00,8.118537656832656157e-01,9.481633901596069336e-01,1.000000000000000000e+00,1.000000000000000000e+00
0.000000000000000000e+00,3.807631692124163747e-02,7.168681360781192780e-03,0.000000000000000000e+00,0.000000000000000000e+00
0.000000000000000000e+00,4.581270701352486985e-02,3.002594038844108582e-02,0.000000000000000000e+00,0.000000000000000000e+00
1.000000000000000000e+00,9.784215579502393290e-01,9.846813678741455078e-01,1.000000000000000000e+00,1.000000000000000000e+00
0.000000000000000000e+00,6.367151120595369862e-02,1.758019439876079559e-02,0.000000000000000000e+00,0.000000000000000000e+00
1.000000000000000000e+00,9.970045953677694195e-01,9.996213912963867188e-01,1.000000000000000000e+00,1.000000000000000000e+00
1.000000000000000000e+00,9.165075364520823831e-01,9.834083318710327148e-01,1.000000000000000000e+00,1.000000000000000000e+00
0.000000000000000000e+00,6.078652129855093705e-02,9.010374546051025391e-03,0.000000000000000000e+00,0.000000000000000000e+00
1.000000000000000000e+00,7.746940457506433786e-01,9.806908369064331055e-01,1.000000000000000000e+00,1.000000000000000000e+00
1.000000000000000000e+00,9.315409503498089938e-01,9.946434497833251953e-01,1.000000000000000000e+00,1.000000000000000000e+00
1.000000000000000000e+00,9.714006473452129198e-01,9.987668991088867188e-01,1.000000000000000000e+00,1.000000000000000000e+00
1.000000000000000000e+00,9.866927494474935223e-01,9.945254325866699219e-01,1.000000000000000000e+00,1.000000000000000000e+00
1.000000000000000000e+00,9.990518788009531415e-01,9.999957084655761719e-01,1.000000000000000000e+00,1.000000000000000000e+00
1.000000000000000000e+00,9.337383375155668963e-01,9.677758812904357910e-01,1.000000000000000000e+00,1.000000000000000000e+00
1.000000000000000000e+00,9.390266808460379089e-01,9.982280135154724121e-01,1.000000000000000000e+00,1.000000000000000000e+00
0.000000000000000000e+00,3.092199110197637463e-02,6.335312500596046448e-03,0.000000000000000000e+00,0.000000000000000000e+00
1.000000000000000000e+00,8.968642122842305220e-01,8.381234407424926758e-01,1.000000000000000000e+00,1.000000000000000000e+00
0.000000000000000000e+00,8.165224814808133558e-02,1.991908997297286987e-02,0.000000000000000000e+00,0.000000000000000000e+00
0.000000000000000000e+00,6.252489634356795355e-03,2.197888097725808620e-04,0.000000000000000000e+00,0.000000000000000000e+00
0.000000000000000000e+00,9.233609998311316513e-02,4.530216380953788757e-02,0.000000000000000000e+00,0.000000000000000000e+00
0.000000000000000000e+00,3.978905206544610523e-02,7.430335041135549545e-03,0.000000000000000000e+00,0.000000000000000000e+00
0.000000000000000000e+00,1.901474266624933462e-01,2.794715762138366699e-02,0.000000000000000000e+00,0.000000000000000000e+00
0.000000000000000000e+00,1.923843711051071576e-02,2.536025363951921463e-03,0.000000000000000000e+00,0.000000000000000000e+00
1.000000000000000000e+00,5.034360025303801223e-01,6.170882582664489746e-01,1.000000000000000000e+00,1.000000000000000000e+00
1.000000000000000000e+00,9.609957069802324003e-01,9.967314004898071289e-01,1.000000000000000000e+00,1.000000000000000000e+00
0.000000000000000000e+00,3.255123690181653540e-02,2.783587388694286346e-02,0.000000000000000000e+00,0.000000000000000000e+00
0.000000000000000000e+00,4.716844613898181840e-03,2.559756685514003038e-04,0.000000000000000000e+00,0.000000000000000000e+00
0.000000000000000000e+00,1.901805634001822731e-03,8.643541514175012708e-05,0.000000000000000000e+00,0.000000000000000000e+00
0.000000000000000000e+00,1.263516442987667465e-01,3.866308182477951050e-02,0.000000000000000000e+00,0.000000000000000000e+00
1.000000000000000000e+00,9.922496548602141031e-01,9.997672438621520996e-01,1.000000000000000000e+00,1.000000000000000000e+00
0.000000000000000000e+00,9.475512214991597959e-02,2.410889370366930962e-03,0.000000000000000000e+00,0.000000000000000000e+00
0.000000000000000000e+00,3.871063234564720706e-02,1.283030025660991669e-02,0.000000000000000000e+00,0.000000000000000000e+00
0.000000000000000000e+00,1.208728149773751898e-01,1.298088282346725464e-01,0.000000000000000000e+00,0.000000000000000000e+00
0.000000000000000000e+00,9.302383852391025998e-02,6.123312283307313919e-03,0.000000000000000000e+00,0.000000000000000000e+00
1.000000000000000000e+00,9.864658577443073950e-01,9.998773336410522461e-01,1.000000000000000000e+00,1.000000000000000000e+00
0.000000000000000000e+00,1.067673528130493044e-02,1.565187121741473675e-04,0.000000000000000000e+00,0.000000000000000000e+00
1.000000000000000000e+00,9.875543047879414837e-01,9.982259869575500488e-01,1.000000000000000000e+00,1.000000000000000000e+00
0.000000000000000000e+00,3.736471238487844987e-02,1.046585571020841599e-02,0.000000000000000000e+00,0.000000000000000000e+00
1.000000000000000000e+00,8.694632063346530160e-01,9.443166255950927734e-01,1.000000000000000000e+00,1.000000000000000000e+00
1.000000000000000000e+00,9.769677611099538694e-01,9.954289197921752930e-01,1.000000000000000000e+00,1.000000000000000000e+00
0.000000000000000000e+00,1.548631812330298896e-01,5.219991877675056458e-02,0.000000000000000000e+00,0.000000000000000000e+00
1.000000000000000000e+00,9.990823536012664041e-01,9.999909400939941406e-01,1.000000000000000000e+00,1.000000000000000000e+00
0.000000000000000000e+00,3.658892691616287551e-02,5.422808695584535599e-03,0.000000000000000000e+00,0.000000000000000000e+00
1.000000000000000000e+00,1.348541885645404559e-01,1.366424374282360077e-02,0.000000000000000000e+00,0.000000000000000000e+00
1.000000000000000000e+00,8.357675497716360313e-01,9.596770405769348145e-01,1.000000000000000000e+00,1.000000000000000000e+00
1.000000000000000000e+00,9.840106394141773238e-01,9.958718419075012207e-01,1.000000000000000000e+00,1.000000000000000000e+00
1.000000000000000000e+00,9.070074239262210236e-01,8.212344646453857422e-01,1.000000000000000000e+00,1.000000000000000000e+00
1.000000000000000000e+00,9.054024687194961452e-01,9.960214495658874512e-01,1.000000000000000000e+00,1.000000000000000000e+00
0.000000000000000000e+00,1.021217239151968673e-02,5.628587678074836731e-04,0.000000000000000000e+00,0.000000000000000000e+00
0.000000000000000000e+00,8.708245996618355078e-02,3.784529119729995728e-02,0.000000000000000000e+00,0.000000000000000000e+00
0.000000000000000000e+00,8.818934870912190638e-01,9.107941389083862305e-01,1.000000000000000000e+00,1.000000000000000000e+00
1.000000000000000000e+00,6.544950818905973522e-01,6.680979132652282715e-01,1.000000000000000000e+00,1.000000000000000000e+00
1.000000000000000000e+00,8.528380951251659514e-01,7.281268239021301270e-01,1.000000000000000000e+00,1.000000000000000000e+00
0.000000000000000000e+00,1.726826616431317296e-01,1.120676994323730469e-01,0.000000000000000000e+00,0.000000000000000000e+00
1.000000000000000000e+00,5.019057476754028579e-01,9.046092629432678223e-01,1.000000000000000000e+00,1.000000000000000000e+00
1.000000000000000000e+00,9.986788500613006381e-01,9.999873638153076172e-01,1.000000000000000000e+00,1.000000000000000000e+00
0.000000000000000000e+00,1.139546215363144571e-01,8.061229437589645386e-02,0.000000000000000000e+00,0.000000000000000000e+00
0.000000000000000000e+00,1.609238894499557398e-02,2.062786603346467018e-03,0.000000000000000000e+00,0.000000000000000000e+00
0.000000000000000000e+00,7.561937645232502669e-02,6.871426943689584732e-03,0.000000000000000000e+00,0.000000000000000000e+00
0.000000000000000000e+00,5.074913148951742774e-03,1.246685395017266273e-03,0.000000000000000000e+00,0.000000000000000000e+00
1.000000000000000000e+00,9.177485878847623235e-01,9.805718660354614258e-01,1.000000000000000000e+00,1.000000000000000000e+00
0.000000000000000000e+00,1.246375281300787438e-02,3.336240770295262337e-03,0.000000000000000000e+00,0.000000000000000000e+00
1.000000000000000000e+00,9.879895143001418134e-01,9.986076951026916504e-01,1.000000000000000000e+00,1.000000000000000000e+00
1.000000000000000000e+00,1.346990629347366852e-01,5.226586014032363892e-02,0.000000000000000000e+00,0.000000000000000000e+00
1.000000000000000000e+00,9.882356926566071564e-01,9.986905455589294434e-01,1.000000000000000000e+00,1.000000000000000000e+00
1.000000000000000000e+00,9.704279687965564616e-01,9.953463673591613770e-01,1.000000000000000000e+00,1.000000000000000000e+00
0.000000000000000000e+00,9.169121120809574713e-03,5.967655684798955917e-03,0.000000000000000000e+00,0.000000000000000000e+00
0.000000000000000000e+00,2.976198870945408019e-03,1.537414354970678687e-04,0.000000000000000000e+00,0.000000000000000000e+00
0.000000000000000000e+00,3.037374809888137572e-01,1.468479633331298828e-01,0.000000000000000000e+00,0.000000000000000000e+00
1.000000000000000000e+00,8.346243929640538850e-01,7.598848938941955566e-01,1.000000000000000000e+00,1.000000000000000000e+00
0.000000000000000000e+00,4.448902803857931847e-03,1.491801958763971925e-04,0.000000000000000000e+00,0.000000000000000000e+00
0.000000000000000000e+00,3.273518427480270887e-02,3.433207748457789421e-03,0.000000000000000000e+00,0.000000000000000000e+00
0.000000000000000000e+00,1.396557009154049400e-02,3.158642211928963661e-03,0.000000000000000000e+00,0.000000000000000000e+00
0.000000000000000000e+00,2.652969401601360522e-01,5.690256506204605103e-02,0.000000000000000000e+00,0.000000000000000000e+00
1.000000000000000000e+00,1.269668135581357993e-01,1.446901410818099976e-01,0.000000000000000000e+00,0.000000000000000000e+00
0.000000000000000000e+00,1.814780851100722230e-03,4.410739929880946875e-04,0.000000000000000000e+00,0.000000000000000000e+00
0.000000000000000000e+00,1.171954225646486790e-02,3.519427496939897537e-03,0.000000000000000000e+00,0.000000000000000000e+00
1.000000000000000000e+00,7.859292760178491211e-01,4.845988154411315918e-01,1.000000000000000000e+00,0.000000000000000000e+00
0.000000000000000000e+00,9.815144534006871313e-03,4.639768449123948812e-04,0.000000000000000000e+00,0.000000000000000000e+00
0.000000000000000000e+00,1.605266749216457262e-02,6.651553558185696602e-04,0.000000000000000000e+00,0.000000000000000000e+00
1.000000000000000000e+00,8.945649847485380723e-01,9.941741824150085449e-01,1.000000000000000000e+00,1.000000000000000000e+00
1.000000000000000000e+00,5.556131492111531234e-01,2.711301743984222412e-01,1.000000000000000000e+00,0.000000000000000000e+00
0.000000000000000000e+00,4.453817480840869397e-02,1.053597428835928440e-03,0.000000000000000000e+00,0.000000000000000000e+00
1.000000000000000000e+00,9.885985683036679905e-01,9.993978738784790039e-01,1.000000000000000000e+00,1.000000000000000000e+00
1.000000000000000000e+00,9.194960127636985225e-01,9.944913387298583984e-01,1.000000000000000000e+00,1.000000000000000000e+00
1.000000000000000000e+00,9.940673479294396264e-01,9.997703433036804199e-01,1.000000000000000000e+00,1.000000000000000000e+00
1.000000000000000000e+00,5.695175162399599422e-01,8.201369643211364746e-01,1.000000000000000000e+00,1.000000000000000000e+00
1.000000000000000000e+00,9.723937020173529788e-01,9.964364767074584961e-01,1.000000000000000000e+00,1.000000000000000000e+00
0.000000000000000000e+00,5.165443878912373034e-03,3.504462656565010548e-04,0.000000000000000000e+00,0.000000000000000000e+00
1.000000000000000000e+00,6.673965358657727442e-01,8.780682086944580078e-01,1.000000000000000000e+00,1.000000000000000000e+00
0.000000000000000000e+00,4.436726274236984895e-03,1.408288226230069995e-04,0.000000000000000000e+00,0.000000000000000000e+00
0.000000000000000000e+00,1.470793376452057995e-02,1.090174424462020397e-03,0.000000000000000000e+00,0.000000000000000000e+00
0.000000000000000000e+00,5.578415696295506432e-02,1.816244795918464661e-02,0.000000000000000000e+00,0.000000000000000000e+00
0.000000000000000000e+00,6.835922130054501722e-02,5.755520891398191452e-03,0.000000000000000000e+00,0.000000000000000000e+00
1.000000000000000000e+00,9.792062696745672534e-01,9.972651004791259766e-01,1.000000000000000000e+00,1.000000000000000000e+00
0.000000000000000000e+00,8.587512707555240710e-02,9.578948467969894409e-02,0.000000000000000000e+00,0.000000000000000000e+00
0.000000000000000000e+00,1.049998600596602563e-02,7.281534490175545216e-04,0.000000000000000000e+00,0.000000000000000000e+00
0.000000000000000000e+00,2.143876195781753147e-01,1.355217993259429932e-01,0.000000000000000000e+00,0.000000000000000000e+00
1.000000000000000000e+00,9.799467037450132478e-01,9.901781678199768066e-01,1.000000000000000000e+00,1.000000000000000000e+00
0.000000000000000000e+00,3.451019954187116434e-02,3.258071839809417725e-03,0.000000000000000000e+00,0.000000000000000000e+00
1.000000000000000000e+00,9.952050925235798040e-01,9.999469518661499023e-01,1.000000000000000000e+00,1.000000000000000000e+00
1.000000000000000000e+00,9.084113081818125934e-01,8.972998857498168945e-01,1.000000000000000000e+00,1.000000000000000000e+00
1.000000000000000000e+00,9.720311406878057170e-01,9.991200566291809082e-01,1.000000000000000000e+00,1.000000000000000000e+00
0.000000000000000000e+00,6.152292293570122382e-03,9.555661818012595177e-04,0.000000000000000000e+00,0.000000000000000000e+00
1.000000000000000000e+00,9.746501192408182357e-01,9.974982142448425293e-01,1.000000000000000000e+00,1.000000000000000000e+00
1.000000000000000000e+00,9.886281759025615790e-01,9.996108412742614746e-01,1.000000000000000000e+00,1.000000000000000000e+00
0.000000000000000000e+00,7.545339421748870068e-01,7.080738544464111328e-01,1.000000000000000000e+00,1.000000000000000000e+00
0.000000000000000000e+00,4.723994511179252509e-02,6.709520705044269562e-03,0.000000000000000000e+00,0.000000000000000000e+00
0.000000000000000000e+00,4.585750253782885921e-02,2.010645270347595215e-01,0.000000000000000000e+00,0.000000000000000000e+00
1.000000000000000000e+00,9.950324934884514638e-01,9.995846152305603027e-01,1.000000000000000000e+00,1.000000000000000000e+00
0.000000000000000000e+00,2.430266296416686359e-02,8.841784298419952393e-02,0.000000000000000000e+00,0.000000000000000000e+00
0.000000000000000000e+00,4.583524173329228853e-03,2.949455811176449060e-04,0.000000000000000000e+00,0.000000000000000000e+00
0.000000000000000000e+00,1.147916949328561254e-01,4.217874631285667419e-02,0.000000000000000000e+00,0.000000000000000000e+00
0.000000000000000000e+00,3.859768347192164134e-02,1.063880743458867073e-03,0.000000000000000000e+00,0.000000000000000000e+00
0.000000000000000000e+00,3.665567363467379935e-02,1.492586266249418259e-02,0.000000000000000000e+00,0.000000000000000000e+00
0.000000000000000000e+00,8.637232177864921645e-02,1.736190356314182281e-02,0.000000000000000000e+00,0.000000000000000000e+00
0.000000000000000000e+00,3.311187552538522733e-02,1.533407601527869701e-03,0.000000000000000000e+00,0.000000000000000000e+00
0.000000000000000000e+00,1.005330050485574341e-02,5.633981782011687756e-04,0.000000000000000000e+00,0.000000000000000000e+00
0.000000000000000000e+00,4.230021569767402484e-02,5.168824456632137299e-03,0.000000000000000000e+00,0.000000000000000000e+00
0.000000000000000000e+00,3.265654048097436229e-02,4.151186440140008926e-03,0.000000000000000000e+00,0.000000000000000000e+00
1.000000000000000000e+00,9.756472603464677595e-01,9.966164231300354004e-01,1.000000000000000000e+00,1.000000000000000000e+00
0.000000000000000000e+00,8.892530219396066471e-03,1.716880651656538248e-04,0.000000000000000000e+00,0.000000000000000000e+00
0.000000000000000000e+00,1.458422254627079855e-02,2.498844871297478676e-03,0.000000000000000000e+00,0.000000000000000000e+00
1.000000000000000000e+00,9.952921956171608686e-01,9.997807145118713379e-01,1.000000000000000000e+00,1.000000000000000000e+00
1.000000000000000000e+00,6.785007805376348511e-01,6.939977407455444336e-01,1.000000000000000000e+00,1.000000000000000000e+00
0.000000000000000000e+00,6.086449154520040712e-03,8.196941053029149771e-05,0.000000000000000000e+00,0.000000000000000000e+00
0.000000000000000000e+00,5.184079036035592336e-02,6.078730896115303040e-02,0.000000000000000000e+00,0.000000000000000000e+00
0.000000000000000000e+00,1.681774677977850019e-02,1.932402490638196468e-03,0.000000000000000000e+00,0.000000000000000000e+00
1.000000000000000000e+00,9.819023682396679220e-01,9.966969490051269531e-01,1.000000000000000000e+00,1.000000000000000000e+00
0.000000000000000000e+00,5.150569361867902637e-03,9.077235590666532516e-04,0.000000000000000000e+00,0.000000000000000000e+00
0.000000000000000000e+00,8.561265560575054279e-02,1.910358294844627380e-02,0.000000000000000000e+00,0.000000000000000000e+00
0.000000000000000000e+00,7.507575097036230105e-02,1.148844882845878601e-01,0.000000000000000000e+00,0.000000000000000000e+00
1.000000000000000000e+00,9.968788171208241566e-01,9.999027252197265625e-01,1.000000000000000000e+00,1.000000000000000000e+00
1.000000000000000000e+00,9.949013759395828327e-01,9.999085664749145508e-01,1.000000000000000000e+00,1.000000000000000000e+00
0.000000000000000000e+00,5.840711108383275230e-01,6.388484835624694824e-01,1.000000000000000000e+00,1.000000000000000000e+00
0.000000000000000000e+00,1.460379992195669913e-02,1.196112367324531078e-03,0.000000000000000000e+00,0.000000000000000000e+00
1.000000000000000000e+00,9.478770091941374210e-01,9.923990368843078613e-01,1.000000000000000000e+00,1.000000000000000000e+00
0.000000000000000000e+00,1.480707777246542244e-03,2.261040390294510871e-05,0.000000000000000000e+00,0.000000000000000000e+00
0.000000000000000000e+00,3.206300842381084194e-03,2.981909201480448246e-04,0.000000000000000000e+00,0.000000000000000000e+00
1.000000000000000000e+00,9.871996166842242904e-01,9.863362312316894531e-01,1.000000000000000000e+00,1.000000000000000000e+00
0.000000000000000000e+00,5.728450772859095680e-03,1.607025857083499432e-03,0.000000000000000000e+00,0.000000000000000000e+00
0.000000000000000000e+00,6.190364911918517371e-02,1.119584869593381882e-02,0.000000000000000000e+00,0.000000000000000000e+00
1.000000000000000000e+00,8.888855879211990940e-01,9.635565876960754395e-01,1.000000000000000000e+00,1.000000000000000000e+00
1.000000000000000000e+00,9.864204285451508847e-01,9.850405454635620117e-01,1.000000000000000000e+00,1.000000000000000000e+00
1.000000000000000000e+00,6.220219629447351073e-01,6.601545810699462891e-01,1.000000000000000000e+00,1.000000000000000000e+00
1.000000000000000000e+00,9.955550090851207345e-01,9.996856451034545898e-01,1.000000000000000000e+00,1.000000000000000000e+00
0.000000000000000000e+00,3.336374138139314681e-03,7.786189962644129992e-05,0.000000000000000000e+00,0.000000000000000000e+00
0.000000000000000000e+00,1.443151461202471682e-02,2.879473380744457245e-03,0.000000000000000000e+00,0.000000000000000000e+00
1.000000000000000000e+00,9.249757730744735396e-01,9.867026209831237793e-01,1.000000000000000000e+00,1.000000000000000000e+00
1.000000000000000000e+00,9.838199879016923388e-01,9.976911544799804688e-01,1.000000000000000000e+00,1.000000000000000000e+00
1.000000000000000000e+00,8.410176379679845660e-01,9.673664569854736328e-01,1.000000000000000000e+00,1.000000000000000000e+00
0.000000000000000000e+00,4.113156995989451087e-02,2.689142152667045593e-02,0.000000000000000000e+00,0.000000000000000000e+00
1.000000000000000000e+00,9.970187829646808275e-01,9.999172687530517578e-01,1.000000000000000000e+00,1.000000000000000000e+00
1.000000000000000000e+00,9.909156571508189737e-01,9.987518787384033203e-01,1.000000000000000000e+00,1.000000000000000000e+00
0.000000000000000000e+00,5.141973529557893885e-01,2.310726940631866455e-01,1.000000000000000000e+00,0.000000000000000000e+00
0.000000000000000000e+00,1.356657728658575146e-02,6.275166524574160576e-04,0.000000000000000000e+00,0.000000000000000000e+00
0.000000000000000000e+00,2.464319288968075394e-02,1.912753330543637276e-03,0.000000000000000000e+00,0.000000000000000000e+00
1.000000000000000000e+00,9.964136588354040036e-01,9.999111890792846680e-01,1.000000000000000000e+00,1.000000000000000000e+00
1.000000000000000000e+00,9.930556078685011112e-01,9.997181296348571777e-01,1.000000000000000000e+00,1.000000000000000000e+00
0.000000000000000000e+00,3.472648204696164309e-01,3.626621663570404053e-01,0.000000000000000000e+00,0.000000000000000000e+00
1.000000000000000000e+00,9.066280812876671424e-01,8.573761582374572754e-01,1.000000000000000000e+00,1.000000000000000000e+00
0.000000000000000000e+00,7.239695255746465830e-02,8.334339596331119537e-03,0.000000000000000000e+00,0.000000000000000000e+00
1.000000000000000000e+00,7.972727444510097072e-01,9.687064290046691895e-01,1.000000000000000000e+00,1.000000000000000000e+00
1.000000000000000000e+00,9.423727780571632406e-01,9.923129677772521973e-01,1.000000000000000000e+00,1.000000000000000000e+00
1.000000000000000000e+00,9.489177112890995192e-01,9.730908870697021484e-01,1.000000000000000000e+00,1.000000000000000000e+00
0.000000000000000000e+00,4.405391231322649224e-03,1.567276485729962587e-04,0.000000000000000000e+00,0.000000000000000000e+00
0.000000000000000000e+00,2.602002001339899159e-02,3.425069618970155716e-03,0.000000000000000000e+00,0.000000000000000000e+00
0.000000000000000000e+00,1.768589070646316369e-03,8.412597526330500841e-05,0.000000000000000000e+00,0.000000000000000000e+00
1.000000000000000000e+00,9.904555557024565804e-01,9.993870258331298828e-01,1.000000000000000000e+00,1.000000000000000000e+00
1.000000000000000000e+00,9.528866977481612599e-01,9.460569024085998535e-01,1.000000000000000000e+00,1.000000000000000000e+00
1.000000000000000000e+00,9.717348259559136503e-01,9.990200996398925781e-01,1.000000000000000000e+00,1.000000000000000000e+00
0.000000000000000000e+00,3.209243938398156359e-01,1.866376698017120361e-01,0.000000000000000000e+00,0.000000000000000000e+00
0.000000000000000000e+00,2.794971995804747950e-02,1.242101844400167465e-02,0.000000000000000000e+00,0.000000000000000000e+00
1.000000000000000000e+00,9.966451261742952372e-01,9.999504089355468750e-01,1.000000000000000000e+00,1.000000000000000000e+00
1.000000000000000000e+00,8.352794264740163177e-01,9.595925211906433105e-01,1.000000000000000000e+00,1.000000000000000000e+00
0.000000000000000000e+00,3.619075550212695336e-01,2.739703655242919922e-01,0.000000000000000000e+00,0.000000000000000000e+00
1.000000000000000000e+00,7.340307425158172361e-01,8.470755815505981445e-01,1.000000000000000000e+00,1.000000000000000000e+00
1.000000000000000000e+00,4.882332985359005284e-01,2.437853515148162842e-01,0.000000000000000000e+00,0.000000000000000000e+00
1.000000000000000000e+00,9.913299045181155345e-01,9.989712238311767578e-01,1.000000000000000000e+00,1.000000000000000000e+00
1.000000000000000000e+00,7.726528539446513300e-01,8.220644593238830566e-01,1.000000000000000000e+00,1.000000000000000000e+00
1.000000000000000000e+00,9.946436892268523122e-01,9.999212026596069336e-01,1.000000000000000000e+00,1.000000000000000000e+00
1.000000000000000000e+00,9.524722371454150682e-01,9.843362569808959961e-01,1.000000000000000000e+00,1.000000000000000000e+00
1.000000000000000000e+00,7.903821347443379386e-01,9.666903018951416016e-01,1.000000000000000000e+00,1.000000000000000000e+00
0.000000000000000000e+00,2.821142170749725564e-02,1.783334300853312016e-03,0.000000000000000000e+00,0.000000000000000000e+00
0.000000000000000000e+00,1.118536664172360140e-01,1.184937916696071625e-02,0.000000000000000000e+00,0.000000000000000000e+00
1.000000000000000000e+00,9.916579101513249839e-01,9.995968937873840332e-01,1.000000000000000000e+00,1.000000000000000000e+00
0.000000000000000000e+00,1.254449166731732290e-01,1.927596032619476318e-01,0.000000000000000000e+00,0.000000000000000000e+00
0.000000000000000000e+00,5.267570412073350333e-03,4.890292184427380562e-04,0.000000000000000000e+00,0.000000000000000000e+00
1.000000000000000000e+00,9.785988996729289013e-01,9.970785379409790039e-01,1.000000000000000000e+00,1.000000000000000000e+00
1.000000000000000000e+00,9.933690894916994418e-01,9.997043013572692871e-01,1.000000000000000000e+00,1.000000000000000000e+00
0.000000000000000000e+00,4.435364526077920089e-01,5.145903229713439941e-01,0.000000000000000000e+00,1.000000000000000000e+00
0.000000000000000000e+00,1.074859604880676160e-02,1.333197928033769131e-03,0.000000000000000000e+00,0.000000000000000000e+00
0.000000000000000000e+00,2.490422340810656988e-03,3.453985555097460747e-04,0.000000000000000000e+00,0.000000000000000000e+00
0.000000000000000000e+00,2.850596125647633650e-02,2.506670774891972542e-03,0.000000000000000000e+00,0.000000000000000000e+00
1.000000000000000000e+00,9.970234387409427912e-01,9.999412298202514648e-01,1.000000000000000000e+00,1.000000000000000000e+00
1.000000000000000000e+00,9.620091288113209460e-01,9.984622001647949219e-01,1.000000000000000000e+00,1.000000000000000000e+00
0.000000000000000000e+00,4.238208552154313358e-01,3.443185985088348389e-01,0.000000000000000000e+00,0.000000000000000000e+00
0.000000000000000000e+00,4.711368168231571535e-02,2.866267226636409760e-03,0.000000000000000000e+00,0.000000000000000000e+00
0.000000000000000000e+00,7.708128440436143140e-03,3.393569262698292732e-03,0.000000000000000000e+00,0.000000000000000000e+00
0.000000000000000000e+00,6.194883822603755932e-03,3.061724419239908457e-04,0.000000000000000000e+00,0.000000000000000000e+00
0.000000000000000000e+00,5.454641616914308357e-03,7.470466662198305130e-04,0.000000000000000000e+00,0.000000000000000000e+00
1.000000000000000000e+00,9.942190926850764665e-01,9.998611211776733398e-01,1.000000000000000000e+00,1.000000000000000000e+00
0.000000000000000000e+00,7.371733415609761364e-01,3.690420985221862793e-01,1.000000000000000000e+00,0.000000000000000000e+00
1.000000000000000000e+00,8.000958593497227156e-01,9.401888847351074219e-01,1.000000000000000000e+00,1.000000000000000000e+00
0.000000000000000000e+00,1.490101528175611922e-01,4.465765506029129028e-02,0.000000000000000000e+00,0.000000000000000000e+00
1.000000000000000000e+00,9.724065240064119209e-01,9.992508292198181152e-01,1.000000000000000000e+00,1.000000000000000000e+00
1.000000000000000000e+00,8.611377375854910587e-01,8.950295448303222656e-01,1.000000000000000000e+00,1.000000000000000000e+00
1.000000000000000000e+00,8.577543255956008306e-01,8.282679319381713867e-01,1.000000000000000000e+00,1.000000000000000000e+00
0.000000000000000000e+00,8.150050441221011813e-03,4.121899837628006935e-04,0.000000000000000000e+00,0.000000000000000000e+00
0.000000000000000000e+00,9.111630119696548583e-03,2.051590709015727043e-03,0.000000000000000000e+00,0.000000000000000000e+00
0.000000000000000000e+00,4.026889847272482892e-02,2.597762458026409149e-02,0.000000000000000000e+00,0.000000000000000000e+00
0.000000000000000000e+00,3.862379379113991922e-03,3.837643598672002554e-04,0.000000000000000000e+00,0.000000000000000000e+00
0.000000000000000000e+00,1.285666418164950475e-01,3.356642648577690125e-02,0.000000000000000000e+00,0.000000000000000000e+00
0.000000000000000000e+00,9.361978934644276107e-01,9.817768931388854980e-01,1.000000000000000000e+00,1.000000000000000000e+00
1.000000000000000000e+00,9.882782887836984997e-01,9.992430210113525391e-01,1.000000000000000000e+00,1.000000000000000000e+00
0.000000000000000000e+00,7.929286558239151753e-03,3.255984629504382610e-04,0.000000000000000000e+00,0.000000000000000000e+00
1.000000000000000000e+00,6.929038242153641169e-01,7.955456376075744629e-01,1.000000000000000000e+00,1.000000000000000000e+00
0.000000000000000000e+00,1.553939301807553616e-02,1.676253508776426315e-03,0.000000000000000000e+00,0.000000000000000000e+00
0.000000000000000000e+00,4.750928934334545939e-02,6.086550187319517136e-03,0.000000000000000000e+00,0.000000000000000000e+00
0.000000000000000000e+00,2.668468586948607307e-02,1.811283640563488007e-02,0.000000000000000000e+00,0.000000000000000000e+00
0.000000000000000000e+00,1.308097181743277382e-01,3.751056268811225891e-02,0.000000000000000000e+00,0.000000000000000000e+00
1.000000000000000000e+00,9.352721388080303955e-01,9.952371120452880859e-01,1.000000000000000000e+00,1.000000000000000000e+00
1.000000000000000000e+00,9.731143060722585725e-01,9.943299293518066406e-01,1.000000000000000000e+00,1.000000000000000000e+00
0.000000000000000000e+00,1.374015491382066800e-01,7.610910385847091675e-02,0.000000000000000000e+00,0.000000000000000000e+00
0.000000000000000000e+00,6.689407754482276647e-02,4.502829629927873611e-03,0.000000000000000000e+00,0.000000000000000000e+00
1.000000000000000000e+00,9.831999546925573874e-01,9.991995692253112793e-01,1.000000000000000000e+00,1.000000000000000000e+00
0.000000000000000000e+00,1.464304853869769461e-02,1.446744543500244617e-03,0.000000000000000000e+00,0.000000000000000000e+00
1.000000000000000000e+00,9.966486599736872343e-01,9.998134970664978027e-01,1.000000000000000000e+00,1.000000000000000000e+00
1.000000000000000000e+00,8.474460384483928355e-01,9.574068188667297363e-01,1.000000000000000000e+00,1.000000000000000000e+00
1.000000000000000000e+00,9.955662563869065451e-01,9.986839890480041504e-01,1.000000000000000000e+00,1.000000000000000000e+00
0.000000000000000000e+00,5.692744290225253828e-02,2.008329378440976143e-03,0.000000000000000000e+00,0.000000000000000000e+00
0.000000000000000000e+00,7.718619863281441472e-03,1.062197610735893250e-03,0.000000000000000000e+00,0.000000000000000000e+00
1.000000000000000000e+00,9.698018123927782952e-01,9.956325888633728027e-01,1.000000000000000000e+00,1.000000000000000000e+00
1.000000000000000000e+00,8.813281015606813096e-01,9.604402184486389160e-01,1.000000000000000000e+00,1.000000000000000000e+00
1.000000000000000000e+00,3.936468214646247077e-01,5.553484559059143066e-01,0.000000000000000000e+00,1.000000000000000000e+00
0.000000000000000000e+00,7.940497624358828777e-01,9.504231810569763184e-01,1.000000000000000000e+00,1.000000000000000000e+00
1.000000000000000000e+00,9.964665583597968057e-01,9.998540878295898438e-01,1.000000000000000000e+00,1.000000000000000000e+00
1.000000000000000000e+00,9.763090288453432075e-01,9.985843896865844727e-01,1.000000000000000000e+00,1.000000000000000000e+00
1.000000000000000000e+00,9.597455590801363678e-01,9.754367470741271973e-01,1.000000000000000000e+00,1.000000000000000000e+00
0.000000000000000000e+00,5.939881004004082810e-01,6.613222360610961914e-01,1.000000000000000000e+00,1.000000000000000000e+00
1.000000000000000000e+00,9.917575925019141980e-01,9.995800852775573730e-01,1.000000000000000000e+00,1.000000000000000000e+00
1.000000000000000000e+00,9.844738249755601300e-01,9.998133778572082520e-01,1.000000000000000000e+00,1.000000000000000000e+00
0.000000000000000000e+00,3.930900775021856780e-02,1.110447943210601807e-01,0.000000000000000000e+00,0.000000000000000000e+00
1.000000000000000000e+00,8.930764683090803846e-01,8.831841945648193359e-01,1.000000000000000000e+00,1.000000000000000000e+00
1.000000000000000000e+00,9.876974080401110800e-01,9.993556141853332520e-01,1.000000000000000000e+00,1.000000000000000000e+00
1.000000000000000000e+00,6.468686108194459106e-01,6.648607850074768066e-01,1.000000000000000000e+00,1.000000000000000000e+00
0.000000000000000000e+00,1.435269007165986856e-02,6.051579024642705917e-03,0.000000000000000000e+00,0.000000000000000000e+00
0.000000000000000000e+00,8.816701186026543700e-04,1.427473216608632356e-05,0.000000000000000000e+00,0.000000000000000000e+00
1.000000000000000000e+00,9.880929930383445248e-01,9.998224377632141113e-01,1.000000000000000000e+00,1.000000000000000000e+00
1.000000000000000000e+00,2.463099194005342329e-01,2.355413734912872314e-01,0.000000000000000000e+00,0.000000000000000000e+00
1.000000000000000000e+00,9.863912417592760606e-01,9.989835619926452637e-01,1.000000000000000000e+00,1.000000000000000000e+00
1.000000000000000000e+00,9.924203915094653716e-01,9.965387582778930664e-01,1.000000000000000000e+00,1.000000000000000000e+00
1.000000000000000000e+00,9.784083079435094144e-01,9.995235204696655273e-01,1.000000000000000000e+00,1.000000000000000000e+00
0.000000000000000000e+00,2.051067093573692990e-01,7.294002454727888107e-03,0.000000000000000000e+00,0.000000000000000000e+00
0.000000000000000000e+00,1.038095702281724292e-01,9.998380206525325775e-03,0.000000000000000000e+00,0.000000000000000000e+00
0.000000000000000000e+00,1.457961152811875459e-02,3.220435697585344315e-03,0.000000000000000000e+00,0.000000000000000000e+00
0.000000000000000000e+00,2.504885212106754133e-03,2.386726919212378561e-05,0.000000000000000000e+00,0.000000000000000000e+00
0.000000000000000000e+00,7.364047493643000042e-02,1.270910724997520447e-02,0.000000000000000000e+00,0.000000000000000000e+00
0.000000000000000000e+00,2.230624848669035890e-02,3.279988421127200127e-03,0.000000000000000000e+00,0.000000000000000000e+00
0.000000000000000000e+00,3.321655400499811013e-03,7.135645137168467045e-05,0.000000000000000000e+00,0.000000000000000000e+00
1.000000000000000000e+00,1.761031240048681057e-01,4.739383459091186523e-01,0.000000000000000000e+00,0.000000000000000000e+00
0.000000000000000000e+00,2.742918365685121512e-03,1.196818557218648493e-04,0.000000000000000000e+00,0.000000000000000000e+00
1.000000000000000000e+00,9.187075568082454513e-01,9.860504269599914551e-01,1.000000000000000000e+00,1.000000000000000000e+00
0.000000000000000000e+00,2.769106076357657001e-02,1.665777177549898624e-03,0.000000000000000000e+00,0.000000000000000000e+00
0.000000000000000000e+00,2.332105524275364036e-02,3.771611256524920464e-03,0.000000000000000000e+00,0.000000000000000000e+00
1.000000000000000000e+00,9.919566929198471161e-01,9.996615648269653320e-01,1.000000000000000000e+00,1.000000000000000000e+00
0.000000000000000000e+00,3.124717705051244243e-02,1.337222056463360786e-03,0.000000000000000000e+00,0.000000000000000000e+00
1.000000000000000000e+00,9.657781976144481639e-01,9.993398785591125488e-01,1.000000000000000000e+00,1.000000000000000000e+00
0.000000000000000000e+00,1.120509010701462721e-02,3.301395045127719641e-04,0.000000000000000000e+00,0.000000000000000000e+00
1.000000000000000000e+00,9.709973863490359847e-01,9.867486953735351562e-01,1.000000000000000000e+00,1.000000000000000000e+00
0.000000000000000000e+00,7.156295219772922378e-01,5.162437558174133301e-01,1.000000000000000000e+00,1.000000000000000000e+00
0.000000000000000000e+00,6.263499465920219222e-01,6.842066645622253418e-01,1.000000000000000000e+00,1.000000000000000000e+00
0.000000000000000000e+00,1.867034035604019787e-02,9.372632950544357300e-03,0.000000000000000000e+00,0.000000000000000000e+00
1.000000000000000000e+00,9.735465612704774507e-01,9.986080527305603027e-01,1.000000000000000000e+00,1.000000000000000000e+00
1.000000000000000000e+00,9.731223016660759395e-01,9.982495903968811035e-01,1.000000000000000000e+00,1.000000000000000000e+00
0.000000000000000000e+00,3.808495095820392702e-03,1.447843678761273623e-04,0.000000000000000000e+00,0.000000000000000000e+00
1.000000000000000000e+00,9.358896649487292718e-01,9.914142489433288574e-01,1.000000000000000000e+00,1.000000000000000000e+00
0.000000000000000000e+00,8.062407222374590177e-01,7.354327440261840820e-01,1.000000000000000000e+00,1.000000000000000000e+00
0.000000000000000000e+00,7.429229085407085265e-01,8.374632596969604492e-01,1.000000000000000000e+00,1.000000000000000000e+00
0.000000000000000000e+00,3.604948910408962981e-02,8.781805809121578932e-05,0.000000000000000000e+00,0.000000000000000000e+00
1.000000000000000000e+00,9.279160830611948851e-01,9.918028712272644043e-01,1.000000000000000000e+00,1.000000000000000000e+00
0.000000000000000000e+00,2.345814898126404729e-03,7.858590834075585008e-05,0.000000000000000000e+00,0.000000000000000000e+00
0.000000000000000000e+00,1.157437025883830822e-01,6.011196970939636230e-02,0.000000000000000000e+00,0.000000000000000000e+00
1.000000000000000000e+00,6.734926996356959128e-01,9.448473453521728516e-01,1.000000000000000000e+00,1.000000000000000000e+00
0.000000000000000000e+00,7.001245211128289681e-01,7.979802489280700684e-01,1.000000000000000000e+00,1.000000000000000000e+00
1.000000000000000000e+00,9.925805375159872934e-01,9.999107122421264648e-01,1.000000000000000000e+00,1.000000000000000000e+00
0.000000000000000000e+00,9.398818501296908601e-02,1.464911736547946930e-02,0.000000000000000000e+00,0.000000000000000000e+00
1.000000000000000000e+00,9.869967512326257575e-01,9.966199398040771484e-01,1.000000000000000000e+00,1.000000000000000000e+00
0.000000000000000000e+00,3.985185848652903623e-02,4.801160190254449844e-03,0.000000000000000000e+00,0.000000000000000000e+00
0.000000000000000000e+00,5.859521343220130268e-02,6.141171231865882874e-02,0.000000000000000000e+00,0.000000000000000000e+00
0.000000000000000000e+00,3.580625044404954771e-01,7.421016693115234375e-01,0.000000000000000000e+00,1.000000000000000000e+00
0.000000000000000000e+00,2.427051704365981027e-02,7.195483893156051636e-03,0.000000000000000000e+00,0.000000000000000000e+00
1.000000000000000000e+00,7.292839799514463373e-01,9.483858942985534668e-01,1.000000000000000000e+00,1.000000000000000000e+00
1.000000000000000000e+00,8.600462371368304826e-01,8.655086755752563477e-01,1.000000000000000000e+00,1.000000000000000000e+00
1.000000000000000000e+00,6.062995957717496331e-01,8.533100485801696777e-01,1.000000000000000000e+00,1.000000000000000000e+00
0.000000000000000000e+00,3.987625576128243088e-01,4.619539976119995117e-01,0.000000000000000000e+00,0.000000000000000000e+00
1.000000000000000000e+00,9.751575849730582668e-01,9.934431314468383789e-01,1.000000000000000000e+00,1.000000000000000000e+00
0.000000000000000000e+00,1.951406835871655242e-03,1.391892728861421347e-04,0.000000000000000000e+00,0.000000000000000000e+00
0.000000000000000000e+00,1.366803703765782614e-03,1.012246866594068706e-05,0.000000000000000000e+00,0.000000000000000000e+00
1.000000000000000000e+00,9.324964992881473735e-01,9.745483398437500000e-01,1.000000000000000000e+00,1.000000000000000000e+00
1.000000000000000000e+00,9.675259829360609576e-01,9.975535273551940918e-01,1.000000000000000000e+00,1.000000000000000000e+00
1.000000000000000000e+00,7.916838646321326944e-01,9.783053994178771973e-01,1.000000000000000000e+00,1.000000000000000000e+00
0.000000000000000000e+00,5.730661439298353511e-03,1.956436783075332642e-03,0.000000000000000000e+00,0.000000000000000000e+00
1.000000000000000000e+00,8.149089278179940665e-01,7.265175580978393555e-01,1.000000000000000000e+00,1.000000000000000000e+00
0.000000000000000000e+00,1.892753312367080262e-02,6.126098800450563431e-03,0.000000000000000000e+00,0.000000000000000000e+00
0.000000000000000000e+00,8.817120444590104134e-02,3.876396641135215759e-02,0.000000000000000000e+00,0.000000000000000000e+00
1.000000000000000000e+00,7.986956263428915959e-01,8.843536376953125000e-01,1.000000000000000000e+00,1.000000000000000000e+00
0.000000000000000000e+00,5.007860275813998813e-02,3.789523616433143616e-03,0.000000000000000000e+00,0.000000000000000000e+00
1.000000000000000000e+00,9.227409845717520209e-01,9.917165637016296387e-01,1.000000000000000000e+00,1.000000000000000000e+00
1.000000000000000000e+00,8.288683587456268098e-01,8.842197060585021973e-01,1.000000000000000000e+00,1.000000000000000000e+00
0.000000000000000000e+00,7.687015147674169935e-02,1.996362768113613129e-02,0.000000000000000000e+00,0.000000000000000000e+00
1.000000000000000000e+00,3.658200219381120277e-01,3.997170031070709229e-01,0.000000000000000000e+00,0.000000000000000000e+00
0.000000000000000000e+00,8.888093994621949767e-02,5.908850114792585373e-03,0.000000000000000000e+00,0.000000000000000000e+00
0.000000000000000000e+00,8.439479948510528740e-01,9.656208157539367676e-01,1.000000000000000000e+00,1.000000000000000000e+00
1.000000000000000000e+00,8.557999340620162654e-01,8.975440263748168945e-01,1.000000000000000000e+00,1.000000000000000000e+00
0.000000000000000000e+00,2.086847862359673400e-01,3.131570518016815186e-01,0.000000000000000000e+00,0.000000000000000000e+00
0.000000000000000000e+00,2.539490967830738688e-01,1.655150055885314941e-01,0.000000000000000000e+00,0.000000000000000000e+00
0.000000000000000000e+00,2.700814569659547651e-02,3.733482910320162773e-03,0.000000000000000000e+00,0.000000000000000000e+00
1.000000000000000000e+00,9.794102134753193134e-01,9.919958114624023438e-01,1.000000000000000000e+00,1.000000000000000000e+00
0.000000000000000000e+00,1.075714093408728089e-01,6.770049221813678741e-03,0.000000000000000000e+00,0.000000000000000000e+00
0.000000000000000000e+00,1.119238062001760153e-02,9.338287636637687683e-04,0.000000000000000000e+00,0.000000000000000000e+00
1.000000000000000000e+00,8.372843312875013488e-01,9.932036399841308594e-01,1.000000000000000000e+00,1.000000000000000000e+00
1.000000000000000000e+00,9.743131130591042854e-01,9.984758496284484863e-01,1.000000000000000000e+00,1.000000000000000000e+00
1.000000000000000000e+00,5.417382707001571207e-01,5.430625081062316895e-01,1.000000000000000000e+00,1.000000000000000000e+00
0.000000000000000000e+00,1.979691559857790079e-02,5.411689635366201401e-03,0.000000000000000000e+00,0.000000000000000000e+00
1.000000000000000000e+00,6.102110310147382810e-01,6.339444518089294434e-01,1.000000000000000000e+00,1.000000000000000000e+00
1.000000000000000000e+00,9.910610165678380712e-01,9.992105960845947266e-01,1.000000000000000000e+00,1.000000000000000000e+00
1.000000000000000000e+00,9.432084325061391716e-01,9.996196031570434570e-01,1.000000000000000000e+00,1.000000000000000000e+00
0.000000000000000000e+00,6.660705458300208992e-02,7.605168037116527557e-03,0.000000000000000000e+00,0.000000000000000000e+00
0.000000000000000000e+00,9.179537836467004386e-01,9.632855057716369629e-01,1.000000000000000000e+00,1.000000000000000000e+00
0.000000000000000000e+00,8.446103494241401499e-01,9.587308168411254883e-01,1.000000000000000000e+00,1.000000000000000000e+00
0.000000000000000000e+00,1.449755723520318798e-02,3.745764028280973434e-03,0.000000000000000000e+00,0.000000000000000000e+00
0.000000000000000000e+00,1.825272772970530366e-01,1.884043067693710327e-01,0.000000000000000000e+00,0.000000000000000000e+00
1.000000000000000000e+00,9.926187202197022108e-01,9.998723268508911133e-01,1.000000000000000000e+00,1.000000000000000000e+00
0.000000000000000000e+00,1.806450168584354879e-02,4.737770941574126482e-04,0.000000000000000000e+00,0.000000000000000000e+00
0.000000000000000000e+00,1.197061309602747425e-01,1.076772157102823257e-02,0.000000000000000000e+00,0.000000000000000000e+00
0.000000000000000000e+00,9.699678567974259757e-02,3.944433480501174927e-02,0.000000000000000000e+00,0.000000000000000000e+00
0.000000000000000000e+00,8.712763365075005817e-01,9.605397582054138184e-01,1.000000000000000000e+00,1.000000000000000000e+00
0.000000000000000000e+00,7.483767449838050166e-03,2.624566841404885054e-04,0.000000000000000000e+00,0.000000000000000000e+00
1.000000000000000000e+00,9.320297912567110377e-01,9.815894961357116699e-01,1.000000000000000000e+00,1.000000000000000000e+00
0.000000000000000000e+00,9.817699912343566190e-03,2.368670189753174782e-03,0.000000000000000000e+00,0.000000000000000000e+00
1.000000000000000000e+00,9.881096916607442493e-01,9.994084835052490234e-01,1.000000000000000000e+00,1.000000000000000000e+00
1.000000000000000000e+00,9.980012604222563422e-01,9.999258518218994141e-01,1.000000000000000000e+00,1.000000000000000000e+00
1.000000000000000000e+00,8.032430179638696544e-01,9.501686692237854004e-01,1.000000000000000000e+00,1.000000000000000000e+00
0.000000000000000000e+00,6.235455918049471330e-02,8.499770425260066986e-03,0.000000000000000000e+00,0.000000000000000000e+00
0.000000000000000000e+00,8.624363594823958312e-02,2.941954880952835083e-02,0.000000000000000000e+00,0.000000000000000000e+00
1.000000000000000000e+00,9.973848833214701282e-01,9.997778534889221191e-01,1.000000000000000000e+00,1.000000000000000000e+00
0.000000000000000000e+00,1.414093647491186101e-01,9.578848630189895630e-02,0.000000000000000000e+00,0.000000000000000000e+00
1.000000000000000000e+00,9.869565140801890291e-01,9.971049427986145020e-01,1.000000000000000000e+00,1.000000000000000000e+00
0.000000000000000000e+00,8.062359789944887126e-03,4.024371155537664890e-04,0.000000000000000000e+00,0.000000000000000000e+00
0.000000000000000000e+00,1.097970274583798672e-01,6.707058101892471313e-02,0.000000000000000000e+00,0.000000000000000000e+00
1.000000000000000000e+00,9.405278725899075543e-01,9.882849454879760742e-01,1.000000000000000000e+00,1.000000000000000000e+00
1.000000000000000000e+00,6.777480908662444348e-01,9.718449711799621582e-01,1.000000000000000000e+00,1.000000000000000000e+00
0.000000000000000000e+00,8.429622791071796073e-03,8.446226129308342934e-04,0.000000000000000000e+00,0.000000000000000000e+00
1.000000000000000000e+00,9.727836519361033885e-01,9.992347955703735352e-01,1.000000000000000000e+00,1.000000000000000000e+00
0.000000000000000000e+00,1.271385381671014635e-02,7.712032529525458813e-04,0.000000000000000000e+00,0.000000000000000000e+00
0.000000000000000000e+00,1.544076993960009636e-01,4.332438483834266663e-02,0.000000000000000000e+00,0.000000000000000000e+00
0.000000000000000000e+00,3.304803300744298816e-02,2.393218129873275757e-02,0.000000000000000000e+00,0.000000000000000000e+00
0.000000000000000000e+00,1.918099241835407968e-03,5.043823693995364010e-05,0.000000000000000000e+00,0.000000000000000000e+00
1.000000000000000000e+00,8.263695791526929346e-01,9.482800960540771484e-01,1.000000000000000000e+00,1.000000000000000000e+00
