y_true,my_prob,xgb_prob,my_label,xgb_label
1.000000000000000000e+00,9.920997151575582373e-01,9.996894598007202148e-01,1.000000000000000000e+00,1.000000000000000000e+00
0.000000000000000000e+00,6.158239294073028502e-02,3.490062057971954346e-02,0.000000000000000000e+00,0.000000000000000000e+00
0.000000000000000000e+00,7.308349817616234707e-03,3.739818232133984566e-03,0.000000000000000000e+00,0.000000000000000000e+00
0.000000000000000000e+00,1.047407953033396670e-02,1.413756632246077061e-03,0.000000000000000000e+00,0.000000000000000000e+00
1.000000000000000000e+00,9.871177355688810495e-01,9.979389309883117676e-01,1.000000000000000000e+00,1.000000000000000000e+00
0.000000000000000000e+00,5.636538932291315293e-03,1.537267671665176749e-04,0.000000000000000000e+00,0.000000000000000000e+00
1.000000000000000000e+00,8.883058710194434715e-01,9.548323750495910645e-01,1.000000000000000000e+00,1.000000000000000000e+00
0.000000000000000000e+00,3.260411258017325564e-01,2.772287130355834961e-01,0.000000000000000000e+00,0.000000000000000000e+00
1.000000000000000000e+00,9.962112448972041401e-01,9.999551773071289062e-01,1.000000000000000000e+00,1.000000000000000000e+00
0.000000000000000000e+00,6.767465050210219601e-01,8.270272016525268555e-01,1.000000000000000000e+00,1.000000000000000000e+00
0.000000000000000000e+00,9.044317095279111873e-01,8.585136532783508301e-01,1.000000000000000000e+00,1.000000000000000000e+00
1.000000000000000000e+00,9.933886589087588259e-01,9.990957975387573242e-01,1.000000000000000000e+00,1.000000000000000000e+00
1.000000000000000000e+00,9.829920088936101585e-01,9.973626732826232910e-01,1.000000000000000000e+00,1.000000000000000000e+00
1.000000000000000000e+00,9.627907009433670504e-01,9.962589740753173828e-01,1.000000000000000000e+00,1.000000000000000000e+00
1.000000000000000000e+00,9.803106904251682741e-01,9.912756681442260742e-01,1.000000000000000000e+00,1.000000000000000000e+00
1.000000000000000000e+00,9.874278269950449438e-01,9.996635913848876953e-01,1.000000000000000000e+00,1.000000000000000000e+00
1.000000000000000000e+00,9.109316187849918478e-01,9.769628047943115234e-01,1.000000000000000000e+00,1.000000000000000000e+00
0.000000000000000000e+00,1.723776879711008680e-03,1.200483020511455834e-04,0.000000000000000000e+00,0.000000000000000000e+00
1.000000000000000000e+00,9.972804629146995170e-01,9.999285936355590820e-01,1.000000000000000000e+00,1.000000000000000000e+00
1.000000000000000000e+00,9.795174982357895965e-01,9.990537762641906738e-01,1.000000000000000000e+00,1.000000000000000000e+00
1.000000000000000000e+00,9.418733003512150814e-01,9.708660840988159180e-01,1.000000000000000000e+00,1.000000000000000000e+00
0.000000000000000000e+00,1.746760830978178469e-01,1.165841743350028992e-01,0.000000000000000000e+00,0.000000000000000000e+00
0.000000000000000000e+00,2.357253800674819974e-02,7.240062695927917957e-04,0.000000000000000000e+00,0.000000000000000000e+00
1.000000000000000000e+00,9.930997103418148786e-01,9.997311234474182129e-01,1.000000000000000000e+00,1.000000000000000000e+00
1.000000000000000000e+00,9.912155022191624365e-01,9.998356103897094727e-01,1.000000000000000000e+00,1.000000000000000000e+00
0.000000000000000000e+00,3.742859963297560932e-03,1.157362246885895729e-03,0.000000000000000000e+00,0.000000000000000000e+00
0.000000000000000000e+00,3.042958444694876530e-01,2.042884379625320435e-01,0.000000000000000000e+00,0.000000000000000000e+00
1.000000000000000000e+00,9.828720058864440778e-01,9.983727335929870605e-01,1.000000000000000000e+00,1.000000000000000000e+00
1.000000000000000000e+00,1.440310341408465068e-02,3.892749315127730370e-03,0.000000000000000000e+00,0.000000000000000000e+00
1.000000000000000000e+00,9.711221630260734594e-01,9.798326492309570312e-01,1.000000000000000000e+00,1.000000000000000000e+00
0.000000000000000000e+00,3.105743954726270916e-03,4.014638252556324005e-04,0.000000000000000000e+00,0.000000000000000000e+00
0.000000000000000000e+00,9.110439562127748553e-03,1.455378951504826546e-04,0.000000000000000000e+00,0.000000000000000000e+00
0.000000000000000000e+00,3.189111052080163215e-03,1.703263842500746250e-04,0.000000000000000000e+00,0.000000000000000000e+00
0.000000000000000000e+00,6.677667105606380216e-02,8.383587002754211426e-02,0.000000000000000000e+00,0.000000000000000000e+00
1.000000000000000000e+00,9.991890427225589288e-01,9.999908208847045898e-01,1.000000000000000000e+00,1.000000000000000000e+00
0.000000000000000000e+00,4.871182722174841571e-03,2.917715115472674370e-03,0.000000000000000000e+00,0.000000000000000000e+00
0.000000000000000000e+00,1.198108389984580031e-02,1.928572193719446659e-03,0.000000000000000000e+00,0.000000000000000000e+00
0.000000000000000000e+00,4.219307407114049613e-01,3.857505321502685547e-01,0.000000000000000000e+00,0.000000000000000000e+00
0.000000000000000000e+00,4.187677513776575516e-02,1.747835660353302956e-03,0.000000000000000000e+00,0.000000000000000000e+00
0.000000000000000000e+00,1.272695142692999463e-03,3.439327119849622250e-04,0.000000000000000000e+00,0.000000000000000000e+00
1.000000000000000000e+00,9.931020878220497838e-01,9.999026060104370117e-01,1.000000000000000000e+00,1.000000000000000000e+00
1.000000000000000000e+00,9.951285821545119425e-01,9.998012185096740723e-01,1.000000000000000000e+00,1.000000000000000000e+00
1.000000000000000000e+00,9.971410030938494540e-01,9.998530149459838867e-01,1.000000000000000000e+00,1.000000000000000000e+00
1.000000000000000000e+00,9.982044546324300160e-01,9.999910593032836914e-01,1.000000000000000000e+00,1.000000000000000000e+00
1.000000000000000000e+00,9.727460479187547415e-01,9.977579712867736816e-01,1.000000000000000000e+00,1.000000000000000000e+00
0.000000000000000000e+00,1.685144282484506428e-01,9.650396555662155151e-02,0.000000000000000000e+00,0.000000000000000000e+00
0.000000000000000000e+00,2.466342875686520532e-03,1.018295733956620097e-04,0.000000000000000000e+00,0.000000000000000000e+00
0.000000000000000000e+00,2.854265173005651746e-01,9.491520375013351440e-02,0.000000000000000000e+00,0.000000000000000000e+00
0.000000000000000000e+00,4.800991751206026316e-03,4.821156908292323351e-04,0.000000000000000000e+00,0.000000000000000000e+00
0.000000000000000000e+00,5.688529360244989549e-03,3.285062557552009821e-04,0.000000000000000000e+00,0.000000000000000000e+00
1.000000000000000000e+00,9.987821381984114399e-01,9.999718666076660156e-01,1.000000000000000000e+00,1.000000000000000000e+00
0.000000000000000000e+00,1.863005625024077017e-01,7.493314892053604126e-02,0.000000000000000000e+00,0.000000000000000000e+00
1.000000000000000000e+00,9.973326168459254459e-01,9.997656941413879395e-01,1.000000000000000000e+00,1.000000000000000000e+00
1.000000000000000000e+00,9.739315192981543579e-01,9.936419129371643066e-01,1.000000000000000000e+00,1.000000000000000000e+00
1.000000000000000000e+00,9.964033759510931842e-01,9.996660947799682617e-01,1.000000000000000000e+00,1.000000000000000000e+00
1.000000000000000000e+00,9.489400273426936705e-01,9.922220110893249512e-01,1.000000000000000000e+00,1.000000000000000000e+00
1.000000000000000000e+00,9.961198783521201250e-01,9.979977011680603027e-01,1.000000000000000000e+00,1.000000000000000000e+00
0.000000000000000000e+00,7.436998435055224288e-01,7.020476460456848145e-01,1.000000000000000000e+00,1.000000000000000000e+00
0.000000000000000000e+00,1.845060034870722454e-01,6.029650568962097168e-02,0.000000000000000000e+00,0.000000000000000000e+00
0.000000000000000000e+00,1.195495923543654776e-01,6.965127773582935333e-03,0.000000000000000000e+00,0.000000000000000000e+00
1.000000000000000000e+00,9.979120910174177350e-01,9.998600482940673828e-01,1.000000000000000000e+00,1.000000000000000000e+00
1.000000000000000000e+00,9.692994156223458946e-01,9.923200011253356934e-01,1.000000000000000000e+00,1.000000000000000000e+00
1.000000000000000000e+00,9.983539058262161925e-01,9.999617338180541992e-01,1.000000000000000000e+00,1.000000000000000000e+00
0.000000000000000000e+00,1.616056483034773728e-02,4.435413284227252007e-04,0.000000000000000000e+00,0.000000000000000000e+00
1.000000000000000000e+00,9.810805644227917899e-01,9.890887141227722168e-01,1.000000000000000000e+00,1.000000000000000000e+00
1.000000000000000000e+00,9.894063532287683538e-01,9.973196387290954590e-01,1.000000000000000000e+00,1.000000000000000000e+00
1.000000000000000000e+00,9.879872437194117119e-01,9.957575201988220215e-01,1.000000000000000000e+00,1.000000000000000000e+00
0.000000000000000000e+00,5.660985524844638905e-02,2.477936679497361183e-03,0.000000000000000000e+00,0.000000000000000000e+00
0.000000000000000000e+00,4.098587266910250736e-03,1.700493739917874336e-04,0.000000000000000000e+00,0.000000000000000000e+00
1.000000000000000000e+00,9.402856399059544845e-01,9.878389835357666016e-01,1.000000000000000000e+00,1.000000000000000000e+00
0.000000000000000000e+00,2.158308970590627242e-03,1.121266977861523628e-04,0.000000000000000000e+00,0.000000000000000000e+00
1.000000000000000000e+00,9.983409475677135214e-01,9.999896287918090820e-01,1.000000000000000000e+00,1.000000000000000000e+00
0.000000000000000000e+00,1.399630125331965125e-01,1.869349777698516846e-01,0.000000000000000000e+00,0.000000000000000000e+00
0.000000000000000000e+00,1.597992935763649846e-03,1.064286625478416681e-04,0.000000000000000000e+00,0.000000000000000000e+00
1.000000000000000000e+00,9.969680623168618583e-01,9.992215633392333984e-01,1.000000000000000000e+00,1.000000000000000000e+00
1.000000000000000000e+00,9.728160072230482847e-01,9.989286065101623535e-01,1.000000000000000000e+00,1.000000000000000000e+00
0.000000000000000000e+00,5.149463833070465867e-03,1.111055258661508560e-03,0.000000000000000000e+00,0.000000000000000000e+00
0.000000000000000000e+00,1.186389495415380094e-02,2.795787993818521500e-03,0.000000000000000000e+00,0.000000000000000000e+00
0.000000000000000000e+00,1.485238492033676009e-03,4.382609040476381779e-04,0.000000000000000000e+00,0.000000000000000000e+00
0.000000000000000000e+00,2.733859494274472422e-03,1.969443255802616477e-04,0.000000000000000000e+00,0.000000000000000000e+00
1.000000000000000000e+00,9.969170558783306824e-01,9.997910857200622559e-01,1.000000000000000000e+00,1.000000000000000000e+00
1.000000000000000000e+00,9.981411097892385342e-01,9.999243021011352539e-01,1.000000000000000000e+00,1.000000000000000000e+00
1.000000000000000000e+00,9.990537761492112034e-01,9.999824762344360352e-01,1.000000000000000000e+00,1.000000000000000000e+00
0.000000000000000000e+00,1.069295119719890393e-02,1.725292415358126163e-03,0.000000000000000000e+00,0.000000000000000000e+00
1.000000000000000000e+00,9.879064580244130145e-01,9.970020651817321777e-01,1.000000000000000000e+00,1.000000000000000000e+00
0.000000000000000000e+00,9.557574875634140821e-02,3.241289779543876648e-02,0.000000000000000000e+00,0.000000000000000000e+00
1.000000000000000000e+00,9.948827943771904048e-01,9.996575117111206055e-01,1.000000000000000000e+00,1.000000000000000000e+00
1.000000000000000000e+00,5.611110771109142359e-01,8.853572607040405273e-01,1.000000000000000000e+00,1.000000000000000000e+00
0.000000000000000000e+00,8.978048662971684080e-02,4.329911246895790100e-02,0.000000000000000000e+00,0.000000000000000000e+00
1.000000000000000000e+00,9.853775829939517283e-01,9.996579885482788086e-01,1.000000000000000000e+00,1.000000000000000000e+00
1.000000000000000000e+00,9.838183429873729180e-01,9.933530092239379883e-01,1.000000000000000000e+00,1.000000000000000000e+00
0.000000000000000000e+00,6.259239763834256731e-02,1.709386520087718964e-02,0.000000000000000000e+00,0.000000000000000000e+00
0.000000000000000000e+00,5.501003319224440080e-01,3.668065071105957031e-01,1.000000000000000000e+00,0.000000000000000000e+00
1.000000000000000000e+00,9.931744127407411415e-01,9.997795224189758301e-01,1.000000000000000000e+00,1.000000000000000000e+00
0.000000000000000000e+00,6.080657126017285224e-02,3.172497451305389404e-02,0.000000000000000000e+00,0.000000000000000000e+00
1.000000000000000000e+00,9.911550420247230431e-01,9.996644258499145508e-01,1.000000000000000000e+00,1.000000000000000000e+00
0.000000000000000000e+00,6.018703581314799322e-01,8.063361644744873047e-01,1.000000000000000000e+00,1.000000000000000000e+00
1.000000000000000000e+00,9.544969696011720295e-01,9.952797889709472656e-01,1.000000000000000000e+00,1.000000000000000000e+00
0.000000000000000000e+00,2.624861233622853215e-02,6.360417697578668594e-03,0.000000000000000000e+00,0.000000000000000000e+00
0.000000000000000000e+00,8.547989382730991625e-03,3.557177551556378603e-04,0.000000000000000000e+00,0.000000000000000000e+00
1.000000000000000000e+00,9.965230686488986134e-01,9.999366998672485352e-01,1.000000000000000000e+00,1.000000000000000000e+00
0.000000000000000000e+00,1.934841806072992720e-02,4.860301967710256577e-03,0.000000000000000000e+00,0.000000000000000000e+00
1.000000000000000000e+00,9.779485453440673881e-01,9.973719120025634766e-01,1.000000000000000000e+00,1.000000000000000000e+00
0.000000000000000000e+00,1.217598425953350660e-02,1.523344963788986206e-02,0.000000000000000000e+00,0.000000000000000000e+00
1.000000000000000000e+00,9.874477159102734714e-01,9.999120235443115234e-01,1.000000000000000000e+00,1.000000000000000000e+00
0.000000000000000000e+00,1.509654231681028386e-02,2.625463530421257019e-03,0.000000000000000000e+00,0.000000000000000000e+00
1.000000000000000000e+00,9.978549698722897210e-01,9.997758269309997559e-01,1.000000000000000000e+00,1.000000000000000000e+00
1.000000000000000000e+00,9.981976396622564973e-01,9.999747276306152344e-01,1.000000000000000000e+00,1.000000000000000000e+00
1.000000000000000000e+00,9.868100218164668203e-01,9.884796738624572754e-01,1.000000000000000000e+00,1.000000000000000000e+00
1.000000000000000000e+00,9.888694111973120870e-01,9.954727292060852051e-01,1.000000000000000000e+00,1.000000000000000000e+00
1.000000000000000000e+00,5.297850848065792650e-01,6.924009919166564941e-01,1.000000000000000000e+00,1.000000000000000000e+00
0.000000000000000000e+00,1.262153362382784950e-02,3.645139513537287712e-04,0.000000000000000000e+00,0.000000000000000000e+00
0.000000000000000000e+00,2.118090850166935019e-02,3.086520545184612274e-02,0.000000000000000000e+00,0.000000000000000000e+00
0.000000000000000000e+00,1.274449005920011771e-02,9.284251136705279350e-04,0.000000000000000000e+00,0.000000000000000000e+00
0.000000000000000000e+00,4.347574231749856168e-03,1.586505968589335680e-04,0.000000000000000000e+00,0.000000000000000000e+00
0.000000000000000000e+00,8.221653226399562933e-03,1.303484546951949596e-03,0.000000000000000000e+00,0.000000000000000000e+00
0.000000000000000000e+00,4.496105243627355509e-03,5.738856852985918522e-04,0.000000000000000000e+00,0.000000000000000000e+00
1.000000000000000000e+00,9.751180817904743225e-01,9.960358738899230957e-01,1.000000000000000000e+00,1.000000000000000000e+00
0.000000000000000000e+00,2.129795315167837960e-02,1.822636462748050690e-03,0.000000000000000000e+00,0.000000000000000000e+00
1.000000000000000000e+00,9.994963453479172033e-01,9.999954700469970703e-01,1.000000000000000000e+00,1.000000000000000000e+00
0.000000000000000000e+00,2.466219603333544980e-02,3.246153518557548523e-02,0.000000000000000000e+00,0.000000000000000000e+00
1.000000000000000000e+00,9.524065090209302697e-01,9.812912940979003906e-01,1.000000000000000000e+00,1.000000000000000000e+00
1.000000000000000000e+00,9.927145787265778676e-01,9.998295307159423828e-01,1.000000000000000000e+00,1.000000000000000000e+00
0.000000000000000000e+00,9.178493773038689726e-03,3.643197414930909872e-04,0.000000000000000000e+00,0.000000000000000000e+00
1.000000000000000000e+00,9.959673712154958336e-01,9.998162388801574707e-01,1.000000000000000000e+00,1.000000000000000000e+00
1.000000000000000000e+00,9.899388049471788964e-01,9.990690350532531738e-01,1.000000000000000000e+00,1.000000000000000000e+00
0.000000000000000000e+00,2.005139290337799515e-02,7.818439044058322906e-04,0.000000000000000000e+00,0.000000000000000000e+00
1.000000000000000000e+00,9.985926836835619103e-01,9.999172687530517578e-01,1.000000000000000000e+00,1.000000000000000000e+00
1.000000000000000000e+00,4.449748129220527648e-01,9.599795937538146973e-01,0.000000000000000000e+00,1.000000000000000000e+00
1.000000000000000000e+00,1.460087241318255291e-01,9.768112748861312866e-02,0.000000000000000000e+00,0.000000000000000000e+00
1.000000000000000000e+00,5.722014403756762180e-01,8.035870194435119629e-01,1.000000000000000000e+00,1.000000000000000000e+00
0.000000000000000000e+00,2.478536866643571944e-03,5.055433139204978943e-04,0.000000000000000000e+00,0.000000000000000000e+00
0.000000000000000000e+00,6.488509253158439294e-02,4.683624953031539917e-03,0.000000000000000000e+00,0.000000000000000000e+00
0.000000000000000000e+00,2.843627329784523261e-02,1.691523706540465355e-03,0.000000000000000000e+00,0.000000000000000000e+00
1.000000000000000000e+00,9.865134044029840732e-01,9.961335659027099609e-01,1.000000000000000000e+00,1.000000000000000000e+00
1.000000000000000000e+00,8.758520488172859553e-01,9.493985176086425781e-01,1.000000000000000000e+00,1.000000000000000000e+00
1.000000000000000000e+00,9.923377929652515972e-01,9.992037415504455566e-01,1.000000000000000000e+00,1.000000000000000000e+00
1.000000000000000000e+00,9.936538344064362871e-01,9.994994401931762695e-01,1.000000000000000000e+00,1.000000000000000000e+00
0.000000000000000000e+00,1.275837246307617509e-02,1.145969703793525696e-02,0.000000000000000000e+00,0.000000000000000000e+00
1.000000000000000000e+00,9.877093737774921278e-01,9.977664947509765625e-01,1.000000000000000000e+00,1.000000000000000000e+00
0.000000000000000000e+00,3.403880567200964768e-01,3.450848460197448730e-01,0.000000000000000000e+00,0.000000000000000000e+00
0.000000000000000000e+00,5.579555304074255290e-03,3.152468998450785875e-04,0.000000000000000000e+00,0.000000000000000000e+00
0.000000000000000000e+00,2.931861564440138308e-03,3.872883680742233992e-04,0.000000000000000000e+00,0.000000000000000000e+00
0.000000000000000000e+00,9.466043505672134747e-03,5.637298454530537128e-04,0.000000000000000000e+00,0.000000000000000000e+00
0.000000000000000000e+00,6.867935099152958078e-02,1.949326135218143463e-03,0.000000000000000000e+00,0.000000000000000000e+00
0.000000000000000000e+00,1.145270574715457831e-03,6.616183236474171281e-05,0.000000000000000000e+00,0.000000000000000000e+00
1.000000000000000000e+00,9.907087553778869404e-01,9.994133710861206055e-01,1.000000000000000000e+00,1.000000000000000000e+00
0.000000000000000000e+00,3.416652298344920180e-02,8.879014290869235992e-03,0.000000000000000000e+00,0.000000000000000000e+00
0.000000000000000000e+00,1.247088766762069305e-02,1.054162043146789074e-03,0.000000000000000000e+00,0.000000000000000000e+00
1.000000000000000000e+00,4.225860953616776827e-01,4.977100491523742676e-01,0.000000000000000000e+00,0.000000000000000000e+00
0.000000000000000000e+00,7.351297318468318076e-02,3.227339684963226318e-02,0.000000000000000000e+00,0.000000000000000000e+00
1.000000000000000000e+00,9.819138039407130369e-01,9.992461204528808594e-01,1.000000000000000000e+00,1.000000000000000000e+00
0.000000000000000000e+00,9.957612900992920263e-03,5.250772926956415176e-03,0.000000000000000000e+00,0.000000000000000000e+00
0.000000000000000000e+00,7.076788850875459502e-02,3.793349266052246094e-01,0.000000000000000000e+00,0.000000000000000000e+00
1.000000000000000000e+00,9.498378563185799761e-01,9.882692098617553711e-01,1.000000000000000000e+00,1.000000000000000000e+00
1.000000000000000000e+00,9.971004764861622904e-01,9.999494552612304688e-01,1.000000000000000000e+00,1.000000000000000000e+00
0.000000000000000000e+00,1.881486312268089087e-02,8.374016731977462769e-03,0.000000000000000000e+00,0.000000000000000000e+00
0.000000000000000000e+00,5.316417639374132476e-01,5.923502445220947266e-01,1.000000000000000000e+00,1.000000000000000000e+00
1.000000000000000000e+00,9.977437941417690581e-01,9.999779462814331055e-01,1.000000000000000000e+00,1.000000000000000000e+00
0.000000000000000000e+00,1.843796514411706264e-02,2.883054083213210106e-03,0.000000000000000000e+00,0.000000000000000000e+00
0.000000000000000000e+00,2.159171167801188229e-02,2.783797681331634521e-02,0.000000000000000000e+00,0.000000000000000000e+00
0.000000000000000000e+00,6.405876444327485847e-03,1.907241763547062874e-03,0.000000000000000000e+00,0.000000000000000000e+00
0.000000000000000000e+00,1.764886133720301991e-03,1.146428694482892752e-04,0.000000000000000000e+00,0.000000000000000000e+00
0.000000000000000000e+00,4.393741972626393107e-03,5.096119130030274391e-04,0.000000000000000000e+00,0.000000000000000000e+00
0.000000000000000000e+00,7.751410380373464091e-04,7.455445302184671164e-05,0.000000000000000000e+00,0.000000000000000000e+00
1.000000000000000000e+00,9.904157355622058567e-01,9.998729228973388672e-01,1.000000000000000000e+00,1.000000000000000000e+00
0.000000000000000000e+00,1.534016961995240220e-03,3.313863999210298061e-05,0.000000000000000000e+00,0.000000000000000000e+00
1.000000000000000000e+00,9.879231532578136576e-01,9.995943903923034668e-01,1.000000000000000000e+00,1.000000000000000000e+00
0.000000000000000000e+00,1.124591331674071977e-03,4.199247268843464553e-05,0.000000000000000000e+00,0.000000000000000000e+00
0.000000000000000000e+00,2.127024392342490456e-03,2.390836307313293219e-04,0.000000000000000000e+00,0.000000000000000000e+00
1.000000000000000000e+00,9.849093459019961916e-01,9.959204196929931641e-01,1.000000000000000000e+00,1.000000000000000000e+00
0.000000000000000000e+00,1.036849443681567241e-03,5.544396844925358891e-05,0.000000000000000000e+00,0.000000000000000000e+00
1.000000000000000000e+00,9.737743592906266121e-01,9.977709054946899414e-01,1.000000000000000000e+00,1.000000000000000000e+00
1.000000000000000000e+00,9.922498608807724940e-01,9.993221759796142578e-01,1.000000000000000000e+00,1.000000000000000000e+00
1.000000000000000000e+00,7.932164060820695584e-01,8.448996543884277344e-01,1.000000000000000000e+00,1.000000000000000000e+00
0.000000000000000000e+00,6.195957854323277253e-03,1.371625112369656563e-04,0.000000000000000000e+00,0.000000000000000000e+00
0.000000000000000000e+00,3.694937219808848705e-01,3.944387137889862061e-01,0.000000000000000000e+00,0.000000000000000000e+00
1.000000000000000000e+00,8.051450641082934512e-01,9.717366695404052734e-01,1.000000000000000000e+00,1.000000000000000000e+00
1.000000000000000000e+00,9.667582536421102102e-01,9.945811629295349121e-01,1.000000000000000000e+00,1.000000000000000000e+00
1.000000000000000000e+00,9.717635673203665059e-01,9.744710326194763184e-01,1.000000000000000000e+00,1.000000000000000000e+00
0.000000000000000000e+00,7.719322670249076541e-03,3.371862403582781553e-04,0.000000000000000000e+00,0.000000000000000000e+00
1.000000000000000000e+00,9.949483298668287956e-01,9.999617338180541992e-01,1.000000000000000000e+00,1.000000000000000000e+00
1.000000000000000000e+00,9.920816868118788046e-01,9.988665580749511719e-01,1.000000000000000000e+00,1.000000000000000000e+00
0.000000000000000000e+00,2.770638309739034515e-03,2.348241687286645174e-04,0.000000000000000000e+00,0.000000000000000000e+00
0.000000000000000000e+00,9.907329869071341832e-01,9.993989467620849609e-01,1.000000000000000000e+00,1.000000000000000000e+00
1.000000000000000000e+00,9.925814355602126104e-01,9.985157847404479980e-01,1.000000000000000000e+00,1.000000000000000000e+00
0.000000000000000000e+00,2.989595156440768165e-03,1.134807709604501724e-03,0.000000000000000000e+00,0.000000000000000000e+00
0.000000000000000000e+00,9.234457127310975733e-02,3.070733137428760529e-02,0.000000000000000000e+00,0.000000000000000000e+00
0.000000000000000000e+00,1.573534075430069734e-01,8.750645816326141357e-02,0.000000000000000000e+00,0.000000000000000000e+00
1.000000000000000000e+00,6.146284936413030087e-01,9.115417599678039551e-01,1.000000000000000000e+00,1.000000000000000000e+00
0.000000000000000000e+00,1.156128757995843800e-03,8.046087896218523383e-05,0.000000000000000000e+00,0.000000000000000000e+00
0.000000000000000000e+00,1.706945393092178936e-02,2.984753809869289398e-03,0.000000000000000000e+00,0.000000000000000000e+00
0.000000000000000000e+00,6.763838789378173733e-02,3.018493950366973877e-02,0.000000000000000000e+00,0.000000000000000000e+00
1.000000000000000000e+00,9.873766768991107945e-01,9.988960027694702148e-01,1.000000000000000000e+00,1.000000000000000000e+00
0.000000000000000000e+00,3.139858959673104150e-03,2.230155951110646129e-04,0.000000000000000000e+00,0.000000000000000000e+00
0.000000000000000000e+00,1.364367911515809197e-02,5.520391277968883514e-04,0.000000000000000000e+00,0.000000000000000000e+00
1.000000000000000000e+00,9.456012214735884935e-01,9.971371889114379883e-01,1.000000000000000000e+00,1.000000000000000000e+00
1.000000000000000000e+00,9.372405992015310217e-01,9.768095612525939941e-01,1.000000000000000000e+00,1.000000000000000000e+00
0.000000000000000000e+00,3.476541108344188748e-03,7.231927156681194901e-05,0.000000000000000000e+00,0.000000000000000000e+00
1.000000000000000000e+00,9.933434560116035650e-01,9.975816011428833008e-01,1.000000000000000000e+00,1.000000000000000000e+00
1.000000000000000000e+00,6.255544257462375413e-01,6.986441612243652344e-01,1.000000000000000000e+00,1.000000000000000000e+00
0.000000000000000000e+00,8.994488292438977683e-03,3.267624124418944120e-04,0.000000000000000000e+00,0.000000000000000000e+00
0.000000000000000000e+00,8.433593513197279890e-04,1.218307079398073256e-04,0.000000000000000000e+00,0.000000000000000000e+00
1.000000000000000000e+00,9.960362549683736688e-01,9.995551705360412598e-01,1.000000000000000000e+00,1.000000000000000000e+00
1.000000000000000000e+00,9.908707470594819711e-01,9.984675049781799316e-01,1.000000000000000000e+00,1.000000000000000000e+00
0.000000000000000000e+00,3.121428173875456444e-02,1.170283649116754532e-03,0.000000000000000000e+00,0.000000000000000000e+00
0.000000000000000000e+00,1.378331520358383987e-02,1.298272050917148590e-03,0.000000000000000000e+00,0.000000000000000000e+00
0.000000000000000000e+00,5.268364673592917935e-02,1.538428291678428650e-02,0.000000000000000000e+00,0.000000000000000000e+00
0.000000000000000000e+00,1.592649042359549627e-01,1.001910418272018433e-01,0.000000000000000000e+00,0.000000000000000000e+00
0.000000000000000000e+00,4.942354833250722779e-02,5.668657249771058559e-04,0.000000000000000000e+00,0.000000000000000000e+00
0.000000000000000000e+00,1.537170852903469668e-03,5.246137152425944805e-05,0.000000000000000000e+00,0.000000000000000000e+00
0.000000000000000000e+00,4.844580589361369150e-01,8.767875432968139648e-01,0.000000000000000000e+00,1.000000000000000000e+00
1.000000000000000000e+00,9.922729519915167717e-01,9.987717270851135254e-01,1.000000000000000000e+00,1.000000000000000000e+00
1.000000000000000000e+00,9.795114651430132380e-01,9.985337257385253906e-01,1.000000000000000000e+00,1.000000000000000000e+00
1.000000000000000000e+00,9.416340540526036973e-01,9.784412980079650879e-01,1.000000000000000000e+00,1.000000000000000000e+00
0.000000000000000000e+00,1.587516322129063281e-02,6.090526934713125229e-03,0.000000000000000000e+00,0.000000000000000000e+00
0.000000000000000000e+00,1.240250335020152417e-01,2.570223510265350342e-01,0.000000000000000000e+00,0.000000000000000000e+00
1.000000000000000000e+00,9.740242767329715390e-01,9.982572197914123535e-01,1.000000000000000000e+00,1.000000000000000000e+00
0.000000000000000000e+00,3.896048859167080842e-03,1.236603129655122757e-04,0.000000000000000000e+00,0.000000000000000000e+00
1.000000000000000000e+00,9.500976787008980073e-01,9.972146153450012207e-01,1.000000000000000000e+00,1.000000000000000000e+00
1.000000000000000000e+00,9.266629497764854451e-01,9.683075547218322754e-01,1.000000000000000000e+00,1.000000000000000000e+00
0.000000000000000000e+00,7.717891333327795422e-01,8.282227516174316406e-01,1.000000000000000000e+00,1.000000000000000000e+00
1.000000000000000000e+00,9.969296306725361489e-01,9.999305009841918945e-01,1.000000000000000000e+00,1.000000000000000000e+00
0.000000000000000000e+00,2.693185683387068572e-03,1.859237963799387217e-04,0.000000000000000000e+00,0.000000000000000000e+00
0.000000000000000000e+00,2.054050992379678198e-01,2.575952373445034027e-02,0.000000000000000000e+00,0.000000000000000000e+00
0.000000000000000000e+00,4.046530934801600282e-02,1.307202689349651337e-02,0.000000000000000000e+00,0.000000000000000000e+00
0.000000000000000000e+00,1.309319039629642644e-03,1.797600707504898310e-04,0.000000000000000000e+00,0.000000000000000000e+00
1.000000000000000000e+00,9.597389060149181805e-01,9.904725551605224609e-01,1.000000000000000000e+00,1.000000000000000000e+00
1.000000000000000000e+00,8.208853331163662448e-01,8.927140235900878906e-01,1.000000000000000000e+00,1.000000000000000000e+00
0.000000000000000000e+00,2.220863070090588198e-02,3.901444724760949612e-04,0.000000000000000000e+00,0.000000000000000000e+00
0.000000000000000000e+00,2.702561100145306136e-03,5.207264330238103867e-04,0.000000000000000000e+00,0.000000000000000000e+00
0.000000000000000000e+00,8.677672637909885495e-03,1.163202905445359647e-04,0.000000000000000000e+00,0.000000000000000000e+00
0.000000000000000000e+00,1.038450430134803260e-01,3.881672397255897522e-02,0.000000000000000000e+00,0.000000000000000000e+00
0.000000000000000000e+00,5.524611018673179080e-02,1.553869107738137245e-03,0.000000000000000000e+00,0.000000000000000000e+00
0.000000000000000000e+00,1.482407879617082987e-02,2.224598545581102371e-03,0.000000000000000000e+00,0.000000000000000000e+00
1.000000000000000000e+00,9.814119191155132871e-01,9.983063936233520508e-01,1.000000000000000000e+00,1.000000000000000000e+00
1.000000000000000000e+00,9.982586673146620626e-01,9.998146891593933105e-01,1.000000000000000000e+00,1.000000000000000000e+00
1.000000000000000000e+00,9.861069009260147178e-01,9.958013892173767090e-01,1.000000000000000000e+00,1.000000000000000000e+00
1.000000000000000000e+00,9.917779988898779431e-01,9.998015761375427246e-01,1.000000000000000000e+00,1.000000000000000000e+00
1.000000000000000000e+00,8.783926859382835683e-01,8.605240583419799805e-01,1.000000000000000000e+00,1.000000000000000000e+00
0.000000000000000000e+00,2.800187562660682028e-01,6.963236927986145020e-01,0.000000000000000000e+00,1.000000000000000000e+00
0.000000000000000000e+00,2.339474971508886600e-02,8.232550695538520813e-03,0.000000000000000000e+00,0.000000000000000000e+00
1.000000000000000000e+00,9.901945286443524230e-01,9.983748197555541992e-01,1.000000000000000000e+00,1.000000000000000000e+00
1.000000000000000000e+00,9.889061743849190123e-01,9.993562102317810059e-01,1.000000000000000000e+00,1.000000000000000000e+00
0.000000000000000000e+00,5.857983275663162202e-03,2.166669291909784079e-04,0.000000000000000000e+00,0.000000000000000000e+00
0.000000000000000000e+00,1.498326003671174604e-03,1.236059615621343255e-04,0.000000000000000000e+00,0.000000000000000000e+00
0.000000000000000000e+00,2.197988761434110754e-03,2.228640514658764005e-04,0.000000000000000000e+00,0.000000000000000000e+00
1.000000000000000000e+00,9.826817623680583758e-01,9.976014494895935059e-01,1.000000000000000000e+00,1.000000000000000000e+00
0.000000000000000000e+00,1.804820709492622743e-01,4.115727171301841736e-02,0.000000000000000000e+00,0.000000000000000000e+00
1.000000000000000000e+00,9.939881777835355425e-01,9.979684948921203613e-01,1.000000000000000000e+00,1.000000000000000000e+00
1.000000000000000000e+00,9.971814854794056604e-01,9.998619556427001953e-01,1.000000000000000000e+00,1.000000000000000000e+00
0.000000000000000000e+00,1.282052156861534717e-03,1.208951725857332349e-04,0.000000000000000000e+00,0.000000000000000000e+00
1.000000000000000000e+00,9.974148073653554825e-01,9.999654293060302734e-01,1.000000000000000000e+00,1.000000000000000000e+00
0.000000000000000000e+00,1.167064739326096993e-02,2.150167245417833328e-03,0.000000000000000000e+00,0.000000000000000000e+00
0.000000000000000000e+00,5.389924674783642955e-03,6.830560159869492054e-04,0.000000000000000000e+00,0.000000000000000000e+00
0.000000000000000000e+00,6.222213427808160301e-03,2.328950358787551522e-04,0.000000000000000000e+00,0.000000000000000000e+00
1.000000000000000000e+00,9.734353716294429359e-01,9.994756579399108887e-01,1.000000000000000000e+00,1.000000000000000000e+00
1.000000000000000000e+00,9.937706791865995593e-01,9.997189640998840332e-01,1.000000000000000000e+00,1.000000000000000000e+00
0.000000000000000000e+00,4.007382297901465606e-02,8.009565062820911407e-03,0.000000000000000000e+00,0.000000000000000000e+00
0.000000000000000000e+00,7.871715837649763126e-01,8.736924529075622559e-01,1.000000000000000000e+00,1.000000000000000000e+00
0.000000000000000000e+00,2.551707033428977922e-02,1.571237854659557343e-02,0.000000000000000000e+00,0.000000000000000000e+00
0.000000000000000000e+00,8.406071789599329699e-03,2.755905734375119209e-04,0.000000000000000000e+00,0.000000000000000000e+00
1.000000000000000000e+00,9.716601941000718723e-01,9.972591400146484375e-01,1.000000000000000000e+00,1.000000000000000000e+00
1.000000000000000000e+00,9.916084834756575539e-01,9.996558427810668945e-01,1.000000000000000000e+00,1.000000000000000000e+00
1.000000000000000000e+00,9.649399944174860133e-01,9.828957319259643555e-01,1.000000000000000000e+00,1.000000000000000000e+00
1.000000000000000000e+00,9.909673073565209434e-01,9.997938275337219238e-01,1.000000000000000000e+00,1.000000000000000000e+00
0.000000000000000000e+00,2.731902174756274948e-01,5.268688127398490906e-02,0.000000000000000000e+00,0.000000000000000000e+00
1.000000000000000000e+00,9.804252247760987249e-01,9.919542670249938965e-01,1.000000000000000000e+00,1.000000000000000000e+00
0.000000000000000000e+00,5.074030882444331356e-03,2.440254320390522480e-04,0.000000000000000000e+00,0.000000000000000000e+00
1.000000000000000000e+00,7.231489286994757792e-01,9.481170773506164551e-01,1.000000000000000000e+00,1.000000000000000000e+00
1.000000000000000000e+00,5.666506268500387522e-01,5.469778776168823242e-01,1.000000000000000000e+00,1.000000000000000000e+00
0.000000000000000000e+00,2.726102728925547738e-02,2.152689557988196611e-04,0.000000000000000000e+00,0.000000000000000000e+00
0.000000000000000000e+00,2.484865291673814605e-03,2.562486624810844660e-04,0.000000000000000000e+00,0.000000000000000000e+00
0.000000000000000000e+00,1.001100053808912267e-02,7.489020354114472866e-04,0.000000000000000000e+00,0.000000000000000000e+00
1.000000000000000000e+00,9.817406931944478998e-01,9.976032376289367676e-01,1.000000000000000000e+00,1.000000000000000000e+00
0.000000000000000000e+00,3.435378730621728161e-01,5.210302025079727173e-02,0.000000000000000000e+00,0.000000000000000000e+00
0.000000000000000000e+00,3.282053356193293664e-02,7.107252255082130432e-03,0.000000000000000000e+00,0.000000000000000000e+00
1.000000000000000000e+00,9.407308942799291751e-01,9.969793558120727539e-01,1.000000000000000000e+00,1.000000000000000000e+00
0.000000000000000000e+00,2.399358118931909367e-01,1.305286437273025513e-01,0.000000000000000000e+00,0.000000000000000000e+00
0.000000000000000000e+00,7.395471912887290056e-02,2.099099196493625641e-02,0.000000000000000000e+00,0.000000000000000000e+00
1.000000000000000000e+00,9.986556362330831771e-01,9.998629093170166016e-01,1.000000000000000000e+00,1.000000000000000000e+00
0.000000000000000000e+00,1.259776125132081211e-02,4.934257594868540764e-04,0.000000000000000000e+00,0.000000000000000000e+00
1.000000000000000000e+00,9.740335456679912740e-01,9.951881170272827148e-01,1.000000000000000000e+00,1.000000000000000000e+00
0.000000000000000000e+00,4.039049911741594834e-02,1.767289265990257263e-02,0.000000000000000000e+00,0.000000000000000000e+00
1.000000000000000000e+00,9.988932241075919594e-01,9.999657869338989258e-01,1.000000000000000000e+00,1.000000000000000000e+00
1.000000000000000000e+00,9.950593938148172279e-01,9.998673200607299805e-01,1.000000000000000000e+00,1.000000000000000000e+00
0.000000000000000000e+00,2.841916457925349002e-03,1.521515077911317348e-04,0.000000000000000000e+00,0.000000000000000000e+00
0.000000000000000000e+00,8.719094879623405514e-03,8.034349302761256695e-04,0.000000000000000000e+00,0.000000000000000000e+00
0.000000000000000000e+00,8.539390329060484591e-03,1.242729136720299721e-03,0.000000000000000000e+00,0.000000000000000000e+00
1.000000000000000000e+00,9.914649960359852576e-01,9.986365437507629395e-01,1.000000000000000000e+00,1.000000000000000000e+00
1.000000000000000000e+00,9.251662973594753092e-01,9.692808389663696289e-01,1.000000000000000000e+00,1.000000000000000000e+00
1.000000000000000000e+00,9.974142089477711082e-01,9.999142885208129883e-01,1.000000000000000000e+00,1.000000000000000000e+00
0.000000000000000000e+00,6.282598848765348284e-03,1.336729183094576001e-04,0.000000000000000000e+00,0.000000000000000000e+00
0.000000000000000000e+00,1.843241139759637381e-01,9.696261957287788391e-03,0.000000000000000000e+00,0.000000000000000000e+00
1.000000000000000000e+00,9.962435033698493481e-01,9.998503923416137695e-01,1.000000000000000000e+00,1.000000000000000000e+00
0.000000000000000000e+00,1.064918358968724131e-02,1.885844394564628601e-04,0.000000000000000000e+00,0.000000000000000000e+00
0.000000000000000000e+00,3.676054746812320532e-03,3.837290569208562374e-04,0.000000000000000000e+00,0.000000000000000000e+00
0.000000000000000000e+00,4.877339925153410978e-03,1.023785909637808800e-03,0.000000000000000000e+00,0.000000000000000000e+00
1.000000000000000000e+00,9.498453690633548163e-01,9.636782407760620117e-01,1.000000000000000000e+00,1.000000000000000000e+00
0.000000000000000000e+00,3.609274471779447963e-02,2.066913526505231857e-03,0.000000000000000000e+00,0.000000000000000000e+00
0.000000000000000000e+00,5.804919055671963098e-03,1.091630663722753525e-02,0.000000000000000000e+00,0.000000000000000000e+00
1.000000000000000000e+00,8.881482220514268500e-01,9.804517626762390137e-01,1.000000000000000000e+00,1.000000000000000000e+00
0.000000000000000000e+00,1.905927918139837130e-03,1.417160237906500697e-04,0.000000000000000000e+00,0.000000000000000000e+00
0.000000000000000000e+00,1.620399556798826357e-01,2.153588645160198212e-02,0.000000000000000000e+00,0.000000000000000000e+00
1.000000000000000000e+00,5.752632393488161799e-01,5.661128163337707520e-01,1.000000000000000000e+00,1.000000000000000000e+00
1.000000000000000000e+00,9.953319088003599324e-01,9.997482895851135254e-01,1.000000000000000000e+00,1.000000000000000000e+00
1.000000000000000000e+00,9.962353126413099336e-01,9.997543692588806152e-01,1.000000000000000000e+00,1.000000000000000000e+00
1.000000000000000000e+00,3.717242753387016152e-01,6.600035429000854492e-01,0.000000000000000000e+00,1.000000000000000000e+00
1.000000000000000000e+00,2.623038264037423906e-01,1.924566924571990967e-01,0.000000000000000000e+00,0.000000000000000000e+00
1.000000000000000000e+00,8.820865610401490420e-01,8.979727029800415039e-01,1.000000000000000000e+00,1.000000000000000000e+00
1.000000000000000000e+00,4.240268471343268120e-01,1.084778755903244019e-01,0.000000000000000000e+00,0.000000000000000000e+00
0.000000000000000000e+00,7.584141128375389285e-03,4.942356026731431484e-04,0.000000000000000000e+00,0.000000000000000000e+00
1.000000000000000000e+00,9.733901038244134885e-01,9.362779855728149414e-01,1.000000000000000000e+00,1.000000000000000000e+00
1.000000000000000000e+00,9.902901455841905953e-01,9.990510344505310059e-01,1.000000000000000000e+00,1.000000000000000000e+00
1.000000000000000000e+00,9.981308123655873166e-01,9.998795986175537109e-01,1.000000000000000000e+00,1.000000000000000000e+00
1.000000000000000000e+00,9.560374763007997156e-01,9.933330416679382324e-01,1.000000000000000000e+00,1.000000000000000000e+00
1.000000000000000000e+00,9.619107530547231777e-01,9.901453256607055664e-01,1.000000000000000000e+00,1.000000000000000000e+00
0.000000000000000000e+00,2.522661819405669914e-01,2.536047250032424927e-02,0.000000000000000000e+00,0.000000000000000000e+00
0.000000000000000000e+00,1.613728833019386841e-02,4.085909575223922729e-03,0.000000000000000000e+00,0.000000000000000000e+00
0.000000000000000000e+00,1.890726368892766719e-03,1.640178670641034842e-04,0.000000000000000000e+00,0.000000000000000000e+00
1.000000000000000000e+00,9.884327255906529830e-01,9.996851682662963867e-01,1.000000000000000000e+00,1.000000000000000000e+00
0.000000000000000000e+00,2.664029797635920627e-01,1.015646010637283325e-01,0.000000000000000000e+00,0.000000000000000000e+00
1.000000000000000000e+00,9.937650993602638039e-01,9.999377727508544922e-01,1.000000000000000000e+00,1.000000000000000000e+00
0.000000000000000000e+00,2.314846039438176600e-02,8.117142133414745331e-03,0.000000000000000000e+00,0.000000000000000000e+00
1.000000000000000000e+00,9.145453127929006332e-01,9.981719255447387695e-01,1.000000000000000000e+00,1.000000000000000000e+00
0.000000000000000000e+00,4.007387113830280546e-03,1.580852665938436985e-03,0.000000000000000000e+00,0.000000000000000000e+00
0.000000000000000000e+00,2.349266986366957410e-01,4.953614175319671631e-01,0.000000000000000000e+00,0.000000000000000000e+00
0.000000000000000000e+00,1.284649355409003130e-03,3.534128336468711495e-05,0.000000000000000000e+00,0.000000000000000000e+00
1.000000000000000000e+00,9.836425150547392082e-01,9.992534518241882324e-01,1.000000000000000000e+00,1.000000000000000000e+00
1.000000000000000000e+00,8.576158290785863558e-01,9.339898228645324707e-01,1.000000000000000000e+00,1.000000000000000000e+00
1.000000000000000000e+00,9.751158086179413376e-01,9.890986680984497070e-01,1.000000000000000000e+00,1.000000000000000000e+00
1.000000000000000000e+00,9.907237021522962150e-01,9.996065497398376465e-01,1.000000000000000000e+00,1.000000000000000000e+00
0.000000000000000000e+00,8.168385780493101489e-01,9.068539738655090332e-01,1.000000000000000000e+00,1.000000000000000000e+00
1.000000000000000000e+00,9.844275857123533369e-01,9.984971284866333008e-01,1.000000000000000000e+00,1.000000000000000000e+00
0.000000000000000000e+00,1.176459318435254219e-02,6.192650180310010910e-04,0.000000000000000000e+00,0.000000000000000000e+00
1.000000000000000000e+00,9.891215414250116300e-01,9.988755583763122559e-01,1.000000000000000000e+00,1.000000000000000000e+00
0.000000000000000000e+00,2.566637930501475817e-01,6.623951792716979980e-01,0.000000000000000000e+00,1.000000000000000000e+00
0.000000000000000000e+00,1.036305941000851064e-02,2.964633749797940254e-03,0.000000000000000000e+00,0.000000000000000000e+00
1.000000000000000000e+00,9.450252356989548019e-01,8.103007078170776367e-01,1.000000000000000000e+00,1.000000000000000000e+00
0.000000000000000000e+00,5.365636817600293040e-02,6.096657831221818924e-03,0.000000000000000000e+00,0.000000000000000000e+00
1.000000000000000000e+00,8.789445006892175893e-01,9.655300378799438477e-01,1.000000000000000000e+00,1.000000000000000000e+00
0.000000000000000000e+00,2.969695107819050883e-02,3.118001157417893410e-03,0.000000000000000000e+00,0.000000000000000000e+00
0.000000000000000000e+00,7.484389512931330585e-04,8.530280865670647472e-06,0.000000000000000000e+00,0.000000000000000000e+00
1.000000000000000000e+00,9.929175792299874681e-01,9.996346235275268555e-01,1.000000000000000000e+00,1.000000000000000000e+00
0.000000000000000000e+00,1.255299585095282422e-03,5.021215110900811851e-05,0.000000000000000000e+00,0.000000000000000000e+00
1.000000000000000000e+00,9.932320500791361750e-01,9.988175034523010254e-01,1.000000000000000000e+00,1.000000000000000000e+00
0.000000000000000000e+00,4.002863627847952355e-02,8.263536728918552399e-03,0.000000000000000000e+00,0.000000000000000000e+00
0.000000000000000000e+00,3.393765971369037265e-02,1.581352553330361843e-03,0.000000000000000000e+00,0.000000000000000000e+00
1.000000000000000000e+00,3.349053142408785488e-01,6.157441139221191406e-01,0.000000000000000000e+00,1.000000000000000000e+00
0.000000000000000000e+00,8.346690404181763071e-04,8.666353096487000585e-05,0.000000000000000000e+00,0.000000000000000000e+00
1.000000000000000000e+00,9.970177321324781294e-01,9.999520778656005859e-01,1.000000000000000000e+00,1.000000000000000000e+00
1.000000000000000000e+00,6.299317799460645295e-01,8.818728327751159668e-01,1.000000000000000000e+00,1.000000000000000000e+00
0.000000000000000000e+00,1.610578358019640723e-03,1.458967337384819984e-03,0.000000000000000000e+00,0.000000000000000000e+00
1.000000000000000000e+00,9.972621116492604854e-01,9.998492002487182617e-01,1.000000000000000000e+00,1.000000000000000000e+00
0.000000000000000000e+00,2.011670325900319876e-03,9.039996803039684892e-05,0.000000000000000000e+00,0.000000000000000000e+00
1.000000000000000000e+00,9.987615844128620024e-01,9.999489784240722656e-01,1.000000000000000000e+00,1.000000000000000000e+00
1.000000000000000000e+00,9.869009743718855088e-01,9.971885085105895996e-01,1.000000000000000000e+00,1.000000000000000000e+00
1.000000000000000000e+00,9.855784318548574952e-01,9.982022047042846680e-01,1.000000000000000000e+00,1.000000000000000000e+00
1.000000000000000000e+00,9.766808922860032993e-01,9.904423356056213379e-01,1.000000000000000000e+00,1.000000000000000000e+00
0.000000000000000000e+00,4.541549511513309767e-02,3.380391746759414673e-02,0.000000000000000000e+00,0.000000000000000000e+00
0.000000000000000000e+00,8.393083543862570398e-03,1.398421125486493111e-03,0.000000000000000000e+00,0.000000000000000000e+00
0.000000000000000000e+00,2.402202949884140598e-02,3.552326699718832970e-03,0.000000000000000000e+00,0.000000000000000000e+00
0.000000000000000000e+00,3.460479021160160068e-02,6.500423187389969826e-04,0.000000000000000000e+00,0.000000000000000000e+00
1.000000000000000000e+00,9.878520018668930369e-01,9.999097585678100586e-01,1.000000000000000000e+00,1.000000000000000000e+00
1.000000000000000000e+00,2.143195174113451604e-02,2.103276783600449562e-03,0.000000000000000000e+00,0.000000000000000000e+00
1.000000000000000000e+00,9.881943823893007961e-01,9.902716279029846191e-01,1.000000000000000000e+00,1.000000000000000000e+00
0.000000000000000000e+00,1.110219280738040416e-03,6.483899778686463833e-05,0.000000000000000000e+00,0.000000000000000000e+00
1.000000000000000000e+00,9.960484882659084160e-01,9.999675750732421875e-01,1.000000000000000000e+00,1.000000000000000000e+00
1.000000000000000000e+00,9.967092075516853500e-01,9.998218417167663574e-01,1.000000000000000000e+00,1.000000000000000000e+00
1.000000000000000000e+00,9.933322597441168744e-01,9.997809529304504395e-01,1.000000000000000000e+00,1.000000000000000000e+00
1.000000000000000000e+00,9.961034307568797930e-01,9.998959302902221680e-01,1.000000000000000000e+00,1.000000000000000000e+00
1.000000000000000000e+00,9.877863486767789469e-01,9.991813302040100098e-01,1.000000000000000000e+00,1.000000000000000000e+00
0.000000000000000000e+00,1.903924734773530456e-02,6.600624328712001443e-05,0.000000000000000000e+00,0.000000000000000000e+00
0.000000000000000000e+00,6.254553203927783016e-03,4.864366492256522179e-04,0.000000000000000000e+00,0.000000000000000000e+00
1.000000000000000000e+00,9.913601215413203604e-01,9.992229938507080078e-01,1.000000000000000000e+00,1.000000000000000000e+00
1.000000000000000000e+00,9.264303494719280385e-01,9.820797443389892578e-01,1.000000000000000000e+00,1.000000000000000000e+00
1.000000000000000000e+00,9.927922589003256304e-01,9.989221096038818359e-01,1.000000000000000000e+00,1.000000000000000000e+00
0.000000000000000000e+00,1.771900309236369361e-02,1.645346172153949738e-03,0.000000000000000000e+00,0.000000000000000000e+00
1.000000000000000000e+00,8.364379895605873472e-01,9.634889364242553711e-01,1.000000000000000000e+00,1.000000000000000000e+00
0.000000000000000000e+00,8.520147748486724959e-01,9.524489045143127441e-01,1.000000000000000000e+00,1.000000000000000000e+00
1.000000000000000000e+00,9.762799201896337209e-01,9.891971945762634277e-01,1.000000000000000000e+00,1.000000000000000000e+00
0.000000000000000000e+00,5.475914805841534255e-03,2.740240597631782293e-04,0.000000000000000000e+00,0.000000000000000000e+00
1.000000000000000000e+00,9.929338652994609271e-01,9.996075034141540527e-01,1.000000000000000000e+00,1.000000000000000000e+00
1.000000000000000000e+00,9.294046615406981182e-01,6.548094749450683594e-01,1.000000000000000000e+00,1.000000000000000000e+00
0.000000000000000000e+00,3.822222710660321075e-03,8.057042723521590233e-04,0.000000000000000000e+00,0.000000000000000000e+00
1.000000000000000000e+00,9.785628913869176548e-01,9.977967739105224609e-01,1.000000000000000000e+00,1.000000000000000000e+00
0.000000000000000000e+00,5.362017256443599167e-02,5.291058123111724854e-02,0.000000000000000000e+00,0.000000000000000000e+00
0.000000000000000000e+00,4.307536345196551729e-03,5.325794336386024952e-04,0.000000000000000000e+00,0.000000000000000000e+00
1.000000000000000000e+00,9.967063535677694874e-01,9.999475479125976562e-01,1.000000000000000000e+00,1.000000000000000000e+00
1.000000000000000000e+00,9.930263131138832300e-01,9.906443357467651367e-01,1.000000000000000000e+00,1.000000000000000000e+00
0.000000000000000000e+00,2.906377772329030509e-03,2.951838832814246416e-04,0.000000000000000000e+00,0.000000000000000000e+00
1.000000000000000000e+00,9.921787494072112912e-01,9.991933703422546387e-01,1.000000000000000000e+00,1.000000000000000000e+00
1.000000000000000000e+00,9.895149703513880235e-01,9.960578680038452148e-01,1.000000000000000000e+00,1.000000000000000000e+00
1.000000000000000000e+00,9.865153533897432769e-01,9.983267188072204590e-01,1.000000000000000000e+00,1.000000000000000000e+00
1.000000000000000000e+00,9.963279880740288919e-01,9.998667240142822266e-01,1.000000000000000000e+00,1.000000000000000000e+00
1.000000000000000000e+00,9.975500689074892069e-01,9.999244213104248047e-01,1.000000000000000000e+00,1.000000000000000000e+00
0.000000000000000000e+00,6.802151456338010119e-03,1.043291063979268074e-03,0.000000000000000000e+00,0.000000000000000000e+00
1.000000000000000000e+00,9.912523306582861071e-01,9.993250370025634766e-01,1.000000000000000000e+00,1.000000000000000000e+00
1.000000000000000000e+00,8.286830656468213707e-01,9.811965227127075195e-01,1.000000000000000000e+00,1.000000000000000000e+00
1.000000000000000000e+00,9.806344137521546545e-01,9.996526241302490234e-01,1.000000000000000000e+00,1.000000000000000000e+00
0.000000000000000000e+00,1.234681026350421679e-01,6.505440920591354370e-02,0.000000000000000000e+00,0.000000000000000000e+00
1.000000000000000000e+00,9.945192174290600207e-01,9.998552799224853516e-01,1.000000000000000000e+00,1.000000000000000000e+00
0.000000000000000000e+00,3.649167846681454692e-04,4.231652565067633986e-05,0.000000000000000000e+00,0.000000000000000000e+00
1.000000000000000000e+00,9.873730153010396027e-01,9.997476935386657715e-01,1.000000000000000000e+00,1.000000000000000000e+00
1.000000000000000000e+00,9.141571055763988429e-01,9.942670464515686035e-01,1.000000000000000000e+00,1.000000000000000000e+00
0.000000000000000000e+00,1.487845621247053420e-02,3.419836051762104034e-03,0.000000000000000000e+00,0.000000000000000000e+00
1.000000000000000000e+00,9.881177523651227812e-01,9.986712932586669922e-01,1.000000000000000000e+00,1.000000000000000000e+00
1.000000000000000000e+00,9.953378333522238108e-01,9.999094009399414062e-01,1.000000000000000000e+00,1.000000000000000000e+00
1.000000000000000000e+00,9.844743694068444073e-01,9.950607419013977051e-01,1.000000000000000000e+00,1.000000000000000000e+00
1.000000000000000000e+00,9.913536176757562490e-01,9.972153902053833008e-01,1.000000000000000000e+00,1.000000000000000000e+00
0.000000000000000000e+00,9.098060038025747309e-03,3.309998719487339258e-04,0.000000000000000000e+00,0.000000000000000000e+00
1.000000000000000000e+00,9.118018882645396728e-01,9.915840625762939453e-01,1.000000000000000000e+00,1.000000000000000000e+00
0.000000000000000000e+00,1.400448117091333822e-02,4.313405079301446676e-04,0.000000000000000000e+00,0.000000000000000000e+00
1.000000000000000000e+00,9.869758038547947754e-01,9.978656172752380371e-01,1.000000000000000000e+00,1.000000000000000000e+00
0.000000000000000000e+00,9.762373171068762859e-03,1.293863286264240742e-03,0.000000000000000000e+00,0.000000000000000000e+00
1.000000000000000000e+00,8.699867047288387667e-01,9.322879910469055176e-01,1.000000000000000000e+00,1.000000000000000000e+00
0.000000000000000000e+00,1.326454788689823520e-02,1.817513257265090942e-03,0.000000000000000000e+00,0.000000000000000000e+00
1.000000000000000000e+00,9.894198234786053536e-01,9.996855258941650391e-01,1.000000000000000000e+00,1.000000000000000000e+00
1.000000000000000000e+00,9.982281496771787666e-01,9.999608993530273438e-01,1.000000000000000000e+00,1.000000000000000000e+00
0.000000000000000000e+00,1.841326860731069825e-02,1.669636345468461514e-03,0.000000000000000000e+00,0.000000000000000000e+00
1.000000000000000000e+00,9.494709744321784273e-01,9.709994792938232422e-01,1.000000000000000000e+00,1.000000000000000000e+00
0.000000000000000000e+00,9.578470062540474228e-02,6.251405924558639526e-03,0.000000000000000000e+00,0.000000000000000000e+00
0.000000000000000000e+00,2.446005749284514003e-02,7.413459941744804382e-03,0.000000000000000000e+00,0.000000000000000000e+00
0.000000000000000000e+00,6.050747893303648484e-03,1.285189355257898569e-04,0.000000000000000000e+00,0.000000000000000000e+00
1.000000000000000000e+00,9.617351404671939941e-01,9.764016270637512207e-01,1.000000000000000000e+00,1.000000000000000000e+00
1.000000000000000000e+00,9.822393699269474920e-01,9.963564872741699219e-01,1.000000000000000000e+00,1.000000000000000000e+00
1.000000000000000000e+00,9.871492896772305903e-01,9.989662170410156250e-01,1.000000000000000000e+00,1.000000000000000000e+00
1.000000000000000000e+00,9.707428820335417541e-01,9.897985458374023438e-01,1.000000000000000000e+00,1.000000000000000000e+00
0.000000000000000000e+00,4.150030367177432421e-03,1.782856532372534275e-03,0.000000000000000000e+00,0.000000000000000000e+00
1.000000000000000000e+00,9.967400808521873490e-01,9.997289776802062988e-01,1.000000000000000000e+00,1.000000000000000000e+00
1.000000000000000000e+00,9.963057530764984904e-01,9.999021291732788086e-01,1.000000000000000000e+00,1.000000000000000000e+00
1.000000000000000000e+00,9.935467834639276630e-01,9.994692206382751465e-01,1.000000000000000000e+00,1.000000000000000000e+00
1.000000000000000000e+00,9.926450298801313687e-01,9.987226128578186035e-01,1.000000000000000000e+00,1.000000000000000000e+00
1.000000000000000000e+00,9.531703968575465646e-01,9.872145652770996094e-01,1.000000000000000000e+00,1.000000000000000000e+00
0.000000000000000000e+00,2.894752604418044696e-03,1.882145734271034598e-04,0.000000000000000000e+00,0.000000000000000000e+00
1.000000000000000000e+00,9.739651823287872601e-01,9.982889294624328613e-01,1.000000000000000000e+00,1.000000000000000000e+00
1.000000000000000000e+00,9.418329843041630678e-01,9.774973988533020020e-01,1.000000000000000000e+00,1.000000000000000000e+00
1.000000000000000000e+00,9.845827065684350510e-01,9.996343851089477539e-01,1.000000000000000000e+00,1.000000000000000000e+00
1.000000000000000000e+00,9.500791889862499895e-01,9.978797435760498047e-01,1.000000000000000000e+00,1.000000000000000000e+00
1.000000000000000000e+00,2.533438451795771984e-01,3.089523315429687500e-01,0.000000000000000000e+00,0.000000000000000000e+00
1.000000000000000000e+00,9.861019065216456436e-01,9.961286783218383789e-01,1.000000000000000000e+00,1.000000000000000000e+00
1.000000000000000000e+00,9.865373569997261116e-01,9.972265362739562988e-01,1.000000000000000000e+00,1.000000000000000000e+00
0.000000000000000000e+00,8.790879866812517304e-03,7.445910596288740635e-04,0.000000000000000000e+00,0.000000000000000000e+00
1.000000000000000000e+00,9.859008577485881553e-01,9.697700738906860352e-01,1.000000000000000000e+00,1.000000000000000000e+00
0.000000000000000000e+00,1.163786045466745495e-01,8.483151346445083618e-02,0.000000000000000000e+00,0.000000000000000000e+00
1.000000000000000000e+00,9.824320734809974809e-01,9.988657236099243164e-01,1.000000000000000000e+00,1.000000000000000000e+00
0.000000000000000000e+00,2.532396729880167369e-02,5.281892605125904083e-03,0.000000000000000000e+00,0.000000000000000000e+00
1.000000000000000000e+00,9.990674391602030191e-01,9.999722242355346680e-01,1.000000000000000000e+00,1.000000000000000000e+00
1.000000000000000000e+00,9.950736164112038429e-01,9.999496936798095703e-01,1.000000000000000000e+00,1.000000000000000000e+00
0.000000000000000000e+00,2.371251330989708472e-02,1.123151555657386780e-02,0.000000000000000000e+00,0.000000000000000000e+00
1.000000000000000000e+00,9.924175611294991928e-01,9.985691308975219727e-01,1.000000000000000000e+00,1.000000000000000000e+00
1.000000000000000000e+00,9.918183835343711285e-01,9.992177486419677734e-01,1.000000000000000000e+00,1.000000000000000000e+00
1.000000000000000000e+00,9.967985115420658904e-01,9.999635219573974609e-01,1.000000000000000000e+00,1.000000000000000000e+00
0.000000000000000000e+00,9.677173944702037456e-02,1.324784904718399048e-01,0.000000000000000000e+00,0.000000000000000000e+00
1.000000000000000000e+00,9.875892124200102984e-01,9.980269074440002441e-01,1.000000000000000000e+00,1.000000000000000000e+00
0.000000000000000000e+00,1.383027704850077607e-03,2.119346463587135077e-04,0.000000000000000000e+00,0.000000000000000000e+00
0.000000000000000000e+00,1.004776841484361499e-01,3.530105203390121460e-02,0.000000000000000000e+00,0.000000000000000000e+00
1.000000000000000000e+00,9.885134671270685569e-01,9.982117414474487305e-01,1.000000000000000000e+00,1.000000000000000000e+00
0.000000000000000000e+00,4.792499771305781808e-03,2.115131501341238618e-04,0.000000000000000000e+00,0.000000000000000000e+00
0.000000000000000000e+00,3.651028348669120571e-02,1.689141965471208096e-03,0.000000000000000000e+00,0.000000000000000000e+00
1.000000000000000000e+00,9.929416782530660068e-01,9.996649026870727539e-01,1.000000000000000000e+00,1.000000000000000000e+00
0.000000000000000000e+00,3.533848275207725556e-03,1.919364731293171644e-04,0.000000000000000000e+00,0.000000000000000000e+00
0.000000000000000000e+00,1.592080196243990942e-01,2.577296085655689240e-02,0.000000000000000000e+00,0.000000000000000000e+00
0.000000000000000000e+00,2.219555996108098922e-02,3.332139179110527039e-02,0.000000000000000000e+00,0.000000000000000000e+00
0.000000000000000000e+00,4.268960262478594531e-02,4.554275888949632645e-03,0.000000000000000000e+00,0.000000000000000000e+00
0.000000000000000000e+00,1.128862306748102881e-02,1.984701375477015972e-04,0.000000000000000000e+00,0.000000000000000000e+00
0.000000000000000000e+00,4.683529457625009254e-04,3.002210542035754770e-05,0.000000000000000000e+00,0.000000000000000000e+00
0.000000000000000000e+00,4.276168707034390566e-03,2.238935994682833552e-04,0.000000000000000000e+00,0.000000000000000000e+00
0.000000000000000000e+00,9.660614559644174759e-02,1.396484114229679108e-02,0.000000000000000000e+00,0.000000000000000000e+00
0.000000000000000000e+00,1.181564435882849901e-01,2.242201119661331177e-01,0.000000000000000000e+00,0.000000000000000000e+00
0.000000000000000000e+00,2.068779469295892459e-01,4.853676632046699524e-02,0.000000000000000000e+00,0.000000000000000000e+00
0.000000000000000000e+00,7.891767429805907064e-02,4.604121297597885132e-02,0.000000000000000000e+00,0.000000000000000000e+00
0.000000000000000000e+00,2.581164303766804620e-03,7.146117859520018101e-04,0.000000000000000000e+00,0.000000000000000000e+00
1.000000000000000000e+00,9.510913637878288807e-01,9.810153245925903320e-01,1.000000000000000000e+00,1.000000000000000000e+00
1.000000000000000000e+00,9.685743795779453436e-01,9.974820017814636230e-01,1.000000000000000000e+00,1.000000000000000000e+00
0.000000000000000000e+00,1.491545933017943831e-02,8.488842286169528961e-03,0.000000000000000000e+00,0.000000000000000000e+00
1.000000000000000000e+00,9.962235315435125083e-01,9.997565150260925293e-01,1.000000000000000000e+00,1.000000000000000000e+00
1.000000000000000000e+00,9.954110484494523847e-01,9.999544620513916016e-01,1.000000000000000000e+00,1.000000000000000000e+00
0.000000000000000000e+00,2.358614246719822286e-03,1.189058311865665019e-04,0.000000000000000000e+00,0.000000000000000000e+00
1.000000000000000000e+00,9.911070329375269994e-01,9.993734955787658691e-01,1.000000000000000000e+00,1.000000000000000000e+00
1.000000000000000000e+00,2.035016868066730766e-01,5.148215591907501221e-02,0.000000000000000000e+00,0.000000000000000000e+00
1.000000000000000000e+00,9.456294526397860389e-01,9.836887121200561523e-01,1.000000000000000000e+00,1.000000000000000000e+00
1.000000000000000000e+00,9.828614976536268477e-01,9.942495822906494141e-01,1.000000000000000000e+00,1.000000000000000000e+00
1.000000000000000000e+00,9.987572518342363592e-01,9.999572038650512695e-01,1.000000000000000000e+00,1.000000000000000000e+00
0.000000000000000000e+00,4.486181964849793313e-02,1.043276712298393250e-01,0.000000000000000000e+00,0.000000000000000000e+00
1.000000000000000000e+00,9.926205446837061963e-01,9.971646666526794434e-01,1.000000000000000000e+00,1.000000000000000000e+00
1.000000000000000000e+00,9.892962292699181148e-01,9.994712471961975098e-01,1.000000000000000000e+00,1.000000000000000000e+00
0.000000000000000000e+00,4.443792214991691691e-02,2.764596836641430855e-03,0.000000000000000000e+00,0.000000000000000000e+00
0.000000000000000000e+00,2.592340540246588360e-02,6.046971771866083145e-03,0.000000000000000000e+00,0.000000000000000000e+00
1.000000000000000000e+00,9.918680103522216074e-01,9.982740879058837891e-01,1.000000000000000000e+00,1.000000000000000000e+00
1.000000000000000000e+00,9.029638537901117923e-01,8.789532780647277832e-01,1.000000000000000000e+00,1.000000000000000000e+00
1.000000000000000000e+00,9.461911833945513273e-01,9.416744112968444824e-01,1.000000000000000000e+00,1.000000000000000000e+00
1.000000000000000000e+00,9.963393584638035039e-01,9.997149109840393066e-01,1.000000000000000000e+00,1.000000000000000000e+00
0.000000000000000000e+00,1.315183027521384107e-02,1.323310425505042076e-03,0.000000000000000000e+00,0.000000000000000000e+00
0.000000000000000000e+00,5.900133190745253386e-02,1.408655475825071335e-02,0.000000000000000000e+00,0.000000000000000000e+00
1.000000000000000000e+00,9.244849831969951248e-01,9.918497800827026367e-01,1.000000000000000000e+00,1.000000000000000000e+00
1.000000000000000000e+00,9.687026153991225019e-01,9.918262958526611328e-01,1.000000000000000000e+00,1.000000000000000000e+00
0.000000000000000000e+00,5.239248828814176313e-03,1.484793727286159992e-03,0.000000000000000000e+00,0.000000000000000000e+00
0.000000000000000000e+00,2.826897065500532172e-03,5.628016660921275616e-04,0.000000000000000000e+00,0.000000000000000000e+00
1.000000000000000000e+00,9.963600997604827869e-01,9.999498128890991211e-01,1.000000000000000000e+00,1.000000000000000000e+00
1.000000000000000000e+00,9.618332425138937936e-01,9.909161925315856934e-01,1.000000000000000000e+00,1.000000000000000000e+00
0.000000000000000000e+00,1.032521896078317097e-01,3.041680753231048584e-01,0.000000000000000000e+00,0.000000000000000000e+00
1.000000000000000000e+00,9.908289943961833268e-01,9.993962049484252930e-01,1.000000000000000000e+00,1.000000000000000000e+00
1.000000000000000000e+00,9.972197796876627329e-01,9.997635483741760254e-01,1.000000000000000000e+00,1.000000000000000000e+00
1.000000000000000000e+00,9.978711990130635368e-01,9.999033212661743164e-01,1.000000000000000000e+00,1.000000000000000000e+00
1.000000000000000000e+00,8.439257759837910378e-01,9.081352353096008301e-01,1.000000000000000000e+00,1.000000000000000000e+00
1.000000000000000000e+00,9.882265568996415617e-01,9.994650483131408691e-01,1.000000000000000000e+00,1.000000000000000000e+00
0.000000000000000000e+00,2.428883171959629605e-02,2.979071810841560364e-03,0.000000000000000000e+00,0.000000000000000000e+00
0.000000000000000000e+00,1.561366198739212036e-02,4.522361326962709427e-03,0.000000000000000000e+00,0.000000000000000000e+00
1.000000000000000000e+00,2.413220944648106769e-01,1.679327636957168579e-01,0.000000000000000000e+00,0.000000000000000000e+00
1.000000000000000000e+00,9.093353048757579771e-01,9.306597709655761719e-01,1.000000000000000000e+00,1.000000000000000000e+00
0.000000000000000000e+00,1.965387050907054303e-02,1.114469021558761597e-03,0.000000000000000000e+00,0.000000000000000000e+00
0.000000000000000000e+00,8.056354912764487203e-03,6.556931766681373119e-04,0.000000000000000000e+00,0.000000000000000000e+00
0.000000000000000000e+00,1.331833439803860666e-02,3.628831473179161549e-04,0.000000000000000000e+00,0.000000000000000000e+00
0.000000000000000000e+00,1.125348190908477403e-01,2.789483172819018364e-03,0.000000000000000000e+00,0.000000000000000000e+00
1.000000000000000000e+00,9.851748240690557656e-01,9.953998923301696777e-01,1.000000000000000000e+00,1.000000000000000000e+00
0.000000000000000000e+00,1.156998210501931912e-01,4.630323126912117004e-02,0.000000000000000000e+00,0.000000000000000000e+00
1.000000000000000000e+00,9.880170218782217129e-01,9.989506006240844727e-01,1.000000000000000000e+00,1.000000000000000000e+00
0.000000000000000000e+00,1.671731563359428185e-01,3.233258798718452454e-02,0.000000000000000000e+00,0.000000000000000000e+00
1.000000000000000000e+00,9.823417838023085213e-01,9.929048418998718262e-01,1.000000000000000000e+00,1.000000000000000000e+00
0.000000000000000000e+00,3.080667380837380231e-01,5.758872628211975098e-02,0.000000000000000000e+00,0.000000000000000000e+00
0.000000000000000000e+00,6.354001649208977339e-04,6.551453407155349851e-05,0.000000000000000000e+00,0.000000000000000000e+00
0.000000000000000000e+00,4.536427871624075861e-03,1.647982571739703417e-04,0.000000000000000000e+00,0.000000000000000000e+00
0.000000000000000000e+00,4.258301081194544938e-03,5.875113420188426971e-04,0.000000000000000000e+00,0.000000000000000000e+00
1.000000000000000000e+00,9.481578060318456291e-01,9.934816360473632812e-01,1.000000000000000000e+00,1.000000000000000000e+00
1.000000000000000000e+00,9.777919954703880867e-01,9.972570538520812988e-01,1.000000000000000000e+00,1.000000000000000000e+00
0.000000000000000000e+00,1.160450561091951223e-02,1.346470671705901623e-03,0.000000000000000000e+00,0.000000000000000000e+00
1.000000000000000000e+00,8.746500773627408076e-01,9.721243977546691895e-01,1.000000000000000000e+00,1.000000000000000000e+00
0.000000000000000000e+00,2.009637452888654308e-01,4.387384057044982910e-01,0.000000000000000000e+00,0.000000000000000000e+00
1.000000000000000000e+00,9.879633763554149795e-01,9.965556859970092773e-01,1.000000000000000000e+00,1.000000000000000000e+00
0.000000000000000000e+00,1.387700929867074790e-03,7.596391515107825398e-05,0.000000000000000000e+00,0.000000000000000000e+00
1.000000000000000000e+00,9.305422756292076603e-01,9.694229960441589355e-01,1.000000000000000000e+00,1.000000000000000000e+00
1.000000000000000000e+00,9.478276039673192432e-01,9.843756556510925293e-01,1.000000000000000000e+00,1.000000000000000000e+00
1.000000000000000000e+00,9.888047171181719719e-01,9.996792078018188477e-01,1.000000000000000000e+00,1.000000000000000000e+00
1.000000000000000000e+00,9.869582712495273968e-01,9.991047978401184082e-01,1.000000000000000000e+00,1.000000000000000000e+00
1.000000000000000000e+00,9.884603192793440796e-01,9.994344115257263184e-01,1.000000000000000000e+00,1.000000000000000000e+00
0.000000000000000000e+00,4.854269858668852078e-01,7.937237620353698730e-01,0.000000000000000000e+00,1.000000000000000000e+00
0.000000000000000000e+00,4.303819785740201076e-02,1.361802313476800919e-02,0.000000000000000000e+00,0.000000000000000000e+00
1.000000000000000000e+00,9.601237807285589732e-01,9.815721511840820312e-01,1.000000000000000000e+00,1.000000000000000000e+00
1.000000000000000000e+00,9.939195045860780287e-01,9.996328353881835938e-01,1.000000000000000000e+00,1.000000000000000000e+00
1.000000000000000000e+00,6.357189765907773626e-01,8.218230009078979492e-01,1.000000000000000000e+00,1.000000000000000000e+00
1.000000000000000000e+00,9.980286597181926567e-01,9.999904632568359375e-01,1.000000000000000000e+00,1.000000000000000000e+00
1.000000000000000000e+00,9.779426346296580252e-01,9.987217783927917480e-01,1.000000000000000000e+00,1.000000000000000000e+00
1.000000000000000000e+00,9.922415092468592768e-01,9.971381425857543945e-01,1.000000000000000000e+00,1.000000000000000000e+00
0.000000000000000000e+00,1.978915361881018135e-03,2.441033720970153809e-04,0.000000000000000000e+00,0.000000000000000000e+00
1.000000000000000000e+00,9.837550935360165338e-01,9.984481334686279297e-01,1.000000000000000000e+00,1.000000000000000000e+00
0.000000000000000000e+00,5.167735419455762869e-02,1.191037818789482117e-01,0.000000000000000000e+00,0.000000000000000000e+00
0.000000000000000000e+00,3.444677048925352640e-03,3.968125020037405193e-05,0.000000000000000000e+00,0.000000000000000000e+00
1.000000000000000000e+00,9.253784167870486854e-01,9.650332927703857422e-01,1.000000000000000000e+00,1.000000000000000000e+00
0.000000000000000000e+00,2.817510691909881019e-03,4.343120090197771788e-04,0.000000000000000000e+00,0.000000000000000000e+00
1.000000000000000000e+00,6.220578398585367708e-02,8.333902806043624878e-02,0.000000000000000000e+00,0.000000000000000000e+00
1.000000000000000000e+00,8.914053648193809298e-01,9.755486249923706055e-01,1.000000000000000000e+00,1.000000000000000000e+00
0.000000000000000000e+00,5.884980367962563789e-03,1.700808352325111628e-04,0.000000000000000000e+00,0.000000000000000000e+00
1.000000000000000000e+00,9.980137878279587982e-01,9.998978376388549805e-01,1.000000000000000000e+00,1.000000000000000000e+00
1.000000000000000000e+00,2.986285568756381625e-01,4.418660700321197510e-01,0.000000000000000000e+00,0.000000000000000000e+00
1.000000000000000000e+00,9.649062517060166266e-01,9.747683405876159668e-01,1.000000000000000000e+00,1.000000000000000000e+00
0.000000000000000000e+00,1.355036112294605473e-02,1.102950423955917358e-03,0.000000000000000000e+00,0.000000000000000000e+00
0.000000000000000000e+00,1.927142648493092303e-02,5.391267593950033188e-03,0.000000000000000000e+00,0.000000000000000000e+00
1.000000000000000000e+00,8.700891986196853667e-01,9.913399815559387207e-01,1.000000000000000000e+00,1.000000000000000000e+00
1.000000000000000000e+00,8.980370059414677364e-01,9.304202795028686523e-01,1.000000000000000000e+00,1.000000000000000000e+00
1.000000000000000000e+00,9.979367715095661673e-01,9.999413490295410156e-01,1.000000000000000000e+00,1.000000000000000000e+00
1.000000000000000000e+00,4.530799519123983321e-02,2.251724712550640106e-02,0.000000000000000000e+00,0.000000000000000000e+00
0.000000000000000000e+00,5.533394161393799873e-03,4.853142600040882826e-04,0.000000000000000000e+00,0.000000000000000000e+00
0.000000000000000000e+00,2.078725972258118823e-02,5.677109118551015854e-03,0.000000000000000000e+00,0.000000000000000000e+00
1.000000000000000000e+00,8.844802572243194438e-01,9.115647673606872559e-01,1.000000000000000000e+00,1.000000000000000000e+00
0.000000000000000000e+00,2.334911756939466176e-01,1.072021201252937317e-01,0.000000000000000000e+00,0.000000000000000000e+00
1.000000000000000000e+00,5.663380917009808169e-01,6.740680336952209473e-01,1.000000000000000000e+00,1.000000000000000000e+00
1.000000000000000000e+00,9.621963131518743717e-01,9.815964102745056152e-01,1.000000000000000000e+00,1.000000000000000000e+00
1.000000000000000000e+00,9.942508822948094016e-01,9.979666471481323242e-01,1.000000000000000000e+00,1.000000000000000000e+00
0.000000000000000000e+00,2.285701133226852953e-03,5.255104406387545168e-05,0.000000000000000000e+00,0.000000000000000000e+00
0.000000000000000000e+00,8.750341462950426974e-02,3.490137308835983276e-02,0.000000000000000000e+00,0.000000000000000000e+00
1.000000000000000000e+00,9.375908788791157411e-01,9.985285997390747070e-01,1.000000000000000000e+00,1.000000000000000000e+00
0.000000000000000000e+00,2.727028108181630064e-02,4.106043372303247452e-03,0.000000000000000000e+00,0.000000000000000000e+00
0.000000000000000000e+00,7.912358863511905621e-03,4.986684652976691723e-04,0.000000000000000000e+00,0.000000000000000000e+00
1.000000000000000000e+00,9.977901625991199008e-01,9.999589920043945312e-01,1.000000000000000000e+00,1.000000000000000000e+00
1.000000000000000000e+00,9.749955322854454431e-01,9.968805313110351562e-01,1.000000000000000000e+00,1.000000000000000000e+00
0.000000000000000000e+00,4.873681017857871799e-03,6.703374092467129230e-04,0.000000000000000000e+00,0.000000000000000000e+00
0.000000000000000000e+00,2.375686493096360302e-03,1.053118146955966949e-03,0.000000000000000000e+00,0.000000000000000000e+00
0.000000000000000000e+00,6.156339692118335122e-02,3.209229093044996262e-03,0.000000000000000000e+00,0.000000000000000000e+00
0.000000000000000000e+00,3.069238659210704427e-03,4.048495029564946890e-04,0.000000000000000000e+00,0.000000000000000000e+00
1.000000000000000000e+00,9.907884660171069058e-01,9.975429773330688477e-01,1.000000000000000000e+00,1.000000000000000000e+00
0.000000000000000000e+00,4.124877394611726859e-03,1.359402202069759369e-03,0.000000000000000000e+00,0.000000000000000000e+00
0.000000000000000000e+00,1.713295775516881494e-03,1.999282540054991841e-04,0.000000000000000000e+00,0.000000000000000000e+00
1.000000000000000000e+00,9.875758712738481604e-01,9.984007477760314941e-01,1.000000000000000000e+00,1.000000000000000000e+00
0.000000000000000000e+00,7.736338392497377203e-02,6.495903246104717255e-03,0.000000000000000000e+00,0.000000000000000000e+00
1.000000000000000000e+00,8.136650992418826833e-01,8.940021395683288574e-01,1.000000000000000000e+00,1.000000000000000000e+00
0.000000000000000000e+00,3.537426188626019950e-03,5.838894867338240147e-04,0.000000000000000000e+00,0.000000000000000000e+00
1.000000000000000000e+00,9.799675835706385119e-01,9.931122660636901855e-01,1.000000000000000000e+00,1.000000000000000000e+00
1.000000000000000000e+00,9.944716407338562991e-01,9.993309974670410156e-01,1.000000000000000000e+00,1.000000000000000000e+00
1.000000000000000000e+00,9.511327249453056520e-01,9.958848357200622559e-01,1.000000000000000000e+00,1.000000000000000000e+00
1.000000000000000000e+00,9.831204051220997497e-01,9.986202716827392578e-01,1.000000000000000000e+00,1.000000000000000000e+00
1.000000000000000000e+00,9.148950500635091299e-01,9.942349791526794434e-01,1.000000000000000000e+00,1.000000000000000000e+00
0.000000000000000000e+00,2.466672747424379815e-03,1.845382357714697719e-04,0.000000000000000000e+00,0.000000000000000000e+00
1.000000000000000000e+00,9.818567073214823360e-01,9.981150627136230469e-01,1.000000000000000000e+00,1.000000000000000000e+00
0.000000000000000000e+00,1.643357180156319042e-01,3.637202084064483643e-01,0.000000000000000000e+00,0.000000000000000000e+00
0.000000000000000000e+00,1.364556090269001100e-03,1.884291414171457291e-04,0.000000000000000000e+00,0.000000000000000000e+00
0.000000000000000000e+00,7.034374904532597617e-01,6.803380846977233887e-01,1.000000000000000000e+00,1.000000000000000000e+00
1.000000000000000000e+00,9.905427658611237751e-01,9.991537332534790039e-01,1.000000000000000000e+00,1.000000000000000000e+00
1.000000000000000000e+00,1.588616599366926216e-02,3.680442227050662041e-03,0.000000000000000000e+00,0.000000000000000000e+00
0.000000000000000000e+00,1.249349206251285510e-01,1.500910054892301559e-02,0.000000000000000000e+00,0.000000000000000000e+00
0.000000000000000000e+00,8.619304161101883077e-02,4.475405812263488770e-02,0.000000000000000000e+00,0.000000000000000000e+00
1.000000000000000000e+00,9.975087544284569896e-01,9.999783039093017578e-01,1.000000000000000000e+00,1.000000000000000000e+00
1.000000000000000000e+00,9.654485763366420503e-01,9.993067979812622070e-01,1.000000000000000000e+00,1.000000000000000000e+00
1.000000000000000000e+00,9.865151401287977073e-01,9.940574169158935547e-01,1.000000000000000000e+00,1.000000000000000000e+00
1.000000000000000000e+00,9.839067988687117960e-01,9.974871873855590820e-01,1.000000000000000000e+00,1.000000000000000000e+00
0.000000000000000000e+00,1.559069568190385273e-02,1.192688476294279099e-02,0.000000000000000000e+00,0.000000000000000000e+00
0.000000000000000000e+00,8.626561987489989036e-02,2.365698665380477905e-02,0.000000000000000000e+00,0.000000000000000000e+00
1.000000000000000000e+00,7.599672217856680290e-02,1.447817832231521606e-01,0.000000000000000000e+00,0.000000000000000000e+00
1.000000000000000000e+00,8.124036291509594276e-01,8.169407844543457031e-01,1.000000000000000000e+00,1.000000000000000000e+00
1.000000000000000000e+00,9.948658632562049631e-01,9.997735619544982910e-01,1.000000000000000000e+00,1.000000000000000000e+00
1.000000000000000000e+00,9.843840333876581195e-01,9.995158910751342773e-01,1.000000000000000000e+00,1.000000000000000000e+00
0.000000000000000000e+00,3.380379446922451153e-02,1.553992740809917450e-03,0.000000000000000000e+00,0.000000000000000000e+00
1.000000000000000000e+00,3.386589349340584087e-01,1.606733351945877075e-01,0.000000000000000000e+00,0.000000000000000000e+00
0.000000000000000000e+00,6.442930636115618004e-03,7.903177756816148758e-04,0.000000000000000000e+00,0.000000000000000000e+00
1.000000000000000000e+00,9.951589581897027914e-01,9.986465573310852051e-01,1.000000000000000000e+00,1.000000000000000000e+00
0.000000000000000000e+00,2.696127651702510952e-03,1.595267676748335361e-04,0.000000000000000000e+00,0.000000000000000000e+00
1.000000000000000000e+00,9.912622120487157851e-01,9.959409236907958984e-01,1.000000000000000000e+00,1.000000000000000000e+00
1.000000000000000000e+00,9.971005939315504829e-01,9.995841383934020996e-01,1.000000000000000000e+00,1.000000000000000000e+00
0.000000000000000000e+00,2.680861644349937217e-03,2.023892157012596726e-04,0.000000000000000000e+00,0.000000000000000000e+00
1.000000000000000000e+00,9.911702873321932561e-01,9.998257756233215332e-01,1.000000000000000000e+00,1.000000000000000000e+00
0.000000000000000000e+00,3.566546899022171591e-02,6.252344697713851929e-03,0.000000000000000000e+00,0.000000000000000000e+00
0.000000000000000000e+00,6.727917712775331738e-02,2.750317379832267761e-02,0.000000000000000000e+00,0.000000000000000000e+00
0.000000000000000000e+00,1.183422888857360231e-02,5.731316050514578819e-04,0.000000000000000000e+00,0.000000000000000000e+00
1.000000000000000000e+00,9.928510315697084421e-01,9.985969662666320801e-01,1.000000000000000000e+00,1.000000000000000000e+00
0.000000000000000000e+00,4.242308910257320230e-03,9.043295867741107941e-04,0.000000000000000000e+00,0.000000000000000000e+00
1.000000000000000000e+00,9.964925485070291744e-01,9.999489784240722656e-01,1.000000000000000000e+00,1.000000000000000000e+00
0.000000000000000000e+00,4.990093886027628135e-03,4.969763685949146748e-04,0.000000000000000000e+00,0.000000000000000000e+00
1.000000000000000000e+00,9.993247356805361470e-01,9.999731779098510742e-01,1.000000000000000000e+00,1.000000000000000000e+00
1.000000000000000000e+00,9.949016891313495758e-01,9.968823194503784180e-01,1.000000000000000000e+00,1.000000000000000000e+00
0.000000000000000000e+00,4.491568163057402252e-03,3.232053131796419621e-04,0.000000000000000000e+00,0.000000000000000000e+00
0.000000000000000000e+00,9.618247956197831759e-04,8.893035555956885219e-05,0.000000000000000000e+00,0.000000000000000000e+00
1.000000000000000000e+00,9.984816570584051920e-01,9.999217987060546875e-01,1.000000000000000000e+00,1.000000000000000000e+00
1.000000000000000000e+00,9.979932964373547932e-01,9.991623163223266602e-01,1.000000000000000000e+00,1.000000000000000000e+00
1.000000000000000000e+00,9.973809676129902213e-01,9.998115897178649902e-01,1.000000000000000000e+00,1.000000000000000000e+00
1.000000000000000000e+00,9.885716181228354493e-01,9.992517828941345215e-01,1.000000000000000000e+00,1.000000000000000000e+00
1.000000000000000000e+00,9.929946504397961782e-01,9.997158646583557129e-01,1.000000000000000000e+00,1.000000000000000000e+00
0.000000000000000000e+00,4.792151881883867717e-03,2.143295132555067539e-04,0.000000000000000000e+00,0.000000000000000000e+00
0.000000000000000000e+00,8.279043188000533363e-03,2.695613540709018707e-03,0.000000000000000000e+00,0.000000000000000000e+00
1.000000000000000000e+00,9.955729377198455632e-01,9.999487400054931641e-01,1.000000000000000000e+00,1.000000000000000000e+00
0.000000000000000000e+00,1.158192945904057830e-01,2.449788749217987061e-01,0.000000000000000000e+00,0.000000000000000000e+00
0.000000000000000000e+00,8.444663414879600982e-03,7.682947907596826553e-04,0.000000000000000000e+00,0.000000000000000000e+00
1.000000000000000000e+00,8.892928816968307393e-01,9.067385196685791016e-01,1.000000000000000000e+00,1.000000000000000000e+00
0.000000000000000000e+00,2.004836595446427353e-02,2.364238258451223373e-03,0.000000000000000000e+00,0.000000000000000000e+00
1.000000000000000000e+00,9.984160402518976740e-01,9.999122619628906250e-01,1.000000000000000000e+00,1.000000000000000000e+00
0.000000000000000000e+00,2.265439998977523701e-03,2.442300028633326292e-04,0.000000000000000000e+00,0.000000000000000000e+00
0.000000000000000000e+00,3.205541918390185374e-02,4.034895449876785278e-03,0.000000000000000000e+00,0.000000000000000000e+00
1.000000000000000000e+00,9.907483591067410833e-01,9.966998696327209473e-01,1.000000000000000000e+00,1.000000000000000000e+00
0.000000000000000000e+00,1.928043187691623819e-02,8.982907049357891083e-03,0.000000000000000000e+00,0.000000000000000000e+00
1.000000000000000000e+00,9.895918990120202707e-01,9.997574687004089355e-01,1.000000000000000000e+00,1.000000000000000000e+00
1.000000000000000000e+00,9.590118896732773290e-01,9.954968690872192383e-01,1.000000000000000000e+00,1.000000000000000000e+00
1.000000000000000000e+00,5.539186321490550124e-01,7.590661048889160156e-01,1.000000000000000000e+00,1.000000000000000000e+00
1.000000000000000000e+00,9.782502273231354906e-01,9.961249232292175293e-01,1.000000000000000000e+00,1.000000000000000000e+00
0.000000000000000000e+00,6.045483880458784806e-03,1.146370850619859993e-04,0.000000000000000000e+00,0.000000000000000000e+00
1.000000000000000000e+00,9.910708394737075544e-01,9.997174143791198730e-01,1.000000000000000000e+00,1.000000000000000000e+00
1.000000000000000000e+00,9.904069028119971696e-01,9.973680377006530762e-01,1.000000000000000000e+00,1.000000000000000000e+00
1.000000000000000000e+00,9.914968549165799061e-01,9.993103742599487305e-01,1.000000000000000000e+00,1.000000000000000000e+00
1.000000000000000000e+00,9.974635720070937905e-01,9.997376799583435059e-01,1.000000000000000000e+00,1.000000000000000000e+00
0.000000000000000000e+00,2.290326200356274620e-03,1.961981761269271374e-04,0.000000000000000000e+00,0.000000000000000000e+00
1.000000000000000000e+00,9.944582651853848265e-01,9.970690608024597168e-01,1.000000000000000000e+00,1.000000000000000000e+00
0.000000000000000000e+00,1.393986038046670858e-02,2.374110044911503792e-03,0.000000000000000000e+00,0.000000000000000000e+00
0.000000000000000000e+00,1.742474513483382170e-01,1.639577932655811310e-02,0.000000000000000000e+00,0.000000000000000000e+00
1.000000000000000000e+00,9.765526926455745382e-01,9.973124265670776367e-01,1.000000000000000000e+00,1.000000000000000000e+00
1.000000000000000000e+00,9.964443278399832682e-01,9.999790191650390625e-01,1.000000000000000000e+00,1.000000000000000000e+00
0.000000000000000000e+00,4.437080941350639990e-02,2.941248379647731781e-02,0.000000000000000000e+00,0.000000000000000000e+00
0.000000000000000000e+00,1.001903576396612552e-02,8.721439517103135586e-04,0.000000000000000000e+00,0.000000000000000000e+00
1.000000000000000000e+00,9.094653839023079112e-01,9.530553221702575684e-01,1.000000000000000000e+00,1.000000000000000000e+00
1.000000000000000000e+00,9.180639315318223082e-01,9.329463839530944824e-01,1.000000000000000000e+00,1.000000000000000000e+00
1.000000000000000000e+00,5.549714531844126553e-01,3.722248077392578125e-01,1.000000000000000000e+00,0.000000000000000000e+00
1.000000000000000000e+00,9.824569353087239110e-01,9.987290501594543457e-01,1.000000000000000000e+00,1.000000000000000000e+00
0.000000000000000000e+00,2.448561698229843875e-03,8.916370279621332884e-05,0.000000000000000000e+00,0.000000000000000000e+00
1.000000000000000000e+00,9.063056105204246871e-01,7.022287845611572266e-01,1.000000000000000000e+00,1.000000000000000000e+00
1.000000000000000000e+00,2.620336255359750344e-01,1.165195778012275696e-01,0.000000000000000000e+00,0.000000000000000000e+00
1.000000000000000000e+00,9.871970800269138646e-01,9.989491105079650879e-01,1.000000000000000000e+00,1.000000000000000000e+00
0.000000000000000000e+00,1.378777996796347327e-01,7.094584405422210693e-02,0.000000000000000000e+00,0.000000000000000000e+00
1.000000000000000000e+00,9.937744768685915497e-01,9.998041987419128418e-01,1.000000000000000000e+00,1.000000000000000000e+00
0.000000000000000000e+00,1.145476176821456048e-02,5.447161383926868439e-04,0.000000000000000000e+00,0.000000000000000000e+00
1.000000000000000000e+00,9.550877186796572493e-01,9.988750815391540527e-01,1.000000000000000000e+00,1.000000000000000000e+00
0.000000000000000000e+00,5.359396819482931812e-03,1.942110829986631870e-03,0.000000000000000000e+00,0.000000000000000000e+00
0.000000000000000000e+00,3.011821670473629770e-03,6.419821293093264103e-04,0.000000000000000000e+00,0.000000000000000000e+00
1.000000000000000000e+00,9.938075044708982730e-01,9.994096755981445312e-01,1.000000000000000000e+00,1.000000000000000000e+00
0.000000000000000000e+00,3.884870182383334900e-03,8.872332400642335415e-04,0.000000000000000000e+00,0.000000000000000000e+00
1.000000000000000000e+00,9.907605690268030951e-01,9.975035786628723145e-01,1.000000000000000000e+00,1.000000000000000000e+00
0.000000000000000000e+00,1.977771540279078810e-02,2.885569352656602859e-03,0.000000000000000000e+00,0.000000000000000000e+00
1.000000000000000000e+00,9.835510297231503385e-01,9.985274076461791992e-01,1.000000000000000000e+00,1.000000000000000000e+00
0.000000000000000000e+00,3.378944006766559371e-01,2.163623422384262085e-01,0.000000000000000000e+00,0.000000000000000000e+00
1.000000000000000000e+00,9.911463484813244351e-01,9.997246861457824707e-01,1.000000000000000000e+00,1.000000000000000000e+00
0.000000000000000000e+00,8.298308484994330186e-03,9.577135206200182438e-04,0.000000000000000000e+00,0.000000000000000000e+00
0.000000000000000000e+00,3.815591640512502533e-03,3.287512809038162231e-04,0.000000000000000000e+00,0.000000000000000000e+00
0.000000000000000000e+00,6.256913946769299129e-02,8.001041598618030548e-03,0.000000000000000000e+00,0.000000000000000000e+00
0.000000000000000000e+00,7.136942201844152789e-02,2.495508408173918724e-03,0.000000000000000000e+00,0.000000000000000000e+00
1.000000000000000000e+00,9.867492438213089079e-01,9.975479245185852051e-01,1.000000000000000000e+00,1.000000000000000000e+00
1.000000000000000000e+00,9.977947799505466620e-01,9.999667406082153320e-01,1.000000000000000000e+00,1.000000000000000000e+00
1.000000000000000000e+00,9.952570300696503836e-01,9.998816251754760742e-01,1.000000000000000000e+00,1.000000000000000000e+00
1.000000000000000000e+00,9.766256980508094543e-01,9.923872947692871094e-01,1.000000000000000000e+00,1.000000000000000000e+00
1.000000000000000000e+00,9.005183942822876375e-01,9.795638918876647949e-01,1.000000000000000000e+00,1.000000000000000000e+00
0.000000000000000000e+00,6.824095500516009355e-03,7.095716428011655807e-03,0.000000000000000000e+00,0.000000000000000000e+00
0.000000000000000000e+00,4.451489802331332624e-01,5.040410161018371582e-01,0.000000000000000000e+00,1.000000000000000000e+00
0.000000000000000000e+00,3.951512131829323926e-02,2.280304441228508949e-03,0.000000000000000000e+00,0.000000000000000000e+00
0.000000000000000000e+00,4.502116744369169185e-03,2.990427310578525066e-04,0.000000000000000000e+00,0.000000000000000000e+00
1.000000000000000000e+00,9.805120214866331896e-01,9.996962547302246094e-01,1.000000000000000000e+00,1.000000000000000000e+00
0.000000000000000000e+00,3.766031144683137412e-03,2.204330958193168044e-04,0.000000000000000000e+00,0.000000000000000000e+00
0.000000000000000000e+00,7.283168241372912563e-03,5.915620131418108940e-04,0.000000000000000000e+00,0.000000000000000000e+00
0.000000000000000000e+00,8.381719090127212612e-02,2.431046217679977417e-02,0.000000000000000000e+00,0.000000000000000000e+00
1.000000000000000000e+00,9.917003200084897330e-01,9.994075298309326172e-01,1.000000000000000000e+00,1.000000000000000000e+00
1.000000000000000000e+00,9.964781072877234580e-01,9.996391534805297852e-01,1.000000000000000000e+00,1.000000000000000000e+00
0.000000000000000000e+00,1.014225196250456845e-01,1.327487677335739136e-01,0.000000000000000000e+00,0.000000000000000000e+00
1.000000000000000000e+00,9.733479151886084146e-01,9.976205229759216309e-01,1.000000000000000000e+00,1.000000000000000000e+00
0.000000000000000000e+00,1.264281062106398512e-01,2.964009530842304230e-03,0.000000000000000000e+00,0.000000000000000000e+00
1.000000000000000000e+00,9.990782457897507962e-01,9.999874830245971680e-01,1.000000000000000000e+00,1.000000000000000000e+00
0.000000000000000000e+00,4.640288601285854665e-03,5.204317276366055012e-04,0.000000000000000000e+00,0.000000000000000000e+00
0.000000000000000000e+00,3.393381485574131773e-02,2.195025328546762466e-03,0.000000000000000000e+00,0.000000000000000000e+00
1.000000000000000000e+00,9.944133541300450574e-01,9.984159469604492188e-01,1.000000000000000000e+00,1.000000000000000000e+00
1.000000000000000000e+00,9.687923373088049850e-01,9.971387386322021484e-01,1.000000000000000000e+00,1.000000000000000000e+00
1.000000000000000000e+00,9.857037793235658985e-01,9.965472817420959473e-01,1.000000000000000000e+00,1.000000000000000000e+00
0.000000000000000000e+00,6.636378173113219141e-03,1.425248454324901104e-03,0.000000000000000000e+00,0.000000000000000000e+00
0.000000000000000000e+00,7.025889612074034257e-03,1.250796194653958082e-04,0.000000000000000000e+00,0.000000000000000000e+00
0.000000000000000000e+00,9.413209533440482224e-02,9.290927089750766754e-03,0.000000000000000000e+00,0.000000000000000000e+00
1.000000000000000000e+00,9.729626492149612282e-01,9.996030926704406738e-01,1.000000000000000000e+00,1.000000000000000000e+00
1.000000000000000000e+00,8.671069443597496651e-01,9.871614575386047363e-01,1.000000000000000000e+00,1.000000000000000000e+00
1.000000000000000000e+00,9.931620661123319316e-01,9.982413053512573242e-01,1.000000000000000000e+00,1.000000000000000000e+00
1.000000000000000000e+00,9.795005189690857428e-01,9.861818552017211914e-01,1.000000000000000000e+00,1.000000000000000000e+00
0.000000000000000000e+00,8.382223987432706191e-03,3.856249677482992411e-04,0.000000000000000000e+00,0.000000000000000000e+00
0.000000000000000000e+00,7.087627326338067357e-01,8.313623070716857910e-01,1.000000000000000000e+00,1.000000000000000000e+00
1.000000000000000000e+00,9.859757900225707417e-01,9.972916245460510254e-01,1.000000000000000000e+00,1.000000000000000000e+00
1.000000000000000000e+00,9.937575834312866174e-01,9.996385574340820312e-01,1.000000000000000000e+00,1.000000000000000000e+00
1.000000000000000000e+00,9.418428921958357236e-01,9.964694976806640625e-01,1.000000000000000000e+00,1.000000000000000000e+00
1.000000000000000000e+00,9.876955167990159046e-01,9.854509830474853516e-01,1.000000000000000000e+00,1.000000000000000000e+00
0.000000000000000000e+00,2.316629467366229222e-03,4.184033605270087719e-05,0.000000000000000000e+00,0.000000000000000000e+00
0.000000000000000000e+00,2.979827865795568395e-02,1.180707104504108429e-02,0.000000000000000000e+00,0.000000000000000000e+00
0.000000000000000000e+00,2.188877364182222236e-03,9.115531429415568709e-05,0.000000000000000000e+00,0.000000000000000000e+00
1.000000000000000000e+00,9.789556870117168685e-01,9.995286464691162109e-01,1.000000000000000000e+00,1.000000000000000000e+00
0.000000000000000000e+00,7.331346553765027974e-01,7.636406421661376953e-01,1.000000000000000000e+00,1.000000000000000000e+00
1.000000000000000000e+00,9.966604783054271444e-01,9.999340772628784180e-01,1.000000000000000000e+00,1.000000000000000000e+00
1.000000000000000000e+00,9.992134869247457640e-01,9.999980926513671875e-01,1.000000000000000000e+00,1.000000000000000000e+00
1.000000000000000000e+00,6.215737849261316894e-01,5.803151130676269531e-01,1.000000000000000000e+00,1.000000000000000000e+00
0.000000000000000000e+00,1.208977260870605468e-02,1.022026315331459045e-02,0.000000000000000000e+00,0.000000000000000000e+00
0.000000000000000000e+00,2.236300313179965995e-03,2.244690113002434373e-04,0.000000000000000000e+00,0.000000000000000000e+00
1.000000000000000000e+00,9.832412372748193796e-01,9.973751306533813477e-01,1.000000000000000000e+00,1.000000000000000000e+00
0.000000000000000000e+00,1.046647919972457617e-02,3.813668154180049896e-04,0.000000000000000000e+00,0.000000000000000000e+00
0.000000000000000000e+00,8.947968789617524732e-03,2.720253076404333115e-03,0.000000000000000000e+00,0.000000000000000000e+00
0.000000000000000000e+00,1.676784549309253136e-01,1.077668070793151855e-01,0.000000000000000000e+00,0.000000000000000000e+00
1.000000000000000000e+00,9.965515631768396831e-01,9.998309612274169922e-01,1.000000000000000000e+00,1.000000000000000000e+00
0.000000000000000000e+00,1.327088275582196178e-02,1.261200872249901295e-03,0.000000000000000000e+00,0.000000000000000000e+00
1.000000000000000000e+00,9.512354754249390254e-01,9.823761582374572754e-01,1.000000000000000000e+00,1.000000000000000000e+00
0.000000000000000000e+00,9.588432395691982579e-01,9.686037302017211914e-01,1.000000000000000000e+00,1.000000000000000000e+00
1.000000000000000000e+00,9.021496364350626296e-01,8.987011909484863281e-01,1.000000000000000000e+00,1.000000000000000000e+00
0.000000000000000000e+00,1.477539731785151855e-02,1.457854872569441795e-03,0.000000000000000000e+00,0.000000000000000000e+00
0.000000000000000000e+00,8.894800844299331419e-03,2.902931009884923697e-04,0.000000000000000000e+00,0.000000000000000000e+00
1.000000000000000000e+00,9.730399576879857904e-01,9.934784173965454102e-01,1.000000000000000000e+00,1.000000000000000000e+00
0.000000000000000000e+00,2.947929785418695967e-03,1.777366560418158770e-04,0.000000000000000000e+00,0.000000000000000000e+00
1.000000000000000000e+00,9.965177985851977338e-01,9.996725320816040039e-01,1.000000000000000000e+00,1.000000000000000000e+00
1.000000000000000000e+00,9.937961551004221850e-01,9.998910427093505859e-01,1.000000000000000000e+00,1.000000000000000000e+00
0.000000000000000000e+00,7.843721990874125485e-03,1.331114763161167502e-04,0.000000000000000000e+00,0.000000000000000000e+00
1.000000000000000000e+00,9.365240479885738045e-01,9.648539423942565918e-01,1.000000000000000000e+00,1.000000000000000000e+00
1.000000000000000000e+00,9.987594696964190444e-01,9.999866485595703125e-01,1.000000000000000000e+00,1.000000000000000000e+00
1.000000000000000000e+00,9.780163176595244590e-01,9.987223744392395020e-01,1.000000000000000000e+00,1.000000000000000000e+00
0.000000000000000000e+00,3.297501594868707236e-03,3.073404950555413961e-04,0.000000000000000000e+00,0.000000000000000000e+00
1.000000000000000000e+00,9.980491081189042379e-01,9.997302889823913574e-01,1.000000000000000000e+00,1.000000000000000000e+00
1.000000000000000000e+00,9.977219869011871856e-01,9.999688863754272461e-01,1.000000000000000000e+00,1.000000000000000000e+00
1.000000000000000000e+00,9.924947638040907405e-01,9.987177848815917969e-01,1.000000000000000000e+00,1.000000000000000000e+00
0.000000000000000000e+00,3.333148128747699321e-03,4.813509294763207436e-04,0.000000000000000000e+00,0.000000000000000000e+00
1.000000000000000000e+00,9.931798249143098944e-01,9.999397993087768555e-01,1.000000000000000000e+00,1.000000000000000000e+00
1.000000000000000000e+00,9.884767791035571349e-01,9.991390705108642578e-01,1.000000000000000000e+00,1.000000000000000000e+00
1.000000000000000000e+00,9.936161187285610374e-01,9.924208521842956543e-01,1.000000000000000000e+00,1.000000000000000000e+00
0.000000000000000000e+00,3.511126512873893879e-02,2.743865735828876495e-02,0.000000000000000000e+00,0.000000000000000000e+00
0.000000000000000000e+00,5.620080618968644956e-03,1.469621347496286035e-04,0.000000000000000000e+00,0.000000000000000000e+00
1.000000000000000000e+00,7.853420230010177416e-01,9.687438607215881348e-01,1.000000000000000000e+00,1.000000000000000000e+00
1.000000000000000000e+00,9.962884640266954639e-01,9.999200105667114258e-01,1.000000000000000000e+00,1.000000000000000000e+00
1.000000000000000000e+00,9.848896678843744867e-01,9.959204196929931641e-01,1.000000000000000000e+00,1.000000000000000000e+00
0.000000000000000000e+00,2.078993591999033982e-02,8.027511648833751678e-04,0.000000000000000000e+00,0.000000000000000000e+00
0.000000000000000000e+00,2.667671030299215151e-02,1.511807204224169254e-03,0.000000000000000000e+00,0.000000000000000000e+00
1.000000000000000000e+00,9.958936581776421937e-01,9.999115467071533203e-01,1.000000000000000000e+00,1.000000000000000000e+00
0.000000000000000000e+00,2.670135579637360895e-02,4.875470185652375221e-04,0.000000000000000000e+00,0.000000000000000000e+00
0.000000000000000000e+00,5.286505127986006712e-03,6.566522060893476009e-04,0.000000000000000000e+00,0.000000000000000000e+00
1.000000000000000000e+00,8.965265844239427295e-01,9.894459843635559082e-01,1.000000000000000000e+00,1.000000000000000000e+00
0.000000000000000000e+00,4.106758928570813406e-04,9.979868082155007869e-06,0.000000000000000000e+00,0.000000000000000000e+00
0.000000000000000000e+00,3.332932354678563684e-03,4.232300270814448595e-04,0.000000000000000000e+00,0.000000000000000000e+00
1.000000000000000000e+00,9.262492810323875725e-01,9.976614713668823242e-01,1.000000000000000000e+00,1.000000000000000000e+00
1.000000000000000000e+00,9.484023106351295862e-01,9.956123828887939453e-01,1.000000000000000000e+00,1.000000000000000000e+00
1.000000000000000000e+00,8.521272697031448962e-01,8.968963623046875000e-01,1.000000000000000000e+00,1.000000000000000000e+00
1.000000000000000000e+00,9.950332551951691640e-01,9.998794794082641602e-01,1.000000000000000000e+00,1.000000000000000000e+00
1.000000000000000000e+00,6.363779000079855530e-01,6.334959864616394043e-01,1.000000000000000000e+00,1.000000000000000000e+00
1.000000000000000000e+00,6.765370403657485765e-01,9.166260957717895508e-01,1.000000000000000000e+00,1.000000000000000000e+00
1.000000000000000000e+00,9.924024463986669264e-01,9.961466789245605469e-01,1.000000000000000000e+00,1.000000000000000000e+00
1.000000000000000000e+00,9.796718845005825127e-01,9.915404915809631348e-01,1.000000000000000000e+00,1.000000000000000000e+00
1.000000000000000000e+00,9.992517728309976421e-01,9.999573230743408203e-01,1.000000000000000000e+00,1.000000000000000000e+00
0.000000000000000000e+00,1.138062874487185405e-01,1.155142262578010559e-01,0.000000000000000000e+00,0.000000000000000000e+00
1.000000000000000000e+00,9.866940756419294578e-01,9.985489249229431152e-01,1.000000000000000000e+00,1.000000000000000000e+00
1.000000000000000000e+00,9.868702983349800784e-01,9.987867474555969238e-01,1.000000000000000000e+00,1.000000000000000000e+00
1.000000000000000000e+00,9.938051014001223482e-01,9.998772144317626953e-01,1.000000000000000000e+00,1.000000000000000000e+00
1.000000000000000000e+00,9.741162463133313798e-01,9.977995753288269043e-01,1.000000000000000000e+00,1.000000000000000000e+00
0.000000000000000000e+00,1.314660719427862903e-02,5.561938160099089146e-04,0.000000000000000000e+00,0.000000000000000000e+00
1.000000000000000000e+00,9.746375256376803575e-01,9.977697134017944336e-01,1.000000000000000000e+00,1.000000000000000000e+00
0.000000000000000000e+00,1.939292722864874308e-02,3.529205569066107273e-04,0.000000000000000000e+00,0.000000000000000000e+00
1.000000000000000000e+00,9.956493233442279545e-01,9.997985959053039551e-01,1.000000000000000000e+00,1.000000000000000000e+00
0.000000000000000000e+00,7.676201276115448766e-03,1.765449298545718193e-03,0.000000000000000000e+00,0.000000000000000000e+00
0.000000000000000000e+00,5.497603847237163451e-03,2.136000664904713631e-03,0.000000000000000000e+00,0.000000000000000000e+00
0.000000000000000000e+00,3.537688116979984931e-03,1.336670538876205683e-04,0.000000000000000000e+00,0.000000000000000000e+00
1.000000000000000000e+00,9.980796928266331136e-01,9.998759031295776367e-01,1.000000000000000000e+00,1.000000000000000000e+00
1.000000000000000000e+00,9.705627330128865360e-01,9.945887327194213867e-01,1.000000000000000000e+00,1.000000000000000000e+00
1.000000000000000000e+00,9.972578912888017122e-01,9.992565512657165527e-01,1.000000000000000000e+00,1.000000000000000000e+00
1.000000000000000000e+00,9.963968530554223602e-01,9.996978044509887695e-01,1.000000000000000000e+00,1.000000000000000000e+00
1.000000000000000000e+00,9.442932857755220732e-01,9.646675586700439453e-01,1.000000000000000000e+00,1.000000000000000000e+00
0.000000000000000000e+00,2.736978398201356591e-02,2.270020544528961182e-03,0.000000000000000000e+00,0.000000000000000000e+00
0.000000000000000000e+00,9.593972028479666458e-02,7.969380170106887817e-02,0.000000000000000000e+00,0.000000000000000000e+00
0.000000000000000000e+00,1.260657248987527524e-03,1.794939016690477729e-04,0.000000000000000000e+00,0.000000000000000000e+00
1.000000000000000000e+00,9.947367764312322613e-01,9.998255372047424316e-01,1.000000000000000000e+00,1.000000000000000000e+00
0.000000000000000000e+00,4.752353406161843874e-02,1.997885294258594513e-02,0.000000000000000000e+00,0.000000000000000000e+00
1.000000000000000000e+00,9.904212239868743772e-01,9.995115995407104492e-01,1.000000000000000000e+00,1.000000000000000000e+00
0.000000000000000000e+00,6.488216730986764436e-01,3.513106703758239746e-01,1.000000000000000000e+00,0.000000000000000000e+00
1.000000000000000000e+00,8.981619767588959746e-01,9.626491069793701172e-01,1.000000000000000000e+00,1.000000000000000000e+00
0.000000000000000000e+00,3.721189378622272864e-02,1.864596037194132805e-03,0.000000000000000000e+00,0.000000000000000000e+00
0.000000000000000000e+00,1.951179978518528119e-02,2.704053884372115135e-03,0.000000000000000000e+00,0.000000000000000000e+00
1.000000000000000000e+00,9.664276709144042909e-01,9.647506475448608398e-01,1.000000000000000000e+00,1.000000000000000000e+00
1.000000000000000000e+00,9.971893137230822823e-01,9.996691942214965820e-01,1.000000000000000000e+00,1.000000000000000000e+00
0.000000000000000000e+00,2.816365298165458483e-02,2.917907014489173889e-02,0.000000000000000000e+00,0.000000000000000000e+00
0.000000000000000000e+00,8.095225483998652952e-03,1.050094608217477798e-03,0.000000000000000000e+00,0.000000000000000000e+00
0.000000000000000000e+00,2.608036313508456105e-01,1.449238061904907227e-01,0.000000000000000000e+00,0.000000000000000000e+00
0.000000000000000000e+00,1.519935821836710874e-02,2.695746952667832375e-03,0.000000000000000000e+00,0.000000000000000000e+00
1.000000000000000000e+00,9.553797061551259073e-01,9.581452012062072754e-01,1.000000000000000000e+00,1.000000000000000000e+00
0.000000000000000000e+00,3.507826360966975754e-02,2.721900353208184242e-03,0.000000000000000000e+00,0.000000000000000000e+00
1.000000000000000000e+00,9.902024842723073927e-01,9.994907379150390625e-01,1.000000000000000000e+00,1.000000000000000000e+00
1.000000000000000000e+00,9.956574682658000386e-01,9.997845292091369629e-01,1.000000000000000000e+00,1.000000000000000000e+00
1.000000000000000000e+00,9.868721807401925616e-01,9.997799992561340332e-01,1.000000000000000000e+00,1.000000000000000000e+00
0.000000000000000000e+00,3.805878701305662193e-02,1.710132509469985962e-02,0.000000000000000000e+00,0.000000000000000000e+00
1.000000000000000000e+00,9.818082831835130975e-01,9.936740398406982422e-01,1.000000000000000000e+00,1.000000000000000000e+00
1.000000000000000000e+00,9.922510024734741974e-01,9.984859824180603027e-01,1.000000000000000000e+00,1.000000000000000000e+00
0.000000000000000000e+00,2.073050236364284635e-02,2.758875023573637009e-03,0.000000000000000000e+00,0.000000000000000000e+00
1.000000000000000000e+00,9.974805129783848034e-01,9.996115565299987793e-01,1.000000000000000000e+00,1.000000000000000000e+00
0.000000000000000000e+00,1.028147693232670835e-02,2.551091834902763367e-03,0.000000000000000000e+00,0.000000000000000000e+00
1.000000000000000000e+00,9.824626813148420457e-01,9.991846680641174316e-01,1.000000000000000000e+00,1.000000000000000000e+00
0.000000000000000000e+00,2.061753965550221744e-03,5.558266639127396047e-05,0.000000000000000000e+00,0.000000000000000000e+00
1.000000000000000000e+00,9.823968522847844609e-01,9.958767890930175781e-01,1.000000000000000000e+00,1.000000000000000000e+00
1.000000000000000000e+00,9.903491697871623645e-01,9.972909092903137207e-01,1.000000000000000000e+00,1.000000000000000000e+00
1.000000000000000000e+00,9.968870114652560455e-01,9.999849796295166016e-01,1.000000000000000000e+00,1.000000000000000000e+00
1.000000000000000000e+00,9.461521458359920533e-01,9.249405860900878906e-01,1.000000000000000000e+00,1.000000000000000000e+00
0.000000000000000000e+00,4.293616893045690969e-02,2.904567401856184006e-03,0.000000000000000000e+00,0.000000000000000000e+00
0.000000000000000000e+00,2.041972218144879822e-02,4.934902768582105637e-03,0.000000000000000000e+00,0.000000000000000000e+00
1.000000000000000000e+00,9.639761549577222643e-01,9.997321963310241699e-01,1.000000000000000000e+00,1.000000000000000000e+00
0.000000000000000000e+00,6.096825291579007627e-03,7.698697736486792564e-04,0.000000000000000000e+00,0.000000000000000000e+00
1.000000000000000000e+00,9.971121925500862071e-01,9.999625682830810547e-01,1.000000000000000000e+00,1.000000000000000000e+00
1.000000000000000000e+00,9.315537467899146495e-01,9.616707563400268555e-01,1.000000000000000000e+00,1.000000000000000000e+00
1.000000000000000000e+00,9.992706951821177519e-01,9.999923706054687500e-01,1.000000000000000000e+00,1.000000000000000000e+00
0.000000000000000000e+00,4.306601999363522670e-03,2.345422544749453664e-04,0.000000000000000000e+00,0.000000000000000000e+00
0.000000000000000000e+00,2.577660405903615254e-02,1.409481745213270187e-03,0.000000000000000000e+00,0.000000000000000000e+00
0.000000000000000000e+00,2.308061661941622315e-03,1.606228994205594063e-03,0.000000000000000000e+00,0.000000000000000000e+00
1.000000000000000000e+00,9.495913302651686205e-01,9.934765696525573730e-01,1.000000000000000000e+00,1.000000000000000000e+00
0.000000000000000000e+00,1.227891505575007041e-03,1.507959968876093626e-04,0.000000000000000000e+00,0.000000000000000000e+00
0.000000000000000000e+00,1.357811759881969935e-02,8.723242790438234806e-04,0.000000000000000000e+00,0.000000000000000000e+00
1.000000000000000000e+00,9.472482232727379436e-01,9.952994585037231445e-01,1.000000000000000000e+00,1.000000000000000000e+00
0.000000000000000000e+00,1.140072164648617877e-03,4.590687967720441520e-05,0.000000000000000000e+00,0.000000000000000000e+00
0.000000000000000000e+00,7.503753175402395892e-02,2.651956118643283844e-02,0.000000000000000000e+00,0.000000000000000000e+00
0.000000000000000000e+00,5.132169438217275628e-03,4.631939518731087446e-04,0.000000000000000000e+00,0.000000000000000000e+00
0.000000000000000000e+00,7.421134067411421301e-03,7.336756680160760880e-04,0.000000000000000000e+00,0.000000000000000000e+00
1.000000000000000000e+00,5.718351703057219515e-01,8.398501276969909668e-01,1.000000000000000000e+00,1.000000000000000000e+00
1.000000000000000000e+00,9.906926384383722972e-01,9.995059967041015625e-01,1.000000000000000000e+00,1.000000000000000000e+00
0.000000000000000000e+00,5.387484875935959726e-03,5.408404394984245300e-04,0.000000000000000000e+00,0.000000000000000000e+00
0.000000000000000000e+00,2.881176637837287724e-01,2.583152353763580322e-01,0.000000000000000000e+00,0.000000000000000000e+00
0.000000000000000000e+00,4.471981577869633961e-03,7.109619909897446632e-04,0.000000000000000000e+00,0.000000000000000000e+00
0.000000000000000000e+00,4.043412146516101729e-02,3.276562551036477089e-03,0.000000000000000000e+00,0.000000000000000000e+00
1.000000000000000000e+00,9.754090903122406564e-01,9.990075230598449707e-01,1.000000000000000000e+00,1.000000000000000000e+00
0.000000000000000000e+00,2.580447722051912307e-01,2.708645761013031006e-01,0.000000000000000000e+00,0.000000000000000000e+00
0.000000000000000000e+00,5.032540289444495940e-01,3.660689592361450195e-01,1.000000000000000000e+00,0.000000000000000000e+00
0.000000000000000000e+00,5.691961784387023632e-02,1.590757071971893311e-02,0.000000000000000000e+00,0.000000000000000000e+00
0.000000000000000000e+00,2.879454169192929847e-01,1.790757626295089722e-01,0.000000000000000000e+00,0.000000000000000000e+00
0.000000000000000000e+00,2.314348142991353927e-02,2.716460265219211578e-03,0.000000000000000000e+00,0.000000000000000000e+00
1.000000000000000000e+00,9.730014910446399545e-01,9.963891506195068359e-01,1.000000000000000000e+00,1.000000000000000000e+00
1.000000000000000000e+00,8.845324435899936111e-01,8.833397626876831055e-01,1.000000000000000000e+00,1.000000000000000000e+00
1.000000000000000000e+00,9.944432218200693896e-01,9.997525811195373535e-01,1.000000000000000000e+00,1.000000000000000000e+00
1.000000000000000000e+00,8.892394329556081445e-01,9.661089181900024414e-01,1.000000000000000000e+00,1.000000000000000000e+00
1.000000000000000000e+00,9.657111699548420747e-01,9.967951178550720215e-01,1.000000000000000000e+00,1.000000000000000000e+00
1.000000000000000000e+00,9.804377037603692058e-01,9.994245767593383789e-01,1.000000000000000000e+00,1.000000000000000000e+00
0.000000000000000000e+00,3.875935067404944964e-03,3.050341038033366203e-04,0.000000000000000000e+00,0.000000000000000000e+00
0.000000000000000000e+00,1.488889475316454783e-02,4.175585054326802492e-04,0.000000000000000000e+00,0.000000000000000000e+00
1.000000000000000000e+00,9.817424283372526705e-01,9.982049465179443359e-01,1.000000000000000000e+00,1.000000000000000000e+00
1.000000000000000000e+00,9.835957451750975133e-01,9.970101118087768555e-01,1.000000000000000000e+00,1.000000000000000000e+00
0.000000000000000000e+00,1.068549052164673337e-02,7.486843038350343704e-03,0.000000000000000000e+00,0.000000000000000000e+00
1.000000000000000000e+00,4.713975433917869662e-01,6.194723248481750488e-01,0.000000000000000000e+00,1.000000000000000000e+00
0.000000000000000000e+00,1.286193971202806707e-01,1.048826985061168671e-02,0.000000000000000000e+00,0.000000000000000000e+00
0.000000000000000000e+00,1.810070667842320624e-01,3.501204028725624084e-02,0.000000000000000000e+00,0.000000000000000000e+00
0.000000000000000000e+00,1.663208464533897681e-03,1.331799139734357595e-04,0.000000000000000000e+00,0.000000000000000000e+00
1.000000000000000000e+00,9.197725113366733707e-01,9.361902475357055664e-01,1.000000000000000000e+00,1.000000000000000000e+00
1.000000000000000000e+00,4.311238444919089918e-01,8.555238246917724609e-01,0.000000000000000000e+00,1.000000000000000000e+00
0.000000000000000000e+00,1.230816766454776237e-02,1.272162771783769131e-03,0.000000000000000000e+00,0.000000000000000000e+00
1.000000000000000000e+00,8.464011854086895825e-01,1.827923208475112915e-01,1.000000000000000000e+00,0.000000000000000000e+00
1.000000000000000000e+00,9.821738653495578619e-01,9.933176040649414062e-01,1.000000000000000000e+00,1.000000000000000000e+00
1.000000000000000000e+00,9.200792557039377817e-01,9.896346926689147949e-01,1.000000000000000000e+00,1.000000000000000000e+00
1.000000000000000000e+00,9.822113665201276378e-01,9.869450926780700684e-01,1.000000000000000000e+00,1.000000000000000000e+00
0.000000000000000000e+00,8.412099092540500922e-02,1.432083360850811005e-02,0.000000000000000000e+00,0.000000000000000000e+00
0.000000000000000000e+00,8.012245832672802714e-02,1.635252498090267181e-02,0.000000000000000000e+00,0.000000000000000000e+00
1.000000000000000000e+00,9.879537431215604792e-01,9.971941709518432617e-01,1.000000000000000000e+00,1.000000000000000000e+00
0.000000000000000000e+00,1.706681998839987280e-01,1.337501853704452515e-01,0.000000000000000000e+00,0.000000000000000000e+00
1.000000000000000000e+00,9.955998422546373794e-01,9.998007416725158691e-01,1.000000000000000000e+00,1.000000000000000000e+00
0.000000000000000000e+00,2.722371903307880224e-03,1.833819551393389702e-04,0.000000000000000000e+00,0.000000000000000000e+00
0.000000000000000000e+00,1.483249589295739523e-01,1.148277986794710159e-02,0.000000000000000000e+00,0.000000000000000000e+00
0.000000000000000000e+00,2.806716096379764745e-03,1.987507857847958803e-04,0.000000000000000000e+00,0.000000000000000000e+00
1.000000000000000000e+00,9.858142939604425115e-01,9.895133376121520996e-01,1.000000000000000000e+00,1.000000000000000000e+00
0.000000000000000000e+00,1.223521664609786112e-02,3.974167047999799252e-04,0.000000000000000000e+00,0.000000000000000000e+00
1.000000000000000000e+00,9.956997458715193261e-01,9.998626708984375000e-01,1.000000000000000000e+00,1.000000000000000000e+00
0.000000000000000000e+00,7.929123208617262775e-02,1.665347069501876831e-02,0.000000000000000000e+00,0.000000000000000000e+00
1.000000000000000000e+00,9.977660230429067356e-01,9.998621940612792969e-01,1.000000000000000000e+00,1.000000000000000000e+00
0.000000000000000000e+00,2.987809223114583791e-03,3.137034946121275425e-04,0.000000000000000000e+00,0.000000000000000000e+00
1.000000000000000000e+00,3.378547812554453245e-01,4.178421795368194580e-01,0.000000000000000000e+00,0.000000000000000000e+00
1.000000000000000000e+00,1.038168251099222117e-01,1.449965983629226685e-01,0.000000000000000000e+00,0.000000000000000000e+00
1.000000000000000000e+00,9.926212967216617722e-01,9.988611936569213867e-01,1.000000000000000000e+00,1.000000000000000000e+00
1.000000000000000000e+00,9.887654908769404338e-01,9.997407793998718262e-01,1.000000000000000000e+00,1.000000000000000000e+00
0.000000000000000000e+00,1.575509358123998666e-03,1.937088381964713335e-04,0.000000000000000000e+00,0.000000000000000000e+00
1.000000000000000000e+00,9.853035957772708908e-01,9.987982511520385742e-01,1.000000000000000000e+00,1.000000000000000000e+00
0.000000000000000000e+00,1.030431691150855700e-02,2.686838852241635323e-03,0.000000000000000000e+00,0.000000000000000000e+00
1.000000000000000000e+00,9.286961557953286039e-01,9.903733730316162109e-01,1.000000000000000000e+00,1.000000000000000000e+00
0.000000000000000000e+00,2.099374814219354818e-02,1.025742758065462112e-02,0.000000000000000000e+00,0.000000000000000000e+00
0.000000000000000000e+00,2.361070255043594759e-02,3.837041091173887253e-03,0.000000000000000000e+00,0.000000000000000000e+00
0.000000000000000000e+00,2.594697026687714514e-01,7.381899654865264893e-02,0.000000000000000000e+00,0.000000000000000000e+00
1.000000000000000000e+00,9.869206367652132439e-01,9.954488873481750488e-01,1.000000000000000000e+00,1.000000000000000000e+00
0.000000000000000000e+00,7.104439881053132948e-03,1.556372386403381824e-03,0.000000000000000000e+00,0.000000000000000000e+00
0.000000000000000000e+00,1.012390809222105670e-01,2.161058336496353149e-01,0.000000000000000000e+00,0.000000000000000000e+00
0.000000000000000000e+00,2.913384178745849137e-02,4.466055892407894135e-03,0.000000000000000000e+00,0.000000000000000000e+00
1.000000000000000000e+00,9.989620220843437037e-01,9.999561309814453125e-01,1.000000000000000000e+00,1.000000000000000000e+00
1.000000000000000000e+00,9.608325358795782867e-01,9.992874264717102051e-01,1.000000000000000000e+00,1.000000000000000000e+00
0.000000000000000000e+00,2.642838916419350259e-02,3.643971169367432594e-03,0.000000000000000000e+00,0.000000000000000000e+00
1.000000000000000000e+00,9.830251642263446721e-01,9.974294304847717285e-01,1.000000000000000000e+00,1.000000000000000000e+00
1.000000000000000000e+00,8.523137982240299726e-01,9.682548046112060547e-01,1.000000000000000000e+00,1.000000000000000000e+00
0.000000000000000000e+00,5.079121069711384912e-02,1.872910186648368835e-02,0.000000000000000000e+00,0.000000000000000000e+00
1.000000000000000000e+00,9.826613097993175394e-01,9.995433092117309570e-01,1.000000000000000000e+00,1.000000000000000000e+00
1.000000000000000000e+00,9.973319826151022527e-01,9.999474287033081055e-01,1.000000000000000000e+00,1.000000000000000000e+00
0.000000000000000000e+00,3.227716108791419680e-01,3.922968730330467224e-02,0.000000000000000000e+00,0.000000000000000000e+00
0.000000000000000000e+00,3.105550952438891534e-03,2.873574849218130112e-04,0.000000000000000000e+00,0.000000000000000000e+00
0.000000000000000000e+00,1.226046088553269311e-02,4.839906003326177597e-03,0.000000000000000000e+00,0.000000000000000000e+00
1.000000000000000000e+00,9.913277405136670106e-01,9.994570612907409668e-01,1.000000000000000000e+00,1.000000000000000000e+00
0.000000000000000000e+00,4.420825888038731888e-02,8.977029472589492798e-03,0.000000000000000000e+00,0.000000000000000000e+00
0.000000000000000000e+00,1.209109666286416760e-03,1.682346774032339454e-04,0.000000000000000000e+00,0.000000000000000000e+00
1.000000000000000000e+00,9.949569023845165061e-01,9.998533725738525391e-01,1.000000000000000000e+00,1.000000000000000000e+00
0.000000000000000000e+00,8.157240445105998217e-02,6.942460685968399048e-02,0.000000000000000000e+00,0.000000000000000000e+00
0.000000000000000000e+00,1.804901108909829147e-02,1.210557878948748112e-03,0.000000000000000000e+00,0.000000000000000000e+00
0.000000000000000000e+00,1.070822465239862492e-01,4.482307936996221542e-03,0.000000000000000000e+00,0.000000000000000000e+00
0.000000000000000000e+00,4.385973791342884232e-02,5.237651243805885315e-02,0.000000000000000000e+00,0.000000000000000000e+00
1.000000000000000000e+00,9.955141836850919246e-01,9.999161958694458008e-01,1.000000000000000000e+00,1.000000000000000000e+00
1.000000000000000000e+00,9.275034501071967030e-01,9.930775165557861328e-01,1.000000000000000000e+00,1.000000000000000000e+00
1.000000000000000000e+00,9.910452038890760207e-01,9.998791217803955078e-01,1.000000000000000000e+00,1.000000000000000000e+00
0.000000000000000000e+00,1.455944549403570890e-02,2.216027118265628815e-03,0.000000000000000000e+00,0.000000000000000000e+00
0.000000000000000000e+00,2.275521286083283801e-01,1.692700833082199097e-01,0.000000000000000000e+00,0.000000000000000000e+00
1.000000000000000000e+00,9.904414958847741479e-01,9.996868371963500977e-01,1.000000000000000000e+00,1.000000000000000000e+00
1.000000000000000000e+00,9.944203275541718678e-01,9.992589354515075684e-01,1.000000000000000000e+00,1.000000000000000000e+00
0.000000000000000000e+00,1.012984638736667917e-03,2.379229699727147818e-04,0.000000000000000000e+00,0.000000000000000000e+00
0.000000000000000000e+00,1.374122004136716507e-02,2.023688750341534615e-03,0.000000000000000000e+00,0.000000000000000000e+00
1.000000000000000000e+00,9.925908319486577147e-01,9.992911815643310547e-01,1.000000000000000000e+00,1.000000000000000000e+00
1.000000000000000000e+00,9.910217704910954106e-01,9.959778189659118652e-01,1.000000000000000000e+00,1.000000000000000000e+00
1.000000000000000000e+00,9.962704581388265312e-01,9.996896982192993164e-01,1.000000000000000000e+00,1.000000000000000000e+00
1.000000000000000000e+00,9.935086181624970258e-01,9.999030828475952148e-01,1.000000000000000000e+00,1.000000000000000000e+00
0.000000000000000000e+00,1.092001210568322445e-01,2.460154518485069275e-02,0.000000000000000000e+00,0.000000000000000000e+00
1.000000000000000000e+00,9.008441931215019002e-03,1.524548279121518135e-03,0.000000000000000000e+00,0.000000000000000000e+00
0.000000000000000000e+00,1.645394742927467138e-02,7.316434755921363831e-03,0.000000000000000000e+00,0.000000000000000000e+00
1.000000000000000000e+00,9.332590763401567013e-01,9.428468346595764160e-01,1.000000000000000000e+00,1.000000000000000000e+00
1.000000000000000000e+00,9.864471322944352583e-01,9.977345466613769531e-01,1.000000000000000000e+00,1.000000000000000000e+00
0.000000000000000000e+00,6.414786929082764511e-04,4.929583883495070040e-05,0.000000000000000000e+00,0.000000000000000000e+00
1.000000000000000000e+00,9.907578110891758216e-01,9.986360669136047363e-01,1.000000000000000000e+00,1.000000000000000000e+00
1.000000000000000000e+00,7.780939267898275835e-01,9.790149331092834473e-01,1.000000000000000000e+00,1.000000000000000000e+00
0.000000000000000000e+00,1.805904019944634675e-02,1.450751349329948425e-02,0.000000000000000000e+00,0.000000000000000000e+00
0.000000000000000000e+00,5.442515826945047014e-02,1.152640022337436676e-02,0.000000000000000000e+00,0.000000000000000000e+00
1.000000000000000000e+00,9.864331411841391617e-01,9.997017979621887207e-01,1.000000000000000000e+00,1.000000000000000000e+00
0.000000000000000000e+00,4.462510031442333373e-03,1.043932861648499966e-03,0.000000000000000000e+00,0.000000000000000000e+00
0.000000000000000000e+00,1.087317491483609858e-02,2.658015117049217224e-03,0.000000000000000000e+00,0.000000000000000000e+00
0.000000000000000000e+00,7.708059858984537540e-04,4.685196327045559883e-04,0.000000000000000000e+00,0.000000000000000000e+00
0.000000000000000000e+00,5.826762861897582038e-03,9.807676542550325394e-05,0.000000000000000000e+00,0.000000000000000000e+00
0.000000000000000000e+00,5.153740852131855760e-02,5.074841901659965515e-02,0.000000000000000000e+00,0.000000000000000000e+00
0.000000000000000000e+00,3.061705389903215946e-02,2.506808005273342133e-02,0.000000000000000000e+00,0.000000000000000000e+00
1.000000000000000000e+00,9.968822807047442724e-01,9.999732971191406250e-01,1.000000000000000000e+00,1.000000000000000000e+00
0.000000000000000000e+00,2.597697718024397258e-03,3.059827722609043121e-04,0.000000000000000000e+00,0.000000000000000000e+00
0.000000000000000000e+00,4.083645158628590455e-02,8.227163925766944885e-03,0.000000000000000000e+00,0.000000000000000000e+00
1.000000000000000000e+00,9.957757605376401644e-01,9.985923171043395996e-01,1.000000000000000000e+00,1.000000000000000000e+00
1.000000000000000000e+00,9.928963671318248307e-01,9.991416931152343750e-01,1.000000000000000000e+00,1.000000000000000000e+00
1.000000000000000000e+00,4.631339290858768609e-01,4.350374639034271240e-01,0.000000000000000000e+00,0.000000000000000000e+00
1.000000000000000000e+00,9.982430313368242381e-01,9.998321533203125000e-01,1.000000000000000000e+00,1.000000000000000000e+00
1.000000000000000000e+00,8.102494491642342478e-01,9.535715579986572266e-01,1.000000000000000000e+00,1.000000000000000000e+00
0.000000000000000000e+00,1.544111693600968838e-01,2.385895699262619019e-03,0.000000000000000000e+00,0.000000000000000000e+00
0.000000000000000000e+00,2.979647992051915120e-02,2.397416159510612488e-02,0.000000000000000000e+00,0.000000000000000000e+00
1.000000000000000000e+00,9.979035896161048136e-01,9.997872710227966309e-01,1.000000000000000000e+00,1.000000000000000000e+00
1.000000000000000000e+00,8.424009611388976193e-01,9.066081047058105469e-01,1.000000000000000000e+00,1.000000000000000000e+00
1.000000000000000000e+00,7.229317806240114219e-01,9.054572582244873047e-01,1.000000000000000000e+00,1.000000000000000000e+00
1.000000000000000000e+00,9.552586012922392733e-01,8.683444857597351074e-01,1.000000000000000000e+00,1.000000000000000000e+00
0.000000000000000000e+00,3.280466253158244912e-03,7.785952766425907612e-05,0.000000000000000000e+00,0.000000000000000000e+00
0.000000000000000000e+00,1.565942054927747448e-02,1.407653326168656349e-03,0.000000000000000000e+00,0.000000000000000000e+00
1.000000000000000000e+00,9.852343084095099845e-01,9.973002076148986816e-01,1.000000000000000000e+00,1.000000000000000000e+00
1.000000000000000000e+00,1.266032725191277436e-02,3.569679101929068565e-04,0.000000000000000000e+00,0.000000000000000000e+00
1.000000000000000000e+00,9.961479678431566231e-01,9.997037053108215332e-01,1.000000000000000000e+00,1.000000000000000000e+00
0.000000000000000000e+00,7.712129067380189829e-03,1.573255285620689392e-03,0.000000000000000000e+00,0.000000000000000000e+00
0.000000000000000000e+00,9.169282267034975509e-02,6.663409061729907990e-03,0.000000000000000000e+00,0.000000000000000000e+00
0.000000000000000000e+00,1.153966869579157450e-01,3.306713700294494629e-02,0.000000000000000000e+00,0.000000000000000000e+00
1.000000000000000000e+00,5.997731618907120588e-01,5.077258944511413574e-01,1.000000000000000000e+00,1.000000000000000000e+00
0.000000000000000000e+00,1.621779567817522028e-01,3.357391431927680969e-02,0.000000000000000000e+00,0.000000000000000000e+00
1.000000000000000000e+00,9.728302850705294880e-01,9.308581352233886719e-01,1.000000000000000000e+00,1.000000000000000000e+00
0.000000000000000000e+00,2.708413016306509546e-01,3.637191057205200195e-01,0.000000000000000000e+00,0.000000000000000000e+00
1.000000000000000000e+00,9.925146898870811363e-01,9.995887875556945801e-01,1.000000000000000000e+00,1.000000000000000000e+00
1.000000000000000000e+00,9.974556694620754227e-01,9.995381832122802734e-01,1.000000000000000000e+00,1.000000000000000000e+00
1.000000000000000000e+00,9.968221230547614775e-01,9.996503591537475586e-01,1.000000000000000000e+00,1.000000000000000000e+00
1.000000000000000000e+00,9.974416009402686800e-01,9.998624324798583984e-01,1.000000000000000000e+00,1.000000000000000000e+00
0.000000000000000000e+00,9.924881655293427141e-03,3.941030881833285093e-04,0.000000000000000000e+00,0.000000000000000000e+00
0.000000000000000000e+00,4.934493794692689228e-01,5.469277501106262207e-01,0.000000000000000000e+00,1.000000000000000000e+00
1.000000000000000000e+00,9.967887647186058908e-01,9.998275041580200195e-01,1.000000000000000000e+00,1.000000000000000000e+00
0.000000000000000000e+00,1.805727923110173050e-02,3.912691492587327957e-03,0.000000000000000000e+00,0.000000000000000000e+00
